case,ordinal,address,element_size,alignment,offset,extent,column_capacity,mod64,mod4096,mod65536,next_stride,next_gap,field_path
1,0,6077379444736,8,64,0,524288,65536,0,0,0,524288,0,positions0.xs
1,1,6077379969024,8,64,524288,524288,65536,0,0,0,524288,0,positions0.ys
1,2,6077380493312,8,64,1048576,524288,65536,0,0,0,524288,0,positions0.zs
1,3,6077381017600,8,64,1572864,524288,65536,0,0,0,524288,0,velocities0.xs
1,4,6077381541888,8,64,2097152,524288,65536,0,0,0,524288,0,velocities0.ys
1,5,6077382066176,8,64,2621440,524288,65536,0,0,0,524288,0,velocities0.zs
1,6,6077382590464,8,64,3145728,524288,65536,0,0,0,524288,0,positions1.xs
1,7,6077383114752,8,64,3670016,524288,65536,0,0,0,524288,0,positions1.ys
1,8,6077383639040,8,64,4194304,524288,65536,0,0,0,524288,0,positions1.zs
1,9,6077384163328,8,64,4718592,524288,65536,0,0,0,524288,0,velocities1.xs
1,10,6077384687616,8,64,5242880,524288,65536,0,0,0,524288,0,velocities1.ys
1,11,6077385211904,8,64,5767168,524288,65536,0,0,0,524288,0,velocities1.zs
1,12,6077385736192,8,64,6291456,524288,65536,0,0,0,524288,0,positions2.xs
1,13,6077386260480,8,64,6815744,524288,65536,0,0,0,524288,0,positions2.ys
1,14,6077386784768,8,64,7340032,524288,65536,0,0,0,524288,0,positions2.zs
1,15,6077387309056,8,64,7864320,524288,65536,0,0,0,524288,0,velocities2.xs
1,16,6077387833344,8,64,8388608,524288,65536,0,0,0,524288,0,velocities2.ys
1,17,6077388357632,8,64,8912896,524288,65536,0,0,0,524288,0,velocities2.zs
1,18,6077388881920,8,64,9437184,524288,65536,0,0,0,524288,0,positions3.xs
1,19,6077389406208,8,64,9961472,524288,65536,0,0,0,524288,0,positions3.ys
1,20,6077389930496,8,64,10485760,524288,65536,0,0,0,524288,0,positions3.zs
1,21,6077390454784,8,64,11010048,524288,65536,0,0,0,524288,0,velocities3.xs
1,22,6077390979072,8,64,11534336,524288,65536,0,0,0,524288,0,velocities3.ys
1,23,6077391503360,8,64,12058624,524288,65536,0,0,0,,,velocities3.zs
2,0,2443568676864,8,64,0,524288,65536,0,0,0,524480,192,positions0.xs
2,1,2443569201344,8,64,524480,524288,65536,0,192,192,524480,192,positions0.ys
2,2,2443569725824,8,64,1048960,524288,65536,0,384,384,524480,192,positions0.zs
2,3,2443570250304,8,64,1573440,524288,65536,0,576,576,524480,192,velocities0.xs
2,4,2443570774784,8,64,2097920,524288,65536,0,768,768,524480,192,velocities0.ys
2,5,2443571299264,8,64,2622400,524288,65536,0,960,960,524480,192,velocities0.zs
2,6,2443571823744,8,64,3146880,524288,65536,0,1152,1152,524480,192,positions1.xs
2,7,2443572348224,8,64,3671360,524288,65536,0,1344,1344,524480,192,positions1.ys
2,8,2443572872704,8,64,4195840,524288,65536,0,1536,1536,524480,192,positions1.zs
2,9,2443573397184,8,64,4720320,524288,65536,0,1728,1728,524480,192,velocities1.xs
2,10,2443573921664,8,64,5244800,524288,65536,0,1920,1920,524480,192,velocities1.ys
2,11,2443574446144,8,64,5769280,524288,65536,0,2112,2112,524480,192,velocities1.zs
2,12,2443574970624,8,64,6293760,524288,65536,0,2304,2304,524480,192,positions2.xs
2,13,2443575495104,8,64,6818240,524288,65536,0,2496,2496,524480,192,positions2.ys
2,14,2443576019584,8,64,7342720,524288,65536,0,2688,2688,524480,192,positions2.zs
2,15,2443576544064,8,64,7867200,524288,65536,0,2880,2880,524480,192,velocities2.xs
2,16,2443577068544,8,64,8391680,524288,65536,0,3072,3072,524480,192,velocities2.ys
2,17,2443577593024,8,64,8916160,524288,65536,0,3264,3264,524480,192,velocities2.zs
2,18,2443578117504,8,64,9440640,524288,65536,0,3456,3456,524480,192,positions3.xs
2,19,2443578641984,8,64,9965120,524288,65536,0,3648,3648,524480,192,positions3.ys
2,20,2443579166464,8,64,10489600,524288,65536,0,3840,3840,524480,192,positions3.zs
2,21,2443579690944,8,64,11014080,524288,65536,0,4032,4032,524480,192,velocities3.xs
2,22,2443580215424,8,64,11538560,524288,65536,0,128,4224,524480,192,velocities3.ys
2,23,2443580739904,8,64,12063040,524288,65536,0,320,4416,,,velocities3.zs
3,0,3615557877760,8,64,0,1048576,131072,0,0,0,1048640,64,positions0.xs
3,1,3615558926400,8,64,1048640,1048576,131072,0,64,64,1048640,64,positions0.ys
3,2,3615559975040,8,64,2097280,1048576,131072,0,128,128,1048640,64,positions0.zs
3,3,3615561023680,8,64,3145920,1048576,131072,0,192,192,1048640,64,velocities0.xs
3,4,3615562072320,8,64,4194560,1048576,131072,0,256,256,1048640,64,velocities0.ys
3,5,3615563120960,8,64,5243200,1048576,131072,0,320,320,1048640,64,velocities0.zs
3,6,3615564169600,8,64,6291840,1048576,131072,0,384,384,1048640,64,positions1.xs
3,7,3615565218240,8,64,7340480,1048576,131072,0,448,448,1048640,64,positions1.ys
3,8,3615566266880,8,64,8389120,1048576,131072,0,512,512,1048640,64,positions1.zs
3,9,3615567315520,8,64,9437760,1048576,131072,0,576,576,1048640,64,velocities1.xs
3,10,3615568364160,8,64,10486400,1048576,131072,0,640,640,1048640,64,velocities1.ys
3,11,3615569412800,8,64,11535040,1048576,131072,0,704,704,1048640,64,velocities1.zs
3,12,3615570461440,8,64,12583680,1048576,131072,0,768,768,1048640,64,positions2.xs
3,13,3615571510080,8,64,13632320,1048576,131072,0,832,832,1048640,64,positions2.ys
3,14,3615572558720,8,64,14680960,1048576,131072,0,896,896,1048640,64,positions2.zs
3,15,3615573607360,8,64,15729600,1048576,131072,0,960,960,1048640,64,velocities2.xs
3,16,3615574656000,8,64,16778240,1048576,131072,0,1024,1024,1048640,64,velocities2.ys
3,17,3615575704640,8,64,17826880,1048576,131072,0,1088,1088,1048640,64,velocities2.zs
3,18,3615576753280,8,64,18875520,1048576,131072,0,1152,1152,1048640,64,positions3.xs
3,19,3615577801920,8,64,19924160,1048576,131072,0,1216,1216,1048640,64,positions3.ys
3,20,3615578850560,8,64,20972800,1048576,131072,0,1280,1280,1048640,64,positions3.zs
3,21,3615579899200,8,64,22021440,1048576,131072,0,1344,1344,1048640,64,velocities3.xs
3,22,3615580947840,8,64,23070080,1048576,131072,0,1408,1408,1048640,64,velocities3.ys
3,23,3615581996480,8,64,24118720,1048576,131072,0,1472,1472,,,velocities3.zs
4,0,6382858993664,8,64,0,800256,100032,0,0,0,800320,64,entity_handles
4,1,6382859793984,4,64,800320,400128,100032,0,1600,13888,400192,64,integral_biases
4,2,6382860194176,4,64,1200512,400128,100032,0,384,20864,400192,64,float_biases
4,3,6382860594368,1,64,1600704,100032,100032,0,3264,27840,100096,64,tasks
4,4,6382860694464,4,64,1700800,400128,100032,0,960,62400,400192,64,locations.xs
4,5,6382861094656,4,64,2100992,400128,100032,0,3840,3840,400192,64,locations.ys
4,6,6382861494848,4,64,2501184,400128,100032,0,2624,10816,400192,64,locations.zs
4,7,6382861895040,4,64,2901376,400128,100032,0,1408,17792,400192,64,desired_move_locations.xs
4,8,6382862295232,4,64,3301568,400128,100032,0,192,24768,400192,64,desired_move_locations.ys
4,9,6382862695424,4,64,3701760,400128,100032,0,3072,31744,400192,64,desired_move_locations.zs
4,10,6382863095616,4,64,4101952,400128,100032,0,1856,38720,400192,64,aim_directions.xs
4,11,6382863495808,4,64,4502144,400128,100032,0,640,45696,400192,64,aim_directions.ys
4,12,6382863896000,4,64,4902336,400128,100032,0,3520,52672,400192,64,aim_directions.zs
4,13,6382864296192,4,64,5302528,400128,100032,0,2304,59648,400192,64,desired_aiming_directions.xs
4,14,6382864696384,4,64,5702720,400128,100032,0,1088,1088,400192,64,desired_aiming_directions.ys
4,15,6382865096576,4,64,6102912,400128,100032,0,3968,8064,400192,64,desired_aiming_directions.zs
4,16,6382865496768,4,64,6503104,400128,100032,0,2752,15040,400192,64,movement_directions.xs
4,17,6382865896960,4,64,6903296,400128,100032,0,1536,22016,400192,64,movement_directions.ys
4,18,6382866297152,4,64,7303488,400128,100032,0,320,28992,400192,64,movement_directions.zs
4,19,6382866697344,4,64,7703680,400128,100032,0,3200,35968,400192,64,velocities.xs
4,20,6382867097536,4,64,8103872,400128,100032,0,1984,42944,400192,64,velocities.ys
4,21,6382867497728,4,64,8504064,400128,100032,0,768,49920,400192,64,velocities.zs
4,22,6382867897920,4,64,8904256,400128,100032,0,3648,56896,400192,64,move_distances
4,23,6382868298112,4,64,9304448,400128,100032,0,2432,63872,400192,64,speeds
4,24,6382868698304,1,64,9704640,100032,100032,0,1216,5312,100096,64,teams
4,25,6382868798400,4,64,9804736,400128,100032,0,3008,39872,400192,64,healths
4,26,6382869198592,8,64,10204928,800256,100032,0,1792,46848,800320,64,parent_handles
4,27,6382869998912,1,64,11005248,100032,100032,0,3392,60736,100096,64,awareness_scan_countdowns.counters
4,28,6382870099008,2,64,11105344,200064,100032,0,1088,29760,200128,64,navigation_update_countdowns.remaining_ticks
4,29,6382870299136,2,64,11305472,200064,100032,0,512,33280,200128,64,navigation_update_countdowns.periods
4,30,6382870499264,4,64,11505600,400128,100032,0,4032,36800,400192,64,separation_steering.xs
4,31,6382870899456,4,64,11905792,400128,100032,0,2816,43776,400192,64,separation_steering.ys
4,32,6382871299648,4,64,12305984,400128,100032,0,1600,50752,400192,64,separation_steering.zs
4,33,6382871699840,1,64,12706176,100032,100032,0,384,57728,100096,64,navigation_risk_tiers
4,34,6382871799936,1,64,12806272,100032,100032,0,2176,26752,100096,64,navigation_lower_risk_scan_counts
4,35,6382871900032,1,64,12906368,100032,100032,0,3968,61312,100096,64,avoidance_choice_indices
4,36,6382872000128,1,64,13006464,100032,100032,0,1664,30336,100096,64,avoidance_clear_scan_counts
4,37,6382872100224,2,64,13106560,200064,100032,0,3456,64896,200128,64,attack_reposition_countdowns.counters
4,38,6382872300352,2,64,13306688,200064,100032,0,2880,2880,200128,64,attack_cooldowns.counters
4,39,6382872500480,8,64,13506816,800256,100032,0,2304,6400,800320,64,target_handles
4,40,6382873300800,4,64,14307136,400128,100032,0,3904,20288,400192,64,target_locations.xs
4,41,6382873700992,4,64,14707328,400128,100032,0,2688,27264,400192,64,target_locations.ys
4,42,6382874101184,4,64,15107520,400128,100032,0,1472,34240,400192,64,target_locations.zs
4,43,6382874501376,4,64,15507712,400128,100032,0,256,41216,400192,64,target_velocities.xs
4,44,6382874901568,4,64,15907904,400128,100032,0,3136,48192,400192,64,target_velocities.ys
4,45,6382875301760,4,64,16308096,400128,100032,0,1920,55168,400192,64,target_velocities.zs
4,46,6382875701952,4,64,16708288,400128,100032,0,704,62144,400192,64,target_directions.xs
4,47,6382876102144,4,64,17108480,400128,100032,0,3584,3584,400192,64,target_directions.ys
4,48,6382876502336,4,64,17508672,400128,100032,0,2368,10560,400192,64,target_directions.zs
4,49,6382876902528,4,64,17908864,400128,100032,0,1152,17536,400192,64,intercept_times
4,50,6382877302720,4,64,18309056,400128,100032,0,4032,24512,400192,64,target_distance_sq
4,51,6382877702912,4,64,18709248,400128,100032,0,2816,31488,400192,64,target_distances
4,52,6382878103104,4,64,19109440,400128,100032,0,1600,38464,,,target_radii
5,0,6151736066048,8,64,0,1048576,131072,0,0,0,1048640,64,positions0.xs
5,1,6151737114688,8,64,1048640,1048576,131072,0,64,64,1048640,64,positions0.ys
5,2,6151738163328,8,64,2097280,1048576,131072,0,128,128,1048640,64,positions0.zs
5,3,6151739211968,8,64,3145920,1048576,131072,0,192,192,1048640,64,velocities0.xs
5,4,6151740260608,8,64,4194560,1048576,131072,0,256,256,1048640,64,velocities0.ys
5,5,6151741309248,8,64,5243200,1048576,131072,0,320,320,1048640,64,velocities0.zs
5,6,6151742357888,8,64,6291840,1048576,131072,0,384,384,1048640,64,positions1.xs
5,7,6151743406528,8,64,7340480,1048576,131072,0,448,448,1048640,64,positions1.ys
5,8,6151744455168,8,64,8389120,1048576,131072,0,512,512,1048640,64,positions1.zs
5,9,6151745503808,8,64,9437760,1048576,131072,0,576,576,1048640,64,velocities1.xs
5,10,6151746552448,8,64,10486400,1048576,131072,0,640,640,1048640,64,velocities1.ys
5,11,6151747601088,8,64,11535040,1048576,131072,0,704,704,1048640,64,velocities1.zs
5,12,6151748649728,8,64,12583680,1048576,131072,0,768,768,1048640,64,positions2.xs
5,13,6151749698368,8,64,13632320,1048576,131072,0,832,832,1048640,64,positions2.ys
5,14,6151750747008,8,64,14680960,1048576,131072,0,896,896,1048640,64,positions2.zs
5,15,6151751795648,8,64,15729600,1048576,131072,0,960,960,1048640,64,velocities2.xs
5,16,6151752844288,8,64,16778240,1048576,131072,0,1024,1024,1048640,64,velocities2.ys
5,17,6151753892928,8,64,17826880,1048576,131072,0,1088,1088,1048640,64,velocities2.zs
5,18,6151754941568,8,64,18875520,1048576,131072,0,1152,1152,1048640,64,positions3.xs
5,19,6151755990208,8,64,19924160,1048576,131072,0,1216,1216,1048640,64,positions3.ys
5,20,6151757038848,8,64,20972800,1048576,131072,0,1280,1280,1048640,64,positions3.zs
5,21,6151758087488,8,64,22021440,1048576,131072,0,1344,1344,1048640,64,velocities3.xs
5,22,6151759136128,8,64,23070080,1048576,131072,0,1408,1408,1048640,64,velocities3.ys
5,23,6151760184768,8,64,24118720,1048576,131072,0,1472,1472,,,velocities3.zs
6,0,2290292031488,8,64,0,600064,75008,0,0,0,600064,0,entity_handles
6,1,2290292631552,4,64,600064,300032,75008,0,2048,10240,300032,0,integral_biases
6,2,2290292931584,4,64,900096,300032,75008,0,3072,48128,300032,0,float_biases
6,3,2290293231616,1,64,1200128,75008,75008,0,0,20480,75008,0,tasks
6,4,2290293306624,4,64,1275136,300032,75008,0,1280,29952,300032,0,locations.xs
6,5,2290293606656,4,64,1575168,300032,75008,0,2304,2304,300032,0,locations.ys
6,6,2290293906688,4,64,1875200,300032,75008,0,3328,40192,300032,0,locations.zs
6,7,2290294206720,4,64,2175232,300032,75008,0,256,12544,300032,0,desired_move_locations.xs
6,8,2290294506752,4,64,2475264,300032,75008,0,1280,50432,300032,0,desired_move_locations.ys
6,9,2290294806784,4,64,2775296,300032,75008,0,2304,22784,300032,0,desired_move_locations.zs
6,10,2290295106816,4,64,3075328,300032,75008,0,3328,60672,300032,0,aim_directions.xs
6,11,2290295406848,4,64,3375360,300032,75008,0,256,33024,300032,0,aim_directions.ys
6,12,2290295706880,4,64,3675392,300032,75008,0,1280,5376,300032,0,aim_directions.zs
6,13,2290296006912,4,64,3975424,300032,75008,0,2304,43264,300032,0,desired_aiming_directions.xs
6,14,2290296306944,4,64,4275456,300032,75008,0,3328,15616,300032,0,desired_aiming_directions.ys
6,15,2290296606976,4,64,4575488,300032,75008,0,256,53504,300032,0,desired_aiming_directions.zs
6,16,2290296907008,4,64,4875520,300032,75008,0,1280,25856,300032,0,movement_directions.xs
6,17,2290297207040,4,64,5175552,300032,75008,0,2304,63744,300032,0,movement_directions.ys
6,18,2290297507072,4,64,5475584,300032,75008,0,3328,36096,300032,0,movement_directions.zs
6,19,2290297807104,4,64,5775616,300032,75008,0,256,8448,300032,0,velocities.xs
6,20,2290298107136,4,64,6075648,300032,75008,0,1280,46336,300032,0,velocities.ys
6,21,2290298407168,4,64,6375680,300032,75008,0,2304,18688,300032,0,velocities.zs
6,22,2290298707200,4,64,6675712,300032,75008,0,3328,56576,300032,0,move_distances
6,23,2290299007232,4,64,6975744,300032,75008,0,256,28928,300032,0,speeds
6,24,2290299307264,1,64,7275776,75008,75008,0,1280,1280,75008,0,teams
6,25,2290299382272,4,64,7350784,300032,75008,0,2560,10752,300032,0,healths
6,26,2290299682304,8,64,7650816,600064,75008,0,3584,48640,600064,0,parent_handles
6,27,2290300282368,1,64,8250880,75008,75008,0,1536,58880,75008,0,awareness_scan_countdowns.counters
6,28,2290300357376,2,64,8325888,150016,75008,0,2816,2816,150016,0,navigation_update_countdowns.remaining_ticks
6,29,2290300507392,2,64,8475904,150016,75008,0,1280,21760,150016,0,navigation_update_countdowns.periods
6,30,2290300657408,4,64,8625920,300032,75008,0,3840,40704,300032,0,separation_steering.xs
6,31,2290300957440,4,64,8925952,300032,75008,0,768,13056,300032,0,separation_steering.ys
6,32,2290301257472,4,64,9225984,300032,75008,0,1792,50944,300032,0,separation_steering.zs
6,33,2290301557504,1,64,9526016,75008,75008,0,2816,23296,75008,0,navigation_risk_tiers
6,34,2290301632512,1,64,9601024,75008,75008,0,0,32768,75008,0,navigation_lower_risk_scan_counts
6,35,2290301707520,1,64,9676032,75008,75008,0,1280,42240,75008,0,avoidance_choice_indices
6,36,2290301782528,1,64,9751040,75008,75008,0,2560,51712,75008,0,avoidance_clear_scan_counts
6,37,2290301857536,2,64,9826048,150016,75008,0,3840,61184,150016,0,attack_reposition_countdowns.counters
6,38,2290302007552,2,64,9976064,150016,75008,0,2304,14592,150016,0,attack_cooldowns.counters
6,39,2290302157568,8,64,10126080,600064,75008,0,768,33536,600064,0,target_handles
6,40,2290302757632,4,64,10726144,300032,75008,0,2816,43776,300032,0,target_locations.xs
6,41,2290303057664,4,64,11026176,300032,75008,0,3840,16128,300032,0,target_locations.ys
6,42,2290303357696,4,64,11326208,300032,75008,0,768,54016,300032,0,target_locations.zs
6,43,2290303657728,4,64,11626240,300032,75008,0,1792,26368,300032,0,target_velocities.xs
6,44,2290303957760,4,64,11926272,300032,75008,0,2816,64256,300032,0,target_velocities.ys
6,45,2290304257792,4,64,12226304,300032,75008,0,3840,36608,300032,0,target_velocities.zs
6,46,2290304557824,4,64,12526336,300032,75008,0,768,8960,300032,0,target_directions.xs
6,47,2290304857856,4,64,12826368,300032,75008,0,1792,46848,300032,0,target_directions.ys
6,48,2290305157888,4,64,13126400,300032,75008,0,2816,19200,300032,0,target_directions.zs
6,49,2290305457920,4,64,13426432,300032,75008,0,3840,57088,300032,0,intercept_times
6,50,2290305757952,4,64,13726464,300032,75008,0,768,29440,300032,0,target_distance_sq
6,51,2290306057984,4,64,14026496,300032,75008,0,1792,1792,300032,0,target_distances
6,52,2290306358016,4,64,14326528,300032,75008,0,2816,39680,,,target_radii
7,0,4605816274944,8,64,0,524288,65536,0,0,0,524352,64,positions0.xs
7,1,4605816799296,8,64,524352,524288,65536,0,64,64,524352,64,positions0.ys
7,2,4605817323648,8,64,1048704,524288,65536,0,128,128,524352,64,positions0.zs
7,3,4605817848000,8,64,1573056,524288,65536,0,192,192,524352,64,velocities0.xs
7,4,4605818372352,8,64,2097408,524288,65536,0,256,256,524352,64,velocities0.ys
7,5,4605818896704,8,64,2621760,524288,65536,0,320,320,524352,64,velocities0.zs
7,6,4605819421056,8,64,3146112,524288,65536,0,384,384,524352,64,positions1.xs
7,7,4605819945408,8,64,3670464,524288,65536,0,448,448,524352,64,positions1.ys
7,8,4605820469760,8,64,4194816,524288,65536,0,512,512,524352,64,positions1.zs
7,9,4605820994112,8,64,4719168,524288,65536,0,576,576,524352,64,velocities1.xs
7,10,4605821518464,8,64,5243520,524288,65536,0,640,640,524352,64,velocities1.ys
7,11,4605822042816,8,64,5767872,524288,65536,0,704,704,524352,64,velocities1.zs
7,12,4605822567168,8,64,6292224,524288,65536,0,768,768,524352,64,positions2.xs
7,13,4605823091520,8,64,6816576,524288,65536,0,832,832,524352,64,positions2.ys
7,14,4605823615872,8,64,7340928,524288,65536,0,896,896,524352,64,positions2.zs
7,15,4605824140224,8,64,7865280,524288,65536,0,960,960,524352,64,velocities2.xs
7,16,4605824664576,8,64,8389632,524288,65536,0,1024,1024,524352,64,velocities2.ys
7,17,4605825188928,8,64,8913984,524288,65536,0,1088,1088,524352,64,velocities2.zs
7,18,4605825713280,8,64,9438336,524288,65536,0,1152,1152,524352,64,positions3.xs
7,19,4605826237632,8,64,9962688,524288,65536,0,1216,1216,524352,64,positions3.ys
7,20,4605826761984,8,64,10487040,524288,65536,0,1280,1280,524352,64,positions3.zs
7,21,4605827286336,8,64,11011392,524288,65536,0,1344,1344,524352,64,velocities3.xs
7,22,4605827810688,8,64,11535744,524288,65536,0,1408,1408,524352,64,velocities3.ys
7,23,4605828335040,8,64,12060096,524288,65536,0,1472,1472,,,velocities3.zs
8,0,4948339916800,8,64,0,800256,100032,0,0,0,800320,64,entity_handles
8,1,4948340717120,4,64,800320,400128,100032,0,1600,13888,400192,64,integral_biases
8,2,4948341117312,4,64,1200512,400128,100032,0,384,20864,400192,64,float_biases
8,3,4948341517504,1,64,1600704,100032,100032,0,3264,27840,100096,64,tasks
8,4,4948341617600,4,64,1700800,400128,100032,0,960,62400,400192,64,locations.xs
8,5,4948342017792,4,64,2100992,400128,100032,0,3840,3840,400192,64,locations.ys
8,6,4948342417984,4,64,2501184,400128,100032,0,2624,10816,400192,64,locations.zs
8,7,4948342818176,4,64,2901376,400128,100032,0,1408,17792,400192,64,desired_move_locations.xs
8,8,4948343218368,4,64,3301568,400128,100032,0,192,24768,400192,64,desired_move_locations.ys
8,9,4948343618560,4,64,3701760,400128,100032,0,3072,31744,400192,64,desired_move_locations.zs
8,10,4948344018752,4,64,4101952,400128,100032,0,1856,38720,400192,64,aim_directions.xs
8,11,4948344418944,4,64,4502144,400128,100032,0,640,45696,400192,64,aim_directions.ys
8,12,4948344819136,4,64,4902336,400128,100032,0,3520,52672,400192,64,aim_directions.zs
8,13,4948345219328,4,64,5302528,400128,100032,0,2304,59648,400192,64,desired_aiming_directions.xs
8,14,4948345619520,4,64,5702720,400128,100032,0,1088,1088,400192,64,desired_aiming_directions.ys
8,15,4948346019712,4,64,6102912,400128,100032,0,3968,8064,400192,64,desired_aiming_directions.zs
8,16,4948346419904,4,64,6503104,400128,100032,0,2752,15040,400192,64,movement_directions.xs
8,17,4948346820096,4,64,6903296,400128,100032,0,1536,22016,400192,64,movement_directions.ys
8,18,4948347220288,4,64,7303488,400128,100032,0,320,28992,400192,64,movement_directions.zs
8,19,4948347620480,4,64,7703680,400128,100032,0,3200,35968,400192,64,velocities.xs
8,20,4948348020672,4,64,8103872,400128,100032,0,1984,42944,400192,64,velocities.ys
8,21,4948348420864,4,64,8504064,400128,100032,0,768,49920,400192,64,velocities.zs
8,22,4948348821056,4,64,8904256,400128,100032,0,3648,56896,400192,64,move_distances
8,23,4948349221248,4,64,9304448,400128,100032,0,2432,63872,400192,64,speeds
8,24,4948349621440,1,64,9704640,100032,100032,0,1216,5312,100096,64,teams
8,25,4948349721536,4,64,9804736,400128,100032,0,3008,39872,400192,64,healths
8,26,4948350121728,8,64,10204928,800256,100032,0,1792,46848,800320,64,parent_handles
8,27,4948350922048,1,64,11005248,100032,100032,0,3392,60736,100096,64,awareness_scan_countdowns.counters
8,28,4948351022144,2,64,11105344,200064,100032,0,1088,29760,200128,64,navigation_update_countdowns.remaining_ticks
8,29,4948351222272,2,64,11305472,200064,100032,0,512,33280,200128,64,navigation_update_countdowns.periods
8,30,4948351422400,4,64,11505600,400128,100032,0,4032,36800,400192,64,separation_steering.xs
8,31,4948351822592,4,64,11905792,400128,100032,0,2816,43776,400192,64,separation_steering.ys
8,32,4948352222784,4,64,12305984,400128,100032,0,1600,50752,400192,64,separation_steering.zs
8,33,4948352622976,1,64,12706176,100032,100032,0,384,57728,100096,64,navigation_risk_tiers
8,34,4948352723072,1,64,12806272,100032,100032,0,2176,26752,100096,64,navigation_lower_risk_scan_counts
8,35,4948352823168,1,64,12906368,100032,100032,0,3968,61312,100096,64,avoidance_choice_indices
8,36,4948352923264,1,64,13006464,100032,100032,0,1664,30336,100096,64,avoidance_clear_scan_counts
8,37,4948353023360,2,64,13106560,200064,100032,0,3456,64896,200128,64,attack_reposition_countdowns.counters
8,38,4948353223488,2,64,13306688,200064,100032,0,2880,2880,200128,64,attack_cooldowns.counters
8,39,4948353423616,8,64,13506816,800256,100032,0,2304,6400,800320,64,target_handles
8,40,4948354223936,4,64,14307136,400128,100032,0,3904,20288,400192,64,target_locations.xs
8,41,4948354624128,4,64,14707328,400128,100032,0,2688,27264,400192,64,target_locations.ys
8,42,4948355024320,4,64,15107520,400128,100032,0,1472,34240,400192,64,target_locations.zs
8,43,4948355424512,4,64,15507712,400128,100032,0,256,41216,400192,64,target_velocities.xs
8,44,4948355824704,4,64,15907904,400128,100032,0,3136,48192,400192,64,target_velocities.ys
8,45,4948356224896,4,64,16308096,400128,100032,0,1920,55168,400192,64,target_velocities.zs
8,46,4948356625088,4,64,16708288,400128,100032,0,704,62144,400192,64,target_directions.xs
8,47,4948357025280,4,64,17108480,400128,100032,0,3584,3584,400192,64,target_directions.ys
8,48,4948357425472,4,64,17508672,400128,100032,0,2368,10560,400192,64,target_directions.zs
8,49,4948357825664,4,64,17908864,400128,100032,0,1152,17536,400192,64,intercept_times
8,50,4948358225856,4,64,18309056,400128,100032,0,4032,24512,400192,64,target_distance_sq
8,51,4948358626048,4,64,18709248,400128,100032,0,2816,31488,400192,64,target_distances
8,52,4948359026240,4,64,19109440,400128,100032,0,1600,38464,,,target_radii
9,0,4671851397120,8,64,0,600064,75008,0,0,0,600128,64,entity_handles
9,1,4671851997248,4,64,600128,300032,75008,0,2112,10304,300096,64,integral_biases
9,2,4671852297344,4,64,900224,300032,75008,0,3200,48256,300096,64,float_biases
9,3,4671852597440,1,64,1200320,75008,75008,0,192,20672,75072,64,tasks
9,4,4671852672512,4,64,1275392,300032,75008,0,1536,30208,300096,64,locations.xs
9,5,4671852972608,4,64,1575488,300032,75008,0,2624,2624,300096,64,locations.ys
9,6,4671853272704,4,64,1875584,300032,75008,0,3712,40576,300096,64,locations.zs
9,7,4671853572800,4,64,2175680,300032,75008,0,704,12992,300096,64,desired_move_locations.xs
9,8,4671853872896,4,64,2475776,300032,75008,0,1792,50944,300096,64,desired_move_locations.ys
9,9,4671854172992,4,64,2775872,300032,75008,0,2880,23360,300096,64,desired_move_locations.zs
9,10,4671854473088,4,64,3075968,300032,75008,0,3968,61312,300096,64,aim_directions.xs
9,11,4671854773184,4,64,3376064,300032,75008,0,960,33728,300096,64,aim_directions.ys
9,12,4671855073280,4,64,3676160,300032,75008,0,2048,6144,300096,64,aim_directions.zs
9,13,4671855373376,4,64,3976256,300032,75008,0,3136,44096,300096,64,desired_aiming_directions.xs
9,14,4671855673472,4,64,4276352,300032,75008,0,128,16512,300096,64,desired_aiming_directions.ys
9,15,4671855973568,4,64,4576448,300032,75008,0,1216,54464,300096,64,desired_aiming_directions.zs
9,16,4671856273664,4,64,4876544,300032,75008,0,2304,26880,300096,64,movement_directions.xs
9,17,4671856573760,4,64,5176640,300032,75008,0,3392,64832,300096,64,movement_directions.ys
9,18,4671856873856,4,64,5476736,300032,75008,0,384,37248,300096,64,movement_directions.zs
9,19,4671857173952,4,64,5776832,300032,75008,0,1472,9664,300096,64,velocities.xs
9,20,4671857474048,4,64,6076928,300032,75008,0,2560,47616,300096,64,velocities.ys
9,21,4671857774144,4,64,6377024,300032,75008,0,3648,20032,300096,64,velocities.zs
9,22,4671858074240,4,64,6677120,300032,75008,0,640,57984,300096,64,move_distances
9,23,4671858374336,4,64,6977216,300032,75008,0,1728,30400,300096,64,speeds
9,24,4671858674432,1,64,7277312,75008,75008,0,2816,2816,75072,64,teams
9,25,4671858749504,4,64,7352384,300032,75008,0,64,12352,300096,64,healths
9,26,4671859049600,8,64,7652480,600064,75008,0,1152,50304,600128,64,parent_handles
9,27,4671859649728,1,64,8252608,75008,75008,0,3264,60608,75072,64,awareness_scan_countdowns.counters
9,28,4671859724800,2,64,8327680,150016,75008,0,512,4608,150080,64,navigation_update_countdowns.remaining_ticks
9,29,4671859874880,2,64,8477760,150016,75008,0,3136,23616,150080,64,navigation_update_countdowns.periods
9,30,4671860024960,4,64,8627840,300032,75008,0,1664,42624,300096,64,separation_steering.xs
9,31,4671860325056,4,64,8927936,300032,75008,0,2752,15040,300096,64,separation_steering.ys
9,32,4671860625152,4,64,9228032,300032,75008,0,3840,52992,300096,64,separation_steering.zs
9,33,4671860925248,1,64,9528128,75008,75008,0,832,25408,75072,64,navigation_risk_tiers
9,34,4671861000320,1,64,9603200,75008,75008,0,2176,34944,75072,64,navigation_lower_risk_scan_counts
9,35,4671861075392,1,64,9678272,75008,75008,0,3520,44480,75072,64,avoidance_choice_indices
9,36,4671861150464,1,64,9753344,75008,75008,0,768,54016,75072,64,avoidance_clear_scan_counts
9,37,4671861225536,2,64,9828416,150016,75008,0,2112,63552,150080,64,attack_reposition_countdowns.counters
9,38,4671861375616,2,64,9978496,150016,75008,0,640,17024,150080,64,attack_cooldowns.counters
9,39,4671861525696,8,64,10128576,600064,75008,0,3264,36032,600128,64,target_handles
9,40,4671862125824,4,64,10728704,300032,75008,0,1280,46336,300096,64,target_locations.xs
9,41,4671862425920,4,64,11028800,300032,75008,0,2368,18752,300096,64,target_locations.ys
9,42,4671862726016,4,64,11328896,300032,75008,0,3456,56704,300096,64,target_locations.zs
9,43,4671863026112,4,64,11628992,300032,75008,0,448,29120,300096,64,target_velocities.xs
9,44,4671863326208,4,64,11929088,300032,75008,0,1536,1536,300096,64,target_velocities.ys
9,45,4671863626304,4,64,12229184,300032,75008,0,2624,39488,300096,64,target_velocities.zs
9,46,4671863926400,4,64,12529280,300032,75008,0,3712,11904,300096,64,target_directions.xs
9,47,4671864226496,4,64,12829376,300032,75008,0,704,49856,300096,64,target_directions.ys
9,48,4671864526592,4,64,13129472,300032,75008,0,1792,22272,300096,64,target_directions.zs
9,49,4671864826688,4,64,13429568,300032,75008,0,2880,60224,300096,64,intercept_times
9,50,4671865126784,4,64,13729664,300032,75008,0,3968,32640,300096,64,target_distance_sq
9,51,4671865426880,4,64,14029760,300032,75008,0,960,5056,300096,64,target_distances
9,52,4671865726976,4,64,14329856,300032,75008,0,2048,43008,,,target_radii
10,0,4889316950016,4,64,0,524288,131072,0,0,0,524480,192,bundle0.positions
10,1,4889317474496,4,64,524480,524288,131072,0,192,192,524480,192,bundle0.velocities
10,2,4889317998976,32,64,1048960,4194304,131072,0,384,384,4194496,192,bundle0.aligned32
10,3,4889322193472,64,64,5243456,8388608,131072,0,576,576,8388800,192,bundle0.aligned64
10,4,4889330582272,256,256,13632256,33554432,131072,0,768,768,33554624,192,bundle0.aligned256
10,5,4889364136896,4,64,47186880,524288,131072,0,960,960,524480,192,bundle1.positions
10,6,4889364661376,4,64,47711360,524288,131072,0,1152,1152,524480,192,bundle1.velocities
10,7,4889365185856,32,64,48235840,4194304,131072,0,1344,1344,4194496,192,bundle1.aligned32
10,8,4889369380352,64,64,52430336,8388608,131072,0,1536,1536,8388864,256,bundle1.aligned64
10,9,4889377769216,256,256,60819200,33554432,131072,0,1792,1792,33554624,192,bundle1.aligned256
10,10,4889411323840,4,64,94373824,524288,131072,0,1984,1984,524480,192,bundle2.positions
10,11,4889411848320,4,64,94898304,524288,131072,0,2176,2176,524480,192,bundle2.velocities
10,12,4889412372800,32,64,95422784,4194304,131072,0,2368,2368,4194496,192,bundle2.aligned32
10,13,4889416567296,64,64,99617280,8388608,131072,0,2560,2560,8388864,256,bundle2.aligned64
10,14,4889424956160,256,256,108006144,33554432,131072,0,2816,2816,,,bundle2.aligned256
11,0,4215275520000,4,64,0,262144,65536,0,0,0,262336,192,bundle0.positions
11,1,4215275782336,4,64,262336,262144,65536,0,192,192,262336,192,bundle0.velocities
11,2,4215276044672,32,64,524672,2097152,65536,0,384,384,2097344,192,bundle0.aligned32
11,3,4215278142016,64,64,2622016,4194304,65536,0,576,576,4194496,192,bundle0.aligned64
11,4,4215282336512,256,256,6816512,16777216,65536,0,768,768,16777408,192,bundle0.aligned256
11,5,4215299113920,4,64,23593920,262144,65536,0,960,960,262336,192,bundle1.positions
11,6,4215299376256,4,64,23856256,262144,65536,0,1152,1152,262336,192,bundle1.velocities
11,7,4215299638592,32,64,24118592,2097152,65536,0,1344,1344,2097344,192,bundle1.aligned32
11,8,4215301735936,64,64,26215936,4194304,65536,0,1536,1536,4194560,256,bundle1.aligned64
11,9,4215305930496,256,256,30410496,16777216,65536,0,1792,1792,16777408,192,bundle1.aligned256
11,10,4215322707904,4,64,47187904,262144,65536,0,1984,1984,262336,192,bundle2.positions
11,11,4215322970240,4,64,47450240,262144,65536,0,2176,2176,262336,192,bundle2.velocities
11,12,4215323232576,32,64,47712576,2097152,65536,0,2368,2368,2097344,192,bundle2.aligned32
11,13,4215325329920,64,64,49809920,4194304,65536,0,2560,2560,4194560,256,bundle2.aligned64
11,14,4215329524480,256,256,54004480,16777216,65536,0,2816,2816,,,bundle2.aligned256
12,0,5747740704768,1,64,0,75008,75008,0,0,0,75200,192,bundle0.flags
12,1,5747740779968,2,64,75200,150016,75008,0,1472,9664,150208,192,bundle0.counters
12,2,5747740930176,4,64,225408,300032,75008,0,128,28800,300224,192,bundle0.counts
12,3,5747741230400,8,64,525632,600064,75008,0,1344,1344,600256,192,bundle0.totals
12,4,5747741830656,3,64,1125888,225024,75008,0,3584,11776,225216,192,bundle0.payloads
12,5,5747742055872,4,64,1351104,300032,75008,0,3520,40384,300224,192,bundle0.values
12,6,5747742356096,8,64,1651328,600064,75008,0,640,12928,600256,192,bundle0.rates
12,7,5747742956352,1,64,2251584,75008,75008,0,2880,23360,75200,192,bundle1.flags
12,8,5747743031552,2,64,2326784,150016,75008,0,256,33024,150208,192,bundle1.counters
12,9,5747743181760,4,64,2476992,300032,75008,0,3008,52160,300224,192,bundle1.counts
12,10,5747743481984,8,64,2777216,600064,75008,0,128,24704,600256,192,bundle1.totals
12,11,5747744082240,3,64,3377472,225024,75008,0,2368,35136,225216,192,bundle1.payloads
12,12,5747744307456,4,64,3602688,300032,75008,0,2304,63744,300224,192,bundle1.values
12,13,5747744607680,8,64,3902912,600064,75008,0,3520,36288,600256,192,bundle1.rates
12,14,5747745207936,1,64,4503168,75008,75008,0,1664,46720,75200,192,bundle2.flags
12,15,5747745283136,2,64,4578368,150016,75008,0,3136,56384,150208,192,bundle2.counters
12,16,5747745433344,4,64,4728576,300032,75008,0,1792,9984,300224,192,bundle2.counts
12,17,5747745733568,8,64,5028800,600064,75008,0,3008,48064,600256,192,bundle2.totals
12,18,5747746333824,3,64,5629056,225024,75008,0,1152,58496,225216,192,bundle2.payloads
12,19,5747746559040,4,64,5854272,300032,75008,0,1088,21568,300224,192,bundle2.values
12,20,5747746859264,8,64,6154496,600064,75008,0,2304,59648,600256,192,bundle2.rates
12,21,5747747459520,1,64,6754752,75008,75008,0,448,4544,75200,192,bundle3.flags
12,22,5747747534720,2,64,6829952,150016,75008,0,1920,14208,150208,192,bundle3.counters
12,23,5747747684928,4,64,6980160,300032,75008,0,576,33344,300224,192,bundle3.counts
12,24,5747747985152,8,64,7280384,600064,75008,0,1792,5888,600256,192,bundle3.totals
12,25,5747748585408,3,64,7880640,225024,75008,0,4032,16320,225216,192,bundle3.payloads
12,26,5747748810624,4,64,8105856,300032,75008,0,3968,44928,300224,192,bundle3.values
12,27,5747749110848,8,64,8406080,600064,75008,0,1088,17472,600256,192,bundle3.rates
12,28,5747749711104,1,64,9006336,75008,75008,0,3328,27904,75200,192,bundle4.flags
12,29,5747749786304,2,64,9081536,150016,75008,0,704,37568,150208,192,bundle4.counters
12,30,5747749936512,4,64,9231744,300032,75008,0,3456,56704,300224,192,bundle4.counts
12,31,5747750236736,8,64,9531968,600064,75008,0,576,29248,600256,192,bundle4.totals
12,32,5747750836992,3,64,10132224,225024,75008,0,2816,39680,225216,192,bundle4.payloads
12,33,5747751062208,4,64,10357440,300032,75008,0,2752,2752,300224,192,bundle4.values
12,34,5747751362432,8,64,10657664,600064,75008,0,3968,40832,600256,192,bundle4.rates
12,35,5747751962688,1,64,11257920,75008,75008,0,2112,51264,75200,192,bundle5.flags
12,36,5747752037888,2,64,11333120,150016,75008,0,3584,60928,150208,192,bundle5.counters
12,37,5747752188096,4,64,11483328,300032,75008,0,2240,14528,300224,192,bundle5.counts
12,38,5747752488320,8,64,11783552,600064,75008,0,3456,52608,600256,192,bundle5.totals
12,39,5747753088576,3,64,12383808,225024,75008,0,1600,63040,225216,192,bundle5.payloads
12,40,5747753313792,4,64,12609024,300032,75008,0,1536,26112,300224,192,bundle5.values
12,41,5747753614016,8,64,12909248,600064,75008,0,2752,64192,,,bundle5.rates
13,0,5365789884416,4,64,0,300032,75008,0,0,0,300224,192,bundle0.positions
13,1,5365790184640,4,64,300224,300032,75008,0,1216,38080,300224,192,bundle0.velocities
13,2,5365790484864,32,64,600448,2400256,75008,0,2432,10624,2400448,192,bundle0.aligned32
13,3,5365792885312,64,64,3000896,4800512,75008,0,2624,51776,4800704,192,bundle0.aligned64
13,4,5365797686016,256,256,7801600,19202048,75008,0,2816,2816,19202240,192,bundle0.aligned256
13,5,5365816888256,4,64,27003840,300032,75008,0,3008,3008,300224,192,bundle1.positions
13,6,5365817188480,4,64,27304064,300032,75008,0,128,41088,300224,192,bundle1.velocities
13,7,5365817488704,32,64,27604288,2400256,75008,0,1344,13632,2400448,192,bundle1.aligned32
13,8,5365819889152,64,64,30004736,4800512,75008,0,1536,54784,4800768,256,bundle1.aligned64
13,9,5365824689920,256,256,34805504,19202048,75008,0,1792,5888,19202240,192,bundle1.aligned256
13,10,5365843892160,4,64,54007744,300032,75008,0,1984,6080,300224,192,bundle2.positions
13,11,5365844192384,4,64,54307968,300032,75008,0,3200,44160,300224,192,bundle2.velocities
13,12,5365844492608,32,64,54608192,2400256,75008,0,320,16704,2400448,192,bundle2.aligned32
13,13,5365846893056,64,64,57008640,4800512,75008,0,512,57856,4800768,256,bundle2.aligned64
13,14,5365851693824,256,256,61809408,19202048,75008,0,768,8960,,,bundle2.aligned256
14,0,5200970514432,4,64,0,300032,75008,0,0,0,300096,64,bundle0.positions
14,1,5200970814528,4,64,300096,300032,75008,0,1088,37952,300096,64,bundle0.velocities
14,2,5200971114624,32,64,600192,2400256,75008,0,2176,10368,2400320,64,bundle0.aligned32
14,3,5200973514944,64,64,3000512,4800512,75008,0,2240,51392,4800576,64,bundle0.aligned64
14,4,5200978315520,256,256,7801088,19202048,75008,0,2304,2304,19202112,64,bundle0.aligned256
14,5,5200997517632,4,64,27003200,300032,75008,0,2368,2368,300096,64,bundle1.positions
14,6,5200997817728,4,64,27303296,300032,75008,0,3456,40320,300096,64,bundle1.velocities
14,7,5200998117824,32,64,27603392,2400256,75008,0,448,12736,2400320,64,bundle1.aligned32
14,8,5201000518144,64,64,30003712,4800512,75008,0,512,53760,4800768,256,bundle1.aligned64
14,9,5201005318912,256,256,34804480,19202048,75008,0,768,4864,19202112,64,bundle1.aligned256
14,10,5201024521024,4,64,54006592,300032,75008,0,832,4928,300096,64,bundle2.positions
14,11,5201024821120,4,64,54306688,300032,75008,0,1920,42880,300096,64,bundle2.velocities
14,12,5201025121216,32,64,54606784,2400256,75008,0,3008,15296,2400320,64,bundle2.aligned32
14,13,5201027521536,64,64,57007104,4800512,75008,0,3072,56320,4800768,256,bundle2.aligned64
14,14,5201032322304,256,256,61807872,19202048,75008,0,3328,7424,,,bundle2.aligned256
15,0,5264825319424,8,64,0,600064,75008,0,0,0,600064,0,entity_handles
15,1,5264825919488,4,64,600064,300032,75008,0,2048,10240,300032,0,integral_biases
15,2,5264826219520,4,64,900096,300032,75008,0,3072,48128,300032,0,float_biases
15,3,5264826519552,1,64,1200128,75008,75008,0,0,20480,75008,0,tasks
15,4,5264826594560,4,64,1275136,300032,75008,0,1280,29952,300032,0,locations.xs
15,5,5264826894592,4,64,1575168,300032,75008,0,2304,2304,300032,0,locations.ys
15,6,5264827194624,4,64,1875200,300032,75008,0,3328,40192,300032,0,locations.zs
15,7,5264827494656,4,64,2175232,300032,75008,0,256,12544,300032,0,desired_move_locations.xs
15,8,5264827794688,4,64,2475264,300032,75008,0,1280,50432,300032,0,desired_move_locations.ys
15,9,5264828094720,4,64,2775296,300032,75008,0,2304,22784,300032,0,desired_move_locations.zs
15,10,5264828394752,4,64,3075328,300032,75008,0,3328,60672,300032,0,aim_directions.xs
15,11,5264828694784,4,64,3375360,300032,75008,0,256,33024,300032,0,aim_directions.ys
15,12,5264828994816,4,64,3675392,300032,75008,0,1280,5376,300032,0,aim_directions.zs
15,13,5264829294848,4,64,3975424,300032,75008,0,2304,43264,300032,0,desired_aiming_directions.xs
15,14,5264829594880,4,64,4275456,300032,75008,0,3328,15616,300032,0,desired_aiming_directions.ys
15,15,5264829894912,4,64,4575488,300032,75008,0,256,53504,300032,0,desired_aiming_directions.zs
15,16,5264830194944,4,64,4875520,300032,75008,0,1280,25856,300032,0,movement_directions.xs
15,17,5264830494976,4,64,5175552,300032,75008,0,2304,63744,300032,0,movement_directions.ys
15,18,5264830795008,4,64,5475584,300032,75008,0,3328,36096,300032,0,movement_directions.zs
15,19,5264831095040,4,64,5775616,300032,75008,0,256,8448,300032,0,velocities.xs
15,20,5264831395072,4,64,6075648,300032,75008,0,1280,46336,300032,0,velocities.ys
15,21,5264831695104,4,64,6375680,300032,75008,0,2304,18688,300032,0,velocities.zs
15,22,5264831995136,4,64,6675712,300032,75008,0,3328,56576,300032,0,move_distances
15,23,5264832295168,4,64,6975744,300032,75008,0,256,28928,300032,0,speeds
15,24,5264832595200,1,64,7275776,75008,75008,0,1280,1280,75008,0,teams
15,25,5264832670208,4,64,7350784,300032,75008,0,2560,10752,300032,0,healths
15,26,5264832970240,8,64,7650816,600064,75008,0,3584,48640,600064,0,parent_handles
15,27,5264833570304,1,64,8250880,75008,75008,0,1536,58880,75008,0,awareness_scan_countdowns.counters
15,28,5264833645312,2,64,8325888,150016,75008,0,2816,2816,150016,0,navigation_update_countdowns.remaining_ticks
15,29,5264833795328,2,64,8475904,150016,75008,0,1280,21760,150016,0,navigation_update_countdowns.periods
15,30,5264833945344,4,64,8625920,300032,75008,0,3840,40704,300032,0,separation_steering.xs
15,31,5264834245376,4,64,8925952,300032,75008,0,768,13056,300032,0,separation_steering.ys
15,32,5264834545408,4,64,9225984,300032,75008,0,1792,50944,300032,0,separation_steering.zs
15,33,5264834845440,1,64,9526016,75008,75008,0,2816,23296,75008,0,navigation_risk_tiers
15,34,5264834920448,1,64,9601024,75008,75008,0,0,32768,75008,0,navigation_lower_risk_scan_counts
15,35,5264834995456,1,64,9676032,75008,75008,0,1280,42240,75008,0,avoidance_choice_indices
15,36,5264835070464,1,64,9751040,75008,75008,0,2560,51712,75008,0,avoidance_clear_scan_counts
15,37,5264835145472,2,64,9826048,150016,75008,0,3840,61184,150016,0,attack_reposition_countdowns.counters
15,38,5264835295488,2,64,9976064,150016,75008,0,2304,14592,150016,0,attack_cooldowns.counters
15,39,5264835445504,8,64,10126080,600064,75008,0,768,33536,600064,0,target_handles
15,40,5264836045568,4,64,10726144,300032,75008,0,2816,43776,300032,0,target_locations.xs
15,41,5264836345600,4,64,11026176,300032,75008,0,3840,16128,300032,0,target_locations.ys
15,42,5264836645632,4,64,11326208,300032,75008,0,768,54016,300032,0,target_locations.zs
15,43,5264836945664,4,64,11626240,300032,75008,0,1792,26368,300032,0,target_velocities.xs
15,44,5264837245696,4,64,11926272,300032,75008,0,2816,64256,300032,0,target_velocities.ys
15,45,5264837545728,4,64,12226304,300032,75008,0,3840,36608,300032,0,target_velocities.zs
15,46,5264837845760,4,64,12526336,300032,75008,0,768,8960,300032,0,target_directions.xs
15,47,5264838145792,4,64,12826368,300032,75008,0,1792,46848,300032,0,target_directions.ys
15,48,5264838445824,4,64,13126400,300032,75008,0,2816,19200,300032,0,target_directions.zs
15,49,5264838745856,4,64,13426432,300032,75008,0,3840,57088,300032,0,intercept_times
15,50,5264839045888,4,64,13726464,300032,75008,0,768,29440,300032,0,target_distance_sq
15,51,5264839345920,4,64,14026496,300032,75008,0,1792,1792,300032,0,target_distances
15,52,5264839645952,4,64,14326528,300032,75008,0,2816,39680,,,target_radii
16,0,3816347598848,1,64,0,65536,65536,0,0,0,65536,0,bundle0.flags
16,1,3816347664384,2,64,65536,131072,65536,0,0,0,131072,0,bundle0.counters
16,2,3816347795456,4,64,196608,262144,65536,0,0,0,262144,0,bundle0.counts
16,3,3816348057600,8,64,458752,524288,65536,0,0,0,524288,0,bundle0.totals
16,4,3816348581888,3,64,983040,196608,65536,0,0,0,196608,0,bundle0.payloads
16,5,3816348778496,4,64,1179648,262144,65536,0,0,0,262144,0,bundle0.values
16,6,3816349040640,8,64,1441792,524288,65536,0,0,0,524288,0,bundle0.rates
16,7,3816349564928,1,64,1966080,65536,65536,0,0,0,65536,0,bundle1.flags
16,8,3816349630464,2,64,2031616,131072,65536,0,0,0,131072,0,bundle1.counters
16,9,3816349761536,4,64,2162688,262144,65536,0,0,0,262144,0,bundle1.counts
16,10,3816350023680,8,64,2424832,524288,65536,0,0,0,524288,0,bundle1.totals
16,11,3816350547968,3,64,2949120,196608,65536,0,0,0,196608,0,bundle1.payloads
16,12,3816350744576,4,64,3145728,262144,65536,0,0,0,262144,0,bundle1.values
16,13,3816351006720,8,64,3407872,524288,65536,0,0,0,524288,0,bundle1.rates
16,14,3816351531008,1,64,3932160,65536,65536,0,0,0,65536,0,bundle2.flags
16,15,3816351596544,2,64,3997696,131072,65536,0,0,0,131072,0,bundle2.counters
16,16,3816351727616,4,64,4128768,262144,65536,0,0,0,262144,0,bundle2.counts
16,17,3816351989760,8,64,4390912,524288,65536,0,0,0,524288,0,bundle2.totals
16,18,3816352514048,3,64,4915200,196608,65536,0,0,0,196608,0,bundle2.payloads
16,19,3816352710656,4,64,5111808,262144,65536,0,0,0,262144,0,bundle2.values
16,20,3816352972800,8,64,5373952,524288,65536,0,0,0,524288,0,bundle2.rates
16,21,3816353497088,1,64,5898240,65536,65536,0,0,0,65536,0,bundle3.flags
16,22,3816353562624,2,64,5963776,131072,65536,0,0,0,131072,0,bundle3.counters
16,23,3816353693696,4,64,6094848,262144,65536,0,0,0,262144,0,bundle3.counts
16,24,3816353955840,8,64,6356992,524288,65536,0,0,0,524288,0,bundle3.totals
16,25,3816354480128,3,64,6881280,196608,65536,0,0,0,196608,0,bundle3.payloads
16,26,3816354676736,4,64,7077888,262144,65536,0,0,0,262144,0,bundle3.values
16,27,3816354938880,8,64,7340032,524288,65536,0,0,0,524288,0,bundle3.rates
16,28,3816355463168,1,64,7864320,65536,65536,0,0,0,65536,0,bundle4.flags
16,29,3816355528704,2,64,7929856,131072,65536,0,0,0,131072,0,bundle4.counters
16,30,3816355659776,4,64,8060928,262144,65536,0,0,0,262144,0,bundle4.counts
16,31,3816355921920,8,64,8323072,524288,65536,0,0,0,524288,0,bundle4.totals
16,32,3816356446208,3,64,8847360,196608,65536,0,0,0,196608,0,bundle4.payloads
16,33,3816356642816,4,64,9043968,262144,65536,0,0,0,262144,0,bundle4.values
16,34,3816356904960,8,64,9306112,524288,65536,0,0,0,524288,0,bundle4.rates
16,35,3816357429248,1,64,9830400,65536,65536,0,0,0,65536,0,bundle5.flags
16,36,3816357494784,2,64,9895936,131072,65536,0,0,0,131072,0,bundle5.counters
16,37,3816357625856,4,64,10027008,262144,65536,0,0,0,262144,0,bundle5.counts
16,38,3816357888000,8,64,10289152,524288,65536,0,0,0,524288,0,bundle5.totals
16,39,3816358412288,3,64,10813440,196608,65536,0,0,0,196608,0,bundle5.payloads
16,40,3816358608896,4,64,11010048,262144,65536,0,0,0,262144,0,bundle5.values
16,41,3816358871040,8,64,11272192,524288,65536,0,0,0,,,bundle5.rates
17,0,2952522301440,8,64,0,524288,65536,0,0,0,524480,192,positions0.xs
17,1,2952522825920,8,64,524480,524288,65536,0,192,192,524480,192,positions0.ys
17,2,2952523350400,8,64,1048960,524288,65536,0,384,384,524480,192,positions0.zs
17,3,2952523874880,8,64,1573440,524288,65536,0,576,576,524480,192,velocities0.xs
17,4,2952524399360,8,64,2097920,524288,65536,0,768,768,524480,192,velocities0.ys
17,5,2952524923840,8,64,2622400,524288,65536,0,960,960,524480,192,velocities0.zs
17,6,2952525448320,8,64,3146880,524288,65536,0,1152,1152,524480,192,positions1.xs
17,7,2952525972800,8,64,3671360,524288,65536,0,1344,1344,524480,192,positions1.ys
17,8,2952526497280,8,64,4195840,524288,65536,0,1536,1536,524480,192,positions1.zs
17,9,2952527021760,8,64,4720320,524288,65536,0,1728,1728,524480,192,velocities1.xs
17,10,2952527546240,8,64,5244800,524288,65536,0,1920,1920,524480,192,velocities1.ys
17,11,2952528070720,8,64,5769280,524288,65536,0,2112,2112,524480,192,velocities1.zs
17,12,2952528595200,8,64,6293760,524288,65536,0,2304,2304,524480,192,positions2.xs
17,13,2952529119680,8,64,6818240,524288,65536,0,2496,2496,524480,192,positions2.ys
17,14,2952529644160,8,64,7342720,524288,65536,0,2688,2688,524480,192,positions2.zs
17,15,2952530168640,8,64,7867200,524288,65536,0,2880,2880,524480,192,velocities2.xs
17,16,2952530693120,8,64,8391680,524288,65536,0,3072,3072,524480,192,velocities2.ys
17,17,2952531217600,8,64,8916160,524288,65536,0,3264,3264,524480,192,velocities2.zs
17,18,2952531742080,8,64,9440640,524288,65536,0,3456,3456,524480,192,positions3.xs
17,19,2952532266560,8,64,9965120,524288,65536,0,3648,3648,524480,192,positions3.ys
17,20,2952532791040,8,64,10489600,524288,65536,0,3840,3840,524480,192,positions3.zs
17,21,2952533315520,8,64,11014080,524288,65536,0,4032,4032,524480,192,velocities3.xs
17,22,2952533840000,8,64,11538560,524288,65536,0,128,4224,524480,192,velocities3.ys
17,23,2952534364480,8,64,12063040,524288,65536,0,320,4416,,,velocities3.zs
18,0,5454373584896,4,64,0,524288,131072,0,0,0,524288,0,bundle0.positions
18,1,5454374109184,4,64,524288,524288,131072,0,0,0,524288,0,bundle0.velocities
18,2,5454374633472,32,64,1048576,4194304,131072,0,0,0,4194304,0,bundle0.aligned32
18,3,5454378827776,64,64,5242880,8388608,131072,0,0,0,8388608,0,bundle0.aligned64
18,4,5454387216384,256,256,13631488,33554432,131072,0,0,0,33554432,0,bundle0.aligned256
18,5,5454420770816,4,64,47185920,524288,131072,0,0,0,524288,0,bundle1.positions
18,6,5454421295104,4,64,47710208,524288,131072,0,0,0,524288,0,bundle1.velocities
18,7,5454421819392,32,64,48234496,4194304,131072,0,0,0,4194304,0,bundle1.aligned32
18,8,5454426013696,64,64,52428800,8388608,131072,0,0,0,8388608,0,bundle1.aligned64
18,9,5454434402304,256,256,60817408,33554432,131072,0,0,0,33554432,0,bundle1.aligned256
18,10,5454467956736,4,64,94371840,524288,131072,0,0,0,524288,0,bundle2.positions
18,11,5454468481024,4,64,94896128,524288,131072,0,0,0,524288,0,bundle2.velocities
18,12,5454469005312,32,64,95420416,4194304,131072,0,0,0,4194304,0,bundle2.aligned32
18,13,5454473199616,64,64,99614720,8388608,131072,0,0,0,8388608,0,bundle2.aligned64
18,14,5454481588224,256,256,108003328,33554432,131072,0,0,0,,,bundle2.aligned256
19,0,3297998733312,8,64,0,1048576,131072,0,0,0,1048768,192,positions0.xs
19,1,3297999782080,8,64,1048768,1048576,131072,0,192,192,1048768,192,positions0.ys
19,2,3298000830848,8,64,2097536,1048576,131072,0,384,384,1048768,192,positions0.zs
19,3,3298001879616,8,64,3146304,1048576,131072,0,576,576,1048768,192,velocities0.xs
19,4,3298002928384,8,64,4195072,1048576,131072,0,768,768,1048768,192,velocities0.ys
19,5,3298003977152,8,64,5243840,1048576,131072,0,960,960,1048768,192,velocities0.zs
19,6,3298005025920,8,64,6292608,1048576,131072,0,1152,1152,1048768,192,positions1.xs
19,7,3298006074688,8,64,7341376,1048576,131072,0,1344,1344,1048768,192,positions1.ys
19,8,3298007123456,8,64,8390144,1048576,131072,0,1536,1536,1048768,192,positions1.zs
19,9,3298008172224,8,64,9438912,1048576,131072,0,1728,1728,1048768,192,velocities1.xs
19,10,3298009220992,8,64,10487680,1048576,131072,0,1920,1920,1048768,192,velocities1.ys
19,11,3298010269760,8,64,11536448,1048576,131072,0,2112,2112,1048768,192,velocities1.zs
19,12,3298011318528,8,64,12585216,1048576,131072,0,2304,2304,1048768,192,positions2.xs
19,13,3298012367296,8,64,13633984,1048576,131072,0,2496,2496,1048768,192,positions2.ys
19,14,3298013416064,8,64,14682752,1048576,131072,0,2688,2688,1048768,192,positions2.zs
19,15,3298014464832,8,64,15731520,1048576,131072,0,2880,2880,1048768,192,velocities2.xs
19,16,3298015513600,8,64,16780288,1048576,131072,0,3072,3072,1048768,192,velocities2.ys
19,17,3298016562368,8,64,17829056,1048576,131072,0,3264,3264,1048768,192,velocities2.zs
19,18,3298017611136,8,64,18877824,1048576,131072,0,3456,3456,1048768,192,positions3.xs
19,19,3298018659904,8,64,19926592,1048576,131072,0,3648,3648,1048768,192,positions3.ys
19,20,3298019708672,8,64,20975360,1048576,131072,0,3840,3840,1048768,192,positions3.zs
19,21,3298020757440,8,64,22024128,1048576,131072,0,4032,4032,1048768,192,velocities3.xs
19,22,3298021806208,8,64,23072896,1048576,131072,0,128,4224,1048768,192,velocities3.ys
19,23,3298022854976,8,64,24121664,1048576,131072,0,320,4416,,,velocities3.zs
20,0,4096862650368,1,64,0,131072,131072,0,0,0,131136,64,bundle0.flags
20,1,4096862781504,2,64,131136,262144,131072,0,64,64,262208,64,bundle0.counters
20,2,4096863043712,4,64,393344,524288,131072,0,128,128,524352,64,bundle0.counts
20,3,4096863568064,8,64,917696,1048576,131072,0,192,192,1048640,64,bundle0.totals
20,4,4096864616704,3,64,1966336,393216,131072,0,256,256,393280,64,bundle0.payloads
20,5,4096865009984,4,64,2359616,524288,131072,0,320,320,524352,64,bundle0.values
20,6,4096865534336,8,64,2883968,1048576,131072,0,384,384,1048640,64,bundle0.rates
20,7,4096866582976,1,64,3932608,131072,131072,0,448,448,131136,64,bundle1.flags
20,8,4096866714112,2,64,4063744,262144,131072,0,512,512,262208,64,bundle1.counters
20,9,4096866976320,4,64,4325952,524288,131072,0,576,576,524352,64,bundle1.counts
20,10,4096867500672,8,64,4850304,1048576,131072,0,640,640,1048640,64,bundle1.totals
20,11,4096868549312,3,64,5898944,393216,131072,0,704,704,393280,64,bundle1.payloads
20,12,4096868942592,4,64,6292224,524288,131072,0,768,768,524352,64,bundle1.values
20,13,4096869466944,8,64,6816576,1048576,131072,0,832,832,1048640,64,bundle1.rates
20,14,4096870515584,1,64,7865216,131072,131072,0,896,896,131136,64,bundle2.flags
20,15,4096870646720,2,64,7996352,262144,131072,0,960,960,262208,64,bundle2.counters
20,16,4096870908928,4,64,8258560,524288,131072,0,1024,1024,524352,64,bundle2.counts
20,17,4096871433280,8,64,8782912,1048576,131072,0,1088,1088,1048640,64,bundle2.totals
20,18,4096872481920,3,64,9831552,393216,131072,0,1152,1152,393280,64,bundle2.payloads
20,19,4096872875200,4,64,10224832,524288,131072,0,1216,1216,524352,64,bundle2.values
20,20,4096873399552,8,64,10749184,1048576,131072,0,1280,1280,1048640,64,bundle2.rates
20,21,4096874448192,1,64,11797824,131072,131072,0,1344,1344,131136,64,bundle3.flags
20,22,4096874579328,2,64,11928960,262144,131072,0,1408,1408,262208,64,bundle3.counters
20,23,4096874841536,4,64,12191168,524288,131072,0,1472,1472,524352,64,bundle3.counts
20,24,4096875365888,8,64,12715520,1048576,131072,0,1536,1536,1048640,64,bundle3.totals
20,25,4096876414528,3,64,13764160,393216,131072,0,1600,1600,393280,64,bundle3.payloads
20,26,4096876807808,4,64,14157440,524288,131072,0,1664,1664,524352,64,bundle3.values
20,27,4096877332160,8,64,14681792,1048576,131072,0,1728,1728,1048640,64,bundle3.rates
20,28,4096878380800,1,64,15730432,131072,131072,0,1792,1792,131136,64,bundle4.flags
20,29,4096878511936,2,64,15861568,262144,131072,0,1856,1856,262208,64,bundle4.counters
20,30,4096878774144,4,64,16123776,524288,131072,0,1920,1920,524352,64,bundle4.counts
20,31,4096879298496,8,64,16648128,1048576,131072,0,1984,1984,1048640,64,bundle4.totals
20,32,4096880347136,3,64,17696768,393216,131072,0,2048,2048,393280,64,bundle4.payloads
20,33,4096880740416,4,64,18090048,524288,131072,0,2112,2112,524352,64,bundle4.values
20,34,4096881264768,8,64,18614400,1048576,131072,0,2176,2176,1048640,64,bundle4.rates
20,35,4096882313408,1,64,19663040,131072,131072,0,2240,2240,131136,64,bundle5.flags
20,36,4096882444544,2,64,19794176,262144,131072,0,2304,2304,262208,64,bundle5.counters
20,37,4096882706752,4,64,20056384,524288,131072,0,2368,2368,524352,64,bundle5.counts
20,38,4096883231104,8,64,20580736,1048576,131072,0,2432,2432,1048640,64,bundle5.totals
20,39,4096884279744,3,64,21629376,393216,131072,0,2496,2496,393280,64,bundle5.payloads
20,40,4096884673024,4,64,22022656,524288,131072,0,2560,2560,524352,64,bundle5.values
20,41,4096885197376,8,64,22547008,1048576,131072,0,2624,2624,,,bundle5.rates
21,0,2680597184512,8,64,0,524800,65600,0,0,0,524800,0,entity_handles
21,1,2680597709312,4,64,524800,262400,65600,0,512,512,262400,0,integral_biases
21,2,2680597971712,4,64,787200,262400,65600,0,768,768,262400,0,float_biases
21,3,2680598234112,1,64,1049600,65600,65600,0,1024,1024,65600,0,tasks
21,4,2680598299712,4,64,1115200,262400,65600,0,1088,1088,262400,0,locations.xs
21,5,2680598562112,4,64,1377600,262400,65600,0,1344,1344,262400,0,locations.ys
21,6,2680598824512,4,64,1640000,262400,65600,0,1600,1600,262400,0,locations.zs
21,7,2680599086912,4,64,1902400,262400,65600,0,1856,1856,262400,0,desired_move_locations.xs
21,8,2680599349312,4,64,2164800,262400,65600,0,2112,2112,262400,0,desired_move_locations.ys
21,9,2680599611712,4,64,2427200,262400,65600,0,2368,2368,262400,0,desired_move_locations.zs
21,10,2680599874112,4,64,2689600,262400,65600,0,2624,2624,262400,0,aim_directions.xs
21,11,2680600136512,4,64,2952000,262400,65600,0,2880,2880,262400,0,aim_directions.ys
21,12,2680600398912,4,64,3214400,262400,65600,0,3136,3136,262400,0,aim_directions.zs
21,13,2680600661312,4,64,3476800,262400,65600,0,3392,3392,262400,0,desired_aiming_directions.xs
21,14,2680600923712,4,64,3739200,262400,65600,0,3648,3648,262400,0,desired_aiming_directions.ys
21,15,2680601186112,4,64,4001600,262400,65600,0,3904,3904,262400,0,desired_aiming_directions.zs
21,16,2680601448512,4,64,4264000,262400,65600,0,64,4160,262400,0,movement_directions.xs
21,17,2680601710912,4,64,4526400,262400,65600,0,320,4416,262400,0,movement_directions.ys
21,18,2680601973312,4,64,4788800,262400,65600,0,576,4672,262400,0,movement_directions.zs
21,19,2680602235712,4,64,5051200,262400,65600,0,832,4928,262400,0,velocities.xs
21,20,2680602498112,4,64,5313600,262400,65600,0,1088,5184,262400,0,velocities.ys
21,21,2680602760512,4,64,5576000,262400,65600,0,1344,5440,262400,0,velocities.zs
21,22,2680603022912,4,64,5838400,262400,65600,0,1600,5696,262400,0,move_distances
21,23,2680603285312,4,64,6100800,262400,65600,0,1856,5952,262400,0,speeds
21,24,2680603547712,1,64,6363200,65600,65600,0,2112,6208,65600,0,teams
21,25,2680603613312,4,64,6428800,262400,65600,0,2176,6272,262400,0,healths
21,26,2680603875712,8,64,6691200,524800,65600,0,2432,6528,524800,0,parent_handles
21,27,2680604400512,1,64,7216000,65600,65600,0,2944,7040,65600,0,awareness_scan_countdowns.counters
21,28,2680604466112,2,64,7281600,131200,65600,0,3008,7104,131200,0,navigation_update_countdowns.remaining_ticks
21,29,2680604597312,2,64,7412800,131200,65600,0,3136,7232,131200,0,navigation_update_countdowns.periods
21,30,2680604728512,4,64,7544000,262400,65600,0,3264,7360,262400,0,separation_steering.xs
21,31,2680604990912,4,64,7806400,262400,65600,0,3520,7616,262400,0,separation_steering.ys
21,32,2680605253312,4,64,8068800,262400,65600,0,3776,7872,262400,0,separation_steering.zs
21,33,2680605515712,1,64,8331200,65600,65600,0,4032,8128,65600,0,navigation_risk_tiers
21,34,2680605581312,1,64,8396800,65600,65600,0,0,8192,65600,0,navigation_lower_risk_scan_counts
21,35,2680605646912,1,64,8462400,65600,65600,0,64,8256,65600,0,avoidance_choice_indices
21,36,2680605712512,1,64,8528000,65600,65600,0,128,8320,65600,0,avoidance_clear_scan_counts
21,37,2680605778112,2,64,8593600,131200,65600,0,192,8384,131200,0,attack_reposition_countdowns.counters
21,38,2680605909312,2,64,8724800,131200,65600,0,320,8512,131200,0,attack_cooldowns.counters
21,39,2680606040512,8,64,8856000,524800,65600,0,448,8640,524800,0,target_handles
21,40,2680606565312,4,64,9380800,262400,65600,0,960,9152,262400,0,target_locations.xs
21,41,2680606827712,4,64,9643200,262400,65600,0,1216,9408,262400,0,target_locations.ys
21,42,2680607090112,4,64,9905600,262400,65600,0,1472,9664,262400,0,target_locations.zs
21,43,2680607352512,4,64,10168000,262400,65600,0,1728,9920,262400,0,target_velocities.xs
21,44,2680607614912,4,64,10430400,262400,65600,0,1984,10176,262400,0,target_velocities.ys
21,45,2680607877312,4,64,10692800,262400,65600,0,2240,10432,262400,0,target_velocities.zs
21,46,2680608139712,4,64,10955200,262400,65600,0,2496,10688,262400,0,target_directions.xs
21,47,2680608402112,4,64,11217600,262400,65600,0,2752,10944,262400,0,target_directions.ys
21,48,2680608664512,4,64,11480000,262400,65600,0,3008,11200,262400,0,target_directions.zs
21,49,2680608926912,4,64,11742400,262400,65600,0,3264,11456,262400,0,intercept_times
21,50,2680609189312,4,64,12004800,262400,65600,0,3520,11712,262400,0,target_distance_sq
21,51,2680609451712,4,64,12267200,262400,65600,0,3776,11968,262400,0,target_distances
21,52,2680609714112,4,64,12529600,262400,65600,0,4032,12224,,,target_radii
22,0,5844410302464,4,64,0,262144,65536,0,0,0,262144,0,bundle0.positions
22,1,5844410564608,4,64,262144,262144,65536,0,0,0,262144,0,bundle0.velocities
22,2,5844410826752,32,64,524288,2097152,65536,0,0,0,2097152,0,bundle0.aligned32
22,3,5844412923904,64,64,2621440,4194304,65536,0,0,0,4194304,0,bundle0.aligned64
22,4,5844417118208,256,256,6815744,16777216,65536,0,0,0,16777216,0,bundle0.aligned256
22,5,5844433895424,4,64,23592960,262144,65536,0,0,0,262144,0,bundle1.positions
22,6,5844434157568,4,64,23855104,262144,65536,0,0,0,262144,0,bundle1.velocities
22,7,5844434419712,32,64,24117248,2097152,65536,0,0,0,2097152,0,bundle1.aligned32
22,8,5844436516864,64,64,26214400,4194304,65536,0,0,0,4194304,0,bundle1.aligned64
22,9,5844440711168,256,256,30408704,16777216,65536,0,0,0,16777216,0,bundle1.aligned256
22,10,5844457488384,4,64,47185920,262144,65536,0,0,0,262144,0,bundle2.positions
22,11,5844457750528,4,64,47448064,262144,65536,0,0,0,262144,0,bundle2.velocities
22,12,5844458012672,32,64,47710208,2097152,65536,0,0,0,2097152,0,bundle2.aligned32
22,13,5844460109824,64,64,49807360,4194304,65536,0,0,0,4194304,0,bundle2.aligned64
22,14,5844464304128,256,256,54001664,16777216,65536,0,0,0,,,bundle2.aligned256
23,0,5885448093696,8,64,0,1048576,131072,0,0,0,1048576,0,positions0.xs
23,1,5885449142272,8,64,1048576,1048576,131072,0,0,0,1048576,0,positions0.ys
23,2,5885450190848,8,64,2097152,1048576,131072,0,0,0,1048576,0,positions0.zs
23,3,5885451239424,8,64,3145728,1048576,131072,0,0,0,1048576,0,velocities0.xs
23,4,5885452288000,8,64,4194304,1048576,131072,0,0,0,1048576,0,velocities0.ys
23,5,5885453336576,8,64,5242880,1048576,131072,0,0,0,1048576,0,velocities0.zs
23,6,5885454385152,8,64,6291456,1048576,131072,0,0,0,1048576,0,positions1.xs
23,7,5885455433728,8,64,7340032,1048576,131072,0,0,0,1048576,0,positions1.ys
23,8,5885456482304,8,64,8388608,1048576,131072,0,0,0,1048576,0,positions1.zs
23,9,5885457530880,8,64,9437184,1048576,131072,0,0,0,1048576,0,velocities1.xs
23,10,5885458579456,8,64,10485760,1048576,131072,0,0,0,1048576,0,velocities1.ys
23,11,5885459628032,8,64,11534336,1048576,131072,0,0,0,1048576,0,velocities1.zs
23,12,5885460676608,8,64,12582912,1048576,131072,0,0,0,1048576,0,positions2.xs
23,13,5885461725184,8,64,13631488,1048576,131072,0,0,0,1048576,0,positions2.ys
23,14,5885462773760,8,64,14680064,1048576,131072,0,0,0,1048576,0,positions2.zs
23,15,5885463822336,8,64,15728640,1048576,131072,0,0,0,1048576,0,velocities2.xs
23,16,5885464870912,8,64,16777216,1048576,131072,0,0,0,1048576,0,velocities2.ys
23,17,5885465919488,8,64,17825792,1048576,131072,0,0,0,1048576,0,velocities2.zs
23,18,5885466968064,8,64,18874368,1048576,131072,0,0,0,1048576,0,positions3.xs
23,19,5885468016640,8,64,19922944,1048576,131072,0,0,0,1048576,0,positions3.ys
23,20,5885469065216,8,64,20971520,1048576,131072,0,0,0,1048576,0,positions3.zs
23,21,5885470113792,8,64,22020096,1048576,131072,0,0,0,1048576,0,velocities3.xs
23,22,5885471162368,8,64,23068672,1048576,131072,0,0,0,1048576,0,velocities3.ys
23,23,5885472210944,8,64,24117248,1048576,131072,0,0,0,,,velocities3.zs
24,0,2226135957504,8,64,0,524800,65600,0,0,0,524864,64,entity_handles
24,1,2226136482368,4,64,524864,262400,65600,0,576,576,262464,64,integral_biases
24,2,2226136744832,4,64,787328,262400,65600,0,896,896,262464,64,float_biases
24,3,2226137007296,1,64,1049792,65600,65600,0,1216,1216,65664,64,tasks
24,4,2226137072960,4,64,1115456,262400,65600,0,1344,1344,262464,64,locations.xs
24,5,2226137335424,4,64,1377920,262400,65600,0,1664,1664,262464,64,locations.ys
24,6,2226137597888,4,64,1640384,262400,65600,0,1984,1984,262464,64,locations.zs
24,7,2226137860352,4,64,1902848,262400,65600,0,2304,2304,262464,64,desired_move_locations.xs
24,8,2226138122816,4,64,2165312,262400,65600,0,2624,2624,262464,64,desired_move_locations.ys
24,9,2226138385280,4,64,2427776,262400,65600,0,2944,2944,262464,64,desired_move_locations.zs
24,10,2226138647744,4,64,2690240,262400,65600,0,3264,3264,262464,64,aim_directions.xs
24,11,2226138910208,4,64,2952704,262400,65600,0,3584,3584,262464,64,aim_directions.ys
24,12,2226139172672,4,64,3215168,262400,65600,0,3904,3904,262464,64,aim_directions.zs
24,13,2226139435136,4,64,3477632,262400,65600,0,128,4224,262464,64,desired_aiming_directions.xs
24,14,2226139697600,4,64,3740096,262400,65600,0,448,4544,262464,64,desired_aiming_directions.ys
24,15,2226139960064,4,64,4002560,262400,65600,0,768,4864,262464,64,desired_aiming_directions.zs
24,16,2226140222528,4,64,4265024,262400,65600,0,1088,5184,262464,64,movement_directions.xs
24,17,2226140484992,4,64,4527488,262400,65600,0,1408,5504,262464,64,movement_directions.ys
24,18,2226140747456,4,64,4789952,262400,65600,0,1728,5824,262464,64,movement_directions.zs
24,19,2226141009920,4,64,5052416,262400,65600,0,2048,6144,262464,64,velocities.xs
24,20,2226141272384,4,64,5314880,262400,65600,0,2368,6464,262464,64,velocities.ys
24,21,2226141534848,4,64,5577344,262400,65600,0,2688,6784,262464,64,velocities.zs
24,22,2226141797312,4,64,5839808,262400,65600,0,3008,7104,262464,64,move_distances
24,23,2226142059776,4,64,6102272,262400,65600,0,3328,7424,262464,64,speeds
24,24,2226142322240,1,64,6364736,65600,65600,0,3648,7744,65664,64,teams
24,25,2226142387904,4,64,6430400,262400,65600,0,3776,7872,262464,64,healths
24,26,2226142650368,8,64,6692864,524800,65600,0,0,8192,524864,64,parent_handles
24,27,2226143175232,1,64,7217728,65600,65600,0,576,8768,65664,64,awareness_scan_countdowns.counters
24,28,2226143240896,2,64,7283392,131200,65600,0,704,8896,131264,64,navigation_update_countdowns.remaining_ticks
24,29,2226143372160,2,64,7414656,131200,65600,0,896,9088,131264,64,navigation_update_countdowns.periods
24,30,2226143503424,4,64,7545920,262400,65600,0,1088,9280,262464,64,separation_steering.xs
24,31,2226143765888,4,64,7808384,262400,65600,0,1408,9600,262464,64,separation_steering.ys
24,32,2226144028352,4,64,8070848,262400,65600,0,1728,9920,262464,64,separation_steering.zs
24,33,2226144290816,1,64,8333312,65600,65600,0,2048,10240,65664,64,navigation_risk_tiers
24,34,2226144356480,1,64,8398976,65600,65600,0,2176,10368,65664,64,navigation_lower_risk_scan_counts
24,35,2226144422144,1,64,8464640,65600,65600,0,2304,10496,65664,64,avoidance_choice_indices
24,36,2226144487808,1,64,8530304,65600,65600,0,2432,10624,65664,64,avoidance_clear_scan_counts
24,37,2226144553472,2,64,8595968,131200,65600,0,2560,10752,131264,64,attack_reposition_countdowns.counters
24,38,2226144684736,2,64,8727232,131200,65600,0,2752,10944,131264,64,attack_cooldowns.counters
24,39,2226144816000,8,64,8858496,524800,65600,0,2944,11136,524864,64,target_handles
24,40,2226145340864,4,64,9383360,262400,65600,0,3520,11712,262464,64,target_locations.xs
24,41,2226145603328,4,64,9645824,262400,65600,0,3840,12032,262464,64,target_locations.ys
24,42,2226145865792,4,64,9908288,262400,65600,0,64,12352,262464,64,target_locations.zs
24,43,2226146128256,4,64,10170752,262400,65600,0,384,12672,262464,64,target_velocities.xs
24,44,2226146390720,4,64,10433216,262400,65600,0,704,12992,262464,64,target_velocities.ys
24,45,2226146653184,4,64,10695680,262400,65600,0,1024,13312,262464,64,target_velocities.zs
24,46,2226146915648,4,64,10958144,262400,65600,0,1344,13632,262464,64,target_directions.xs
24,47,2226147178112,4,64,11220608,262400,65600,0,1664,13952,262464,64,target_directions.ys
24,48,2226147440576,4,64,11483072,262400,65600,0,1984,14272,262464,64,target_directions.zs
24,49,2226147703040,4,64,11745536,262400,65600,0,2304,14592,262464,64,intercept_times
24,50,2226147965504,4,64,12008000,262400,65600,0,2624,14912,262464,64,target_distance_sq
24,51,2226148227968,4,64,12270464,262400,65600,0,2944,15232,262464,64,target_distances
24,52,2226148490432,4,64,12532928,262400,65600,0,3264,15552,,,target_radii
25,0,5248450756608,1,64,0,131072,131072,0,0,0,131136,64,bundle0.flags
25,1,5248450887744,2,64,131136,262144,131072,0,64,64,262208,64,bundle0.counters
25,2,5248451149952,4,64,393344,524288,131072,0,128,128,524352,64,bundle0.counts
25,3,5248451674304,8,64,917696,1048576,131072,0,192,192,1048640,64,bundle0.totals
25,4,5248452722944,3,64,1966336,393216,131072,0,256,256,393280,64,bundle0.payloads
25,5,5248453116224,4,64,2359616,524288,131072,0,320,320,524352,64,bundle0.values
25,6,5248453640576,8,64,2883968,1048576,131072,0,384,384,1048640,64,bundle0.rates
25,7,5248454689216,1,64,3932608,131072,131072,0,448,448,131136,64,bundle1.flags
25,8,5248454820352,2,64,4063744,262144,131072,0,512,512,262208,64,bundle1.counters
25,9,5248455082560,4,64,4325952,524288,131072,0,576,576,524352,64,bundle1.counts
25,10,5248455606912,8,64,4850304,1048576,131072,0,640,640,1048640,64,bundle1.totals
25,11,5248456655552,3,64,5898944,393216,131072,0,704,704,393280,64,bundle1.payloads
25,12,5248457048832,4,64,6292224,524288,131072,0,768,768,524352,64,bundle1.values
25,13,5248457573184,8,64,6816576,1048576,131072,0,832,832,1048640,64,bundle1.rates
25,14,5248458621824,1,64,7865216,131072,131072,0,896,896,131136,64,bundle2.flags
25,15,5248458752960,2,64,7996352,262144,131072,0,960,960,262208,64,bundle2.counters
25,16,5248459015168,4,64,8258560,524288,131072,0,1024,1024,524352,64,bundle2.counts
25,17,5248459539520,8,64,8782912,1048576,131072,0,1088,1088,1048640,64,bundle2.totals
25,18,5248460588160,3,64,9831552,393216,131072,0,1152,1152,393280,64,bundle2.payloads
25,19,5248460981440,4,64,10224832,524288,131072,0,1216,1216,524352,64,bundle2.values
25,20,5248461505792,8,64,10749184,1048576,131072,0,1280,1280,1048640,64,bundle2.rates
25,21,5248462554432,1,64,11797824,131072,131072,0,1344,1344,131136,64,bundle3.flags
25,22,5248462685568,2,64,11928960,262144,131072,0,1408,1408,262208,64,bundle3.counters
25,23,5248462947776,4,64,12191168,524288,131072,0,1472,1472,524352,64,bundle3.counts
25,24,5248463472128,8,64,12715520,1048576,131072,0,1536,1536,1048640,64,bundle3.totals
25,25,5248464520768,3,64,13764160,393216,131072,0,1600,1600,393280,64,bundle3.payloads
25,26,5248464914048,4,64,14157440,524288,131072,0,1664,1664,524352,64,bundle3.values
25,27,5248465438400,8,64,14681792,1048576,131072,0,1728,1728,1048640,64,bundle3.rates
25,28,5248466487040,1,64,15730432,131072,131072,0,1792,1792,131136,64,bundle4.flags
25,29,5248466618176,2,64,15861568,262144,131072,0,1856,1856,262208,64,bundle4.counters
25,30,5248466880384,4,64,16123776,524288,131072,0,1920,1920,524352,64,bundle4.counts
25,31,5248467404736,8,64,16648128,1048576,131072,0,1984,1984,1048640,64,bundle4.totals
25,32,5248468453376,3,64,17696768,393216,131072,0,2048,2048,393280,64,bundle4.payloads
25,33,5248468846656,4,64,18090048,524288,131072,0,2112,2112,524352,64,bundle4.values
25,34,5248469371008,8,64,18614400,1048576,131072,0,2176,2176,1048640,64,bundle4.rates
25,35,5248470419648,1,64,19663040,131072,131072,0,2240,2240,131136,64,bundle5.flags
25,36,5248470550784,2,64,19794176,262144,131072,0,2304,2304,262208,64,bundle5.counters
25,37,5248470812992,4,64,20056384,524288,131072,0,2368,2368,524352,64,bundle5.counts
25,38,5248471337344,8,64,20580736,1048576,131072,0,2432,2432,1048640,64,bundle5.totals
25,39,5248472385984,3,64,21629376,393216,131072,0,2496,2496,393280,64,bundle5.payloads
25,40,5248472779264,4,64,22022656,524288,131072,0,2560,2560,524352,64,bundle5.values
25,41,5248473303616,8,64,22547008,1048576,131072,0,2624,2624,,,bundle5.rates
26,0,5287675166720,4,64,0,524288,131072,0,0,0,524288,0,bundle0.positions
26,1,5287675691008,4,64,524288,524288,131072,0,0,0,524288,0,bundle0.velocities
26,2,5287676215296,32,64,1048576,4194304,131072,0,0,0,4194304,0,bundle0.aligned32
26,3,5287680409600,64,64,5242880,8388608,131072,0,0,0,8388608,0,bundle0.aligned64
26,4,5287688798208,256,256,13631488,33554432,131072,0,0,0,33554432,0,bundle0.aligned256
26,5,5287722352640,4,64,47185920,524288,131072,0,0,0,524288,0,bundle1.positions
26,6,5287722876928,4,64,47710208,524288,131072,0,0,0,524288,0,bundle1.velocities
26,7,5287723401216,32,64,48234496,4194304,131072,0,0,0,4194304,0,bundle1.aligned32
26,8,5287727595520,64,64,52428800,8388608,131072,0,0,0,8388608,0,bundle1.aligned64
26,9,5287735984128,256,256,60817408,33554432,131072,0,0,0,33554432,0,bundle1.aligned256
26,10,5287769538560,4,64,94371840,524288,131072,0,0,0,524288,0,bundle2.positions
26,11,5287770062848,4,64,94896128,524288,131072,0,0,0,524288,0,bundle2.velocities
26,12,5287770587136,32,64,95420416,4194304,131072,0,0,0,4194304,0,bundle2.aligned32
26,13,5287774781440,64,64,99614720,8388608,131072,0,0,0,8388608,0,bundle2.aligned64
26,14,5287783170048,256,256,108003328,33554432,131072,0,0,0,,,bundle2.aligned256
27,0,2763543740416,8,64,0,1048576,131072,0,0,0,1048768,192,positions0.xs
27,1,2763544789184,8,64,1048768,1048576,131072,0,192,192,1048768,192,positions0.ys
27,2,2763545837952,8,64,2097536,1048576,131072,0,384,384,1048768,192,positions0.zs
27,3,2763546886720,8,64,3146304,1048576,131072,0,576,576,1048768,192,velocities0.xs
27,4,2763547935488,8,64,4195072,1048576,131072,0,768,768,1048768,192,velocities0.ys
27,5,2763548984256,8,64,5243840,1048576,131072,0,960,960,1048768,192,velocities0.zs
27,6,2763550033024,8,64,6292608,1048576,131072,0,1152,1152,1048768,192,positions1.xs
27,7,2763551081792,8,64,7341376,1048576,131072,0,1344,1344,1048768,192,positions1.ys
27,8,2763552130560,8,64,8390144,1048576,131072,0,1536,1536,1048768,192,positions1.zs
27,9,2763553179328,8,64,9438912,1048576,131072,0,1728,1728,1048768,192,velocities1.xs
27,10,2763554228096,8,64,10487680,1048576,131072,0,1920,1920,1048768,192,velocities1.ys
27,11,2763555276864,8,64,11536448,1048576,131072,0,2112,2112,1048768,192,velocities1.zs
27,12,2763556325632,8,64,12585216,1048576,131072,0,2304,2304,1048768,192,positions2.xs
27,13,2763557374400,8,64,13633984,1048576,131072,0,2496,2496,1048768,192,positions2.ys
27,14,2763558423168,8,64,14682752,1048576,131072,0,2688,2688,1048768,192,positions2.zs
27,15,2763559471936,8,64,15731520,1048576,131072,0,2880,2880,1048768,192,velocities2.xs
27,16,2763560520704,8,64,16780288,1048576,131072,0,3072,3072,1048768,192,velocities2.ys
27,17,2763561569472,8,64,17829056,1048576,131072,0,3264,3264,1048768,192,velocities2.zs
27,18,2763562618240,8,64,18877824,1048576,131072,0,3456,3456,1048768,192,positions3.xs
27,19,2763563667008,8,64,19926592,1048576,131072,0,3648,3648,1048768,192,positions3.ys
27,20,2763564715776,8,64,20975360,1048576,131072,0,3840,3840,1048768,192,positions3.zs
27,21,2763565764544,8,64,22024128,1048576,131072,0,4032,4032,1048768,192,velocities3.xs
27,22,2763566813312,8,64,23072896,1048576,131072,0,128,4224,1048768,192,velocities3.ys
27,23,2763567862080,8,64,24121664,1048576,131072,0,320,4416,,,velocities3.zs
28,0,3856076046336,8,64,0,524800,65600,0,0,0,524800,0,entity_handles
28,1,3856076571136,4,64,524800,262400,65600,0,512,512,262400,0,integral_biases
28,2,3856076833536,4,64,787200,262400,65600,0,768,768,262400,0,float_biases
28,3,3856077095936,1,64,1049600,65600,65600,0,1024,1024,65600,0,tasks
28,4,3856077161536,4,64,1115200,262400,65600,0,1088,1088,262400,0,locations.xs
28,5,3856077423936,4,64,1377600,262400,65600,0,1344,1344,262400,0,locations.ys
28,6,3856077686336,4,64,1640000,262400,65600,0,1600,1600,262400,0,locations.zs
28,7,3856077948736,4,64,1902400,262400,65600,0,1856,1856,262400,0,desired_move_locations.xs
28,8,3856078211136,4,64,2164800,262400,65600,0,2112,2112,262400,0,desired_move_locations.ys
28,9,3856078473536,4,64,2427200,262400,65600,0,2368,2368,262400,0,desired_move_locations.zs
28,10,3856078735936,4,64,2689600,262400,65600,0,2624,2624,262400,0,aim_directions.xs
28,11,3856078998336,4,64,2952000,262400,65600,0,2880,2880,262400,0,aim_directions.ys
28,12,3856079260736,4,64,3214400,262400,65600,0,3136,3136,262400,0,aim_directions.zs
28,13,3856079523136,4,64,3476800,262400,65600,0,3392,3392,262400,0,desired_aiming_directions.xs
28,14,3856079785536,4,64,3739200,262400,65600,0,3648,3648,262400,0,desired_aiming_directions.ys
28,15,3856080047936,4,64,4001600,262400,65600,0,3904,3904,262400,0,desired_aiming_directions.zs
28,16,3856080310336,4,64,4264000,262400,65600,0,64,4160,262400,0,movement_directions.xs
28,17,3856080572736,4,64,4526400,262400,65600,0,320,4416,262400,0,movement_directions.ys
28,18,3856080835136,4,64,4788800,262400,65600,0,576,4672,262400,0,movement_directions.zs
28,19,3856081097536,4,64,5051200,262400,65600,0,832,4928,262400,0,velocities.xs
28,20,3856081359936,4,64,5313600,262400,65600,0,1088,5184,262400,0,velocities.ys
28,21,3856081622336,4,64,5576000,262400,65600,0,1344,5440,262400,0,velocities.zs
28,22,3856081884736,4,64,5838400,262400,65600,0,1600,5696,262400,0,move_distances
28,23,3856082147136,4,64,6100800,262400,65600,0,1856,5952,262400,0,speeds
28,24,3856082409536,1,64,6363200,65600,65600,0,2112,6208,65600,0,teams
28,25,3856082475136,4,64,6428800,262400,65600,0,2176,6272,262400,0,healths
28,26,3856082737536,8,64,6691200,524800,65600,0,2432,6528,524800,0,parent_handles
28,27,3856083262336,1,64,7216000,65600,65600,0,2944,7040,65600,0,awareness_scan_countdowns.counters
28,28,3856083327936,2,64,7281600,131200,65600,0,3008,7104,131200,0,navigation_update_countdowns.remaining_ticks
28,29,3856083459136,2,64,7412800,131200,65600,0,3136,7232,131200,0,navigation_update_countdowns.periods
28,30,3856083590336,4,64,7544000,262400,65600,0,3264,7360,262400,0,separation_steering.xs
28,31,3856083852736,4,64,7806400,262400,65600,0,3520,7616,262400,0,separation_steering.ys
28,32,3856084115136,4,64,8068800,262400,65600,0,3776,7872,262400,0,separation_steering.zs
28,33,3856084377536,1,64,8331200,65600,65600,0,4032,8128,65600,0,navigation_risk_tiers
28,34,3856084443136,1,64,8396800,65600,65600,0,0,8192,65600,0,navigation_lower_risk_scan_counts
28,35,3856084508736,1,64,8462400,65600,65600,0,64,8256,65600,0,avoidance_choice_indices
28,36,3856084574336,1,64,8528000,65600,65600,0,128,8320,65600,0,avoidance_clear_scan_counts
28,37,3856084639936,2,64,8593600,131200,65600,0,192,8384,131200,0,attack_reposition_countdowns.counters
28,38,3856084771136,2,64,8724800,131200,65600,0,320,8512,131200,0,attack_cooldowns.counters
28,39,3856084902336,8,64,8856000,524800,65600,0,448,8640,524800,0,target_handles
28,40,3856085427136,4,64,9380800,262400,65600,0,960,9152,262400,0,target_locations.xs
28,41,3856085689536,4,64,9643200,262400,65600,0,1216,9408,262400,0,target_locations.ys
28,42,3856085951936,4,64,9905600,262400,65600,0,1472,9664,262400,0,target_locations.zs
28,43,3856086214336,4,64,10168000,262400,65600,0,1728,9920,262400,0,target_velocities.xs
28,44,3856086476736,4,64,10430400,262400,65600,0,1984,10176,262400,0,target_velocities.ys
28,45,3856086739136,4,64,10692800,262400,65600,0,2240,10432,262400,0,target_velocities.zs
28,46,3856087001536,4,64,10955200,262400,65600,0,2496,10688,262400,0,target_directions.xs
28,47,3856087263936,4,64,11217600,262400,65600,0,2752,10944,262400,0,target_directions.ys
28,48,3856087526336,4,64,11480000,262400,65600,0,3008,11200,262400,0,target_directions.zs
28,49,3856087788736,4,64,11742400,262400,65600,0,3264,11456,262400,0,intercept_times
28,50,3856088051136,4,64,12004800,262400,65600,0,3520,11712,262400,0,target_distance_sq
28,51,3856088313536,4,64,12267200,262400,65600,0,3776,11968,262400,0,target_distances
28,52,3856088575936,4,64,12529600,262400,65600,0,4032,12224,,,target_radii
29,0,2488698667008,4,64,0,300032,75008,0,0,0,300032,0,bundle0.positions
29,1,2488698967040,4,64,300032,300032,75008,0,1024,37888,300032,0,bundle0.velocities
29,2,2488699267072,32,64,600064,2400256,75008,0,2048,10240,2400256,0,bundle0.aligned32
29,3,2488701667328,64,64,3000320,4800512,75008,0,2048,51200,4800512,0,bundle0.aligned64
29,4,2488706467840,256,256,7800832,19202048,75008,0,2048,2048,19202048,0,bundle0.aligned256
29,5,2488725669888,4,64,27002880,300032,75008,0,2048,2048,300032,0,bundle1.positions
29,6,2488725969920,4,64,27302912,300032,75008,0,3072,39936,300032,0,bundle1.velocities
29,7,2488726269952,32,64,27602944,2400256,75008,0,0,12288,2400256,0,bundle1.aligned32
29,8,2488728670208,64,64,30003200,4800512,75008,0,0,53248,4800512,0,bundle1.aligned64
29,9,2488733470720,256,256,34803712,19202048,75008,0,0,4096,19202048,0,bundle1.aligned256
29,10,2488752672768,4,64,54005760,300032,75008,0,0,4096,300032,0,bundle2.positions
29,11,2488752972800,4,64,54305792,300032,75008,0,1024,41984,300032,0,bundle2.velocities
29,12,2488753272832,32,64,54605824,2400256,75008,0,2048,14336,2400256,0,bundle2.aligned32
29,13,2488755673088,64,64,57006080,4800512,75008,0,2048,55296,4800512,0,bundle2.aligned64
29,14,2488760473600,256,256,61806592,19202048,75008,0,2048,6144,,,bundle2.aligned256
30,0,2448132079616,1,64,0,65536,65536,0,0,0,65728,192,bundle0.flags
30,1,2448132145344,2,64,65728,131072,65536,0,192,192,131264,192,bundle0.counters
30,2,2448132276608,4,64,196992,262144,65536,0,384,384,262336,192,bundle0.counts
30,3,2448132538944,8,64,459328,524288,65536,0,576,576,524480,192,bundle0.totals
30,4,2448133063424,3,64,983808,196608,65536,0,768,768,196800,192,bundle0.payloads
30,5,2448133260224,4,64,1180608,262144,65536,0,960,960,262336,192,bundle0.values
30,6,2448133522560,8,64,1442944,524288,65536,0,1152,1152,524480,192,bundle0.rates
30,7,2448134047040,1,64,1967424,65536,65536,0,1344,1344,65728,192,bundle1.flags
30,8,2448134112768,2,64,2033152,131072,65536,0,1536,1536,131264,192,bundle1.counters
30,9,2448134244032,4,64,2164416,262144,65536,0,1728,1728,262336,192,bundle1.counts
30,10,2448134506368,8,64,2426752,524288,65536,0,1920,1920,524480,192,bundle1.totals
30,11,2448135030848,3,64,2951232,196608,65536,0,2112,2112,196800,192,bundle1.payloads
30,12,2448135227648,4,64,3148032,262144,65536,0,2304,2304,262336,192,bundle1.values
30,13,2448135489984,8,64,3410368,524288,65536,0,2496,2496,524480,192,bundle1.rates
30,14,2448136014464,1,64,3934848,65536,65536,0,2688,2688,65728,192,bundle2.flags
30,15,2448136080192,2,64,4000576,131072,65536,0,2880,2880,131264,192,bundle2.counters
30,16,2448136211456,4,64,4131840,262144,65536,0,3072,3072,262336,192,bundle2.counts
30,17,2448136473792,8,64,4394176,524288,65536,0,3264,3264,524480,192,bundle2.totals
30,18,2448136998272,3,64,4918656,196608,65536,0,3456,3456,196800,192,bundle2.payloads
30,19,2448137195072,4,64,5115456,262144,65536,0,3648,3648,262336,192,bundle2.values
30,20,2448137457408,8,64,5377792,524288,65536,0,3840,3840,524480,192,bundle2.rates
30,21,2448137981888,1,64,5902272,65536,65536,0,4032,4032,65728,192,bundle3.flags
30,22,2448138047616,2,64,5968000,131072,65536,0,128,4224,131264,192,bundle3.counters
30,23,2448138178880,4,64,6099264,262144,65536,0,320,4416,262336,192,bundle3.counts
30,24,2448138441216,8,64,6361600,524288,65536,0,512,4608,524480,192,bundle3.totals
30,25,2448138965696,3,64,6886080,196608,65536,0,704,4800,196800,192,bundle3.payloads
30,26,2448139162496,4,64,7082880,262144,65536,0,896,4992,262336,192,bundle3.values
30,27,2448139424832,8,64,7345216,524288,65536,0,1088,5184,524480,192,bundle3.rates
30,28,2448139949312,1,64,7869696,65536,65536,0,1280,5376,65728,192,bundle4.flags
30,29,2448140015040,2,64,7935424,131072,65536,0,1472,5568,131264,192,bundle4.counters
30,30,2448140146304,4,64,8066688,262144,65536,0,1664,5760,262336,192,bundle4.counts
30,31,2448140408640,8,64,8329024,524288,65536,0,1856,5952,524480,192,bundle4.totals
30,32,2448140933120,3,64,8853504,196608,65536,0,2048,6144,196800,192,bundle4.payloads
30,33,2448141129920,4,64,9050304,262144,65536,0,2240,6336,262336,192,bundle4.values
30,34,2448141392256,8,64,9312640,524288,65536,0,2432,6528,524480,192,bundle4.rates
30,35,2448141916736,1,64,9837120,65536,65536,0,2624,6720,65728,192,bundle5.flags
30,36,2448141982464,2,64,9902848,131072,65536,0,2816,6912,131264,192,bundle5.counters
30,37,2448142113728,4,64,10034112,262144,65536,0,3008,7104,262336,192,bundle5.counts
30,38,2448142376064,8,64,10296448,524288,65536,0,3200,7296,524480,192,bundle5.totals
30,39,2448142900544,3,64,10820928,196608,65536,0,3392,7488,196800,192,bundle5.payloads
30,40,2448143097344,4,64,11017728,262144,65536,0,3584,7680,262336,192,bundle5.values
30,41,2448143359680,8,64,11280064,524288,65536,0,3776,7872,,,bundle5.rates
31,0,3055869952000,8,64,0,524800,65600,0,0,0,524800,0,entity_handles
31,1,3055870476800,4,64,524800,262400,65600,0,512,512,262400,0,integral_biases
31,2,3055870739200,4,64,787200,262400,65600,0,768,768,262400,0,float_biases
31,3,3055871001600,1,64,1049600,65600,65600,0,1024,1024,65600,0,tasks
31,4,3055871067200,4,64,1115200,262400,65600,0,1088,1088,262400,0,locations.xs
31,5,3055871329600,4,64,1377600,262400,65600,0,1344,1344,262400,0,locations.ys
31,6,3055871592000,4,64,1640000,262400,65600,0,1600,1600,262400,0,locations.zs
31,7,3055871854400,4,64,1902400,262400,65600,0,1856,1856,262400,0,desired_move_locations.xs
31,8,3055872116800,4,64,2164800,262400,65600,0,2112,2112,262400,0,desired_move_locations.ys
31,9,3055872379200,4,64,2427200,262400,65600,0,2368,2368,262400,0,desired_move_locations.zs
31,10,3055872641600,4,64,2689600,262400,65600,0,2624,2624,262400,0,aim_directions.xs
31,11,3055872904000,4,64,2952000,262400,65600,0,2880,2880,262400,0,aim_directions.ys
31,12,3055873166400,4,64,3214400,262400,65600,0,3136,3136,262400,0,aim_directions.zs
31,13,3055873428800,4,64,3476800,262400,65600,0,3392,3392,262400,0,desired_aiming_directions.xs
31,14,3055873691200,4,64,3739200,262400,65600,0,3648,3648,262400,0,desired_aiming_directions.ys
31,15,3055873953600,4,64,4001600,262400,65600,0,3904,3904,262400,0,desired_aiming_directions.zs
31,16,3055874216000,4,64,4264000,262400,65600,0,64,4160,262400,0,movement_directions.xs
31,17,3055874478400,4,64,4526400,262400,65600,0,320,4416,262400,0,movement_directions.ys
31,18,3055874740800,4,64,4788800,262400,65600,0,576,4672,262400,0,movement_directions.zs
31,19,3055875003200,4,64,5051200,262400,65600,0,832,4928,262400,0,velocities.xs
31,20,3055875265600,4,64,5313600,262400,65600,0,1088,5184,262400,0,velocities.ys
31,21,3055875528000,4,64,5576000,262400,65600,0,1344,5440,262400,0,velocities.zs
31,22,3055875790400,4,64,5838400,262400,65600,0,1600,5696,262400,0,move_distances
31,23,3055876052800,4,64,6100800,262400,65600,0,1856,5952,262400,0,speeds
31,24,3055876315200,1,64,6363200,65600,65600,0,2112,6208,65600,0,teams
31,25,3055876380800,4,64,6428800,262400,65600,0,2176,6272,262400,0,healths
31,26,3055876643200,8,64,6691200,524800,65600,0,2432,6528,524800,0,parent_handles
31,27,3055877168000,1,64,7216000,65600,65600,0,2944,7040,65600,0,awareness_scan_countdowns.counters
31,28,3055877233600,2,64,7281600,131200,65600,0,3008,7104,131200,0,navigation_update_countdowns.remaining_ticks
31,29,3055877364800,2,64,7412800,131200,65600,0,3136,7232,131200,0,navigation_update_countdowns.periods
31,30,3055877496000,4,64,7544000,262400,65600,0,3264,7360,262400,0,separation_steering.xs
31,31,3055877758400,4,64,7806400,262400,65600,0,3520,7616,262400,0,separation_steering.ys
31,32,3055878020800,4,64,8068800,262400,65600,0,3776,7872,262400,0,separation_steering.zs
31,33,3055878283200,1,64,8331200,65600,65600,0,4032,8128,65600,0,navigation_risk_tiers
31,34,3055878348800,1,64,8396800,65600,65600,0,0,8192,65600,0,navigation_lower_risk_scan_counts
31,35,3055878414400,1,64,8462400,65600,65600,0,64,8256,65600,0,avoidance_choice_indices
31,36,3055878480000,1,64,8528000,65600,65600,0,128,8320,65600,0,avoidance_clear_scan_counts
31,37,3055878545600,2,64,8593600,131200,65600,0,192,8384,131200,0,attack_reposition_countdowns.counters
31,38,3055878676800,2,64,8724800,131200,65600,0,320,8512,131200,0,attack_cooldowns.counters
31,39,3055878808000,8,64,8856000,524800,65600,0,448,8640,524800,0,target_handles
31,40,3055879332800,4,64,9380800,262400,65600,0,960,9152,262400,0,target_locations.xs
31,41,3055879595200,4,64,9643200,262400,65600,0,1216,9408,262400,0,target_locations.ys
31,42,3055879857600,4,64,9905600,262400,65600,0,1472,9664,262400,0,target_locations.zs
31,43,3055880120000,4,64,10168000,262400,65600,0,1728,9920,262400,0,target_velocities.xs
31,44,3055880382400,4,64,10430400,262400,65600,0,1984,10176,262400,0,target_velocities.ys
31,45,3055880644800,4,64,10692800,262400,65600,0,2240,10432,262400,0,target_velocities.zs
31,46,3055880907200,4,64,10955200,262400,65600,0,2496,10688,262400,0,target_directions.xs
31,47,3055881169600,4,64,11217600,262400,65600,0,2752,10944,262400,0,target_directions.ys
31,48,3055881432000,4,64,11480000,262400,65600,0,3008,11200,262400,0,target_directions.zs
31,49,3055881694400,4,64,11742400,262400,65600,0,3264,11456,262400,0,intercept_times
31,50,3055881956800,4,64,12004800,262400,65600,0,3520,11712,262400,0,target_distance_sq
31,51,3055882219200,4,64,12267200,262400,65600,0,3776,11968,262400,0,target_distances
31,52,3055882481600,4,64,12529600,262400,65600,0,4032,12224,,,target_radii
32,0,5509638455296,1,64,0,131072,131072,0,0,0,131072,0,bundle0.flags
32,1,5509638586368,2,64,131072,262144,131072,0,0,0,262144,0,bundle0.counters
32,2,5509638848512,4,64,393216,524288,131072,0,0,0,524288,0,bundle0.counts
32,3,5509639372800,8,64,917504,1048576,131072,0,0,0,1048576,0,bundle0.totals
32,4,5509640421376,3,64,1966080,393216,131072,0,0,0,393216,0,bundle0.payloads
32,5,5509640814592,4,64,2359296,524288,131072,0,0,0,524288,0,bundle0.values
32,6,5509641338880,8,64,2883584,1048576,131072,0,0,0,1048576,0,bundle0.rates
32,7,5509642387456,1,64,3932160,131072,131072,0,0,0,131072,0,bundle1.flags
32,8,5509642518528,2,64,4063232,262144,131072,0,0,0,262144,0,bundle1.counters
32,9,5509642780672,4,64,4325376,524288,131072,0,0,0,524288,0,bundle1.counts
32,10,5509643304960,8,64,4849664,1048576,131072,0,0,0,1048576,0,bundle1.totals
32,11,5509644353536,3,64,5898240,393216,131072,0,0,0,393216,0,bundle1.payloads
32,12,5509644746752,4,64,6291456,524288,131072,0,0,0,524288,0,bundle1.values
32,13,5509645271040,8,64,6815744,1048576,131072,0,0,0,1048576,0,bundle1.rates
32,14,5509646319616,1,64,7864320,131072,131072,0,0,0,131072,0,bundle2.flags
32,15,5509646450688,2,64,7995392,262144,131072,0,0,0,262144,0,bundle2.counters
32,16,5509646712832,4,64,8257536,524288,131072,0,0,0,524288,0,bundle2.counts
32,17,5509647237120,8,64,8781824,1048576,131072,0,0,0,1048576,0,bundle2.totals
32,18,5509648285696,3,64,9830400,393216,131072,0,0,0,393216,0,bundle2.payloads
32,19,5509648678912,4,64,10223616,524288,131072,0,0,0,524288,0,bundle2.values
32,20,5509649203200,8,64,10747904,1048576,131072,0,0,0,1048576,0,bundle2.rates
32,21,5509650251776,1,64,11796480,131072,131072,0,0,0,131072,0,bundle3.flags
32,22,5509650382848,2,64,11927552,262144,131072,0,0,0,262144,0,bundle3.counters
32,23,5509650644992,4,64,12189696,524288,131072,0,0,0,524288,0,bundle3.counts
32,24,5509651169280,8,64,12713984,1048576,131072,0,0,0,1048576,0,bundle3.totals
32,25,5509652217856,3,64,13762560,393216,131072,0,0,0,393216,0,bundle3.payloads
32,26,5509652611072,4,64,14155776,524288,131072,0,0,0,524288,0,bundle3.values
32,27,5509653135360,8,64,14680064,1048576,131072,0,0,0,1048576,0,bundle3.rates
32,28,5509654183936,1,64,15728640,131072,131072,0,0,0,131072,0,bundle4.flags
32,29,5509654315008,2,64,15859712,262144,131072,0,0,0,262144,0,bundle4.counters
32,30,5509654577152,4,64,16121856,524288,131072,0,0,0,524288,0,bundle4.counts
32,31,5509655101440,8,64,16646144,1048576,131072,0,0,0,1048576,0,bundle4.totals
32,32,5509656150016,3,64,17694720,393216,131072,0,0,0,393216,0,bundle4.payloads
32,33,5509656543232,4,64,18087936,524288,131072,0,0,0,524288,0,bundle4.values
32,34,5509657067520,8,64,18612224,1048576,131072,0,0,0,1048576,0,bundle4.rates
32,35,5509658116096,1,64,19660800,131072,131072,0,0,0,131072,0,bundle5.flags
32,36,5509658247168,2,64,19791872,262144,131072,0,0,0,262144,0,bundle5.counters
32,37,5509658509312,4,64,20054016,524288,131072,0,0,0,524288,0,bundle5.counts
32,38,5509659033600,8,64,20578304,1048576,131072,0,0,0,1048576,0,bundle5.totals
32,39,5509660082176,3,64,21626880,393216,131072,0,0,0,393216,0,bundle5.payloads
32,40,5509660475392,4,64,22020096,524288,131072,0,0,0,524288,0,bundle5.values
32,41,5509660999680,8,64,22544384,1048576,131072,0,0,0,,,bundle5.rates
33,0,3237063884800,8,64,0,600064,75008,0,0,0,600064,0,entity_handles
33,1,3237064484864,4,64,600064,300032,75008,0,2048,10240,300032,0,integral_biases
33,2,3237064784896,4,64,900096,300032,75008,0,3072,48128,300032,0,float_biases
33,3,3237065084928,1,64,1200128,75008,75008,0,0,20480,75008,0,tasks
33,4,3237065159936,4,64,1275136,300032,75008,0,1280,29952,300032,0,locations.xs
33,5,3237065459968,4,64,1575168,300032,75008,0,2304,2304,300032,0,locations.ys
33,6,3237065760000,4,64,1875200,300032,75008,0,3328,40192,300032,0,locations.zs
33,7,3237066060032,4,64,2175232,300032,75008,0,256,12544,300032,0,desired_move_locations.xs
33,8,3237066360064,4,64,2475264,300032,75008,0,1280,50432,300032,0,desired_move_locations.ys
33,9,3237066660096,4,64,2775296,300032,75008,0,2304,22784,300032,0,desired_move_locations.zs
33,10,3237066960128,4,64,3075328,300032,75008,0,3328,60672,300032,0,aim_directions.xs
33,11,3237067260160,4,64,3375360,300032,75008,0,256,33024,300032,0,aim_directions.ys
33,12,3237067560192,4,64,3675392,300032,75008,0,1280,5376,300032,0,aim_directions.zs
33,13,3237067860224,4,64,3975424,300032,75008,0,2304,43264,300032,0,desired_aiming_directions.xs
33,14,3237068160256,4,64,4275456,300032,75008,0,3328,15616,300032,0,desired_aiming_directions.ys
33,15,3237068460288,4,64,4575488,300032,75008,0,256,53504,300032,0,desired_aiming_directions.zs
33,16,3237068760320,4,64,4875520,300032,75008,0,1280,25856,300032,0,movement_directions.xs
33,17,3237069060352,4,64,5175552,300032,75008,0,2304,63744,300032,0,movement_directions.ys
33,18,3237069360384,4,64,5475584,300032,75008,0,3328,36096,300032,0,movement_directions.zs
33,19,3237069660416,4,64,5775616,300032,75008,0,256,8448,300032,0,velocities.xs
33,20,3237069960448,4,64,6075648,300032,75008,0,1280,46336,300032,0,velocities.ys
33,21,3237070260480,4,64,6375680,300032,75008,0,2304,18688,300032,0,velocities.zs
33,22,3237070560512,4,64,6675712,300032,75008,0,3328,56576,300032,0,move_distances
33,23,3237070860544,4,64,6975744,300032,75008,0,256,28928,300032,0,speeds
33,24,3237071160576,1,64,7275776,75008,75008,0,1280,1280,75008,0,teams
33,25,3237071235584,4,64,7350784,300032,75008,0,2560,10752,300032,0,healths
33,26,3237071535616,8,64,7650816,600064,75008,0,3584,48640,600064,0,parent_handles
33,27,3237072135680,1,64,8250880,75008,75008,0,1536,58880,75008,0,awareness_scan_countdowns.counters
33,28,3237072210688,2,64,8325888,150016,75008,0,2816,2816,150016,0,navigation_update_countdowns.remaining_ticks
33,29,3237072360704,2,64,8475904,150016,75008,0,1280,21760,150016,0,navigation_update_countdowns.periods
33,30,3237072510720,4,64,8625920,300032,75008,0,3840,40704,300032,0,separation_steering.xs
33,31,3237072810752,4,64,8925952,300032,75008,0,768,13056,300032,0,separation_steering.ys
33,32,3237073110784,4,64,9225984,300032,75008,0,1792,50944,300032,0,separation_steering.zs
33,33,3237073410816,1,64,9526016,75008,75008,0,2816,23296,75008,0,navigation_risk_tiers
33,34,3237073485824,1,64,9601024,75008,75008,0,0,32768,75008,0,navigation_lower_risk_scan_counts
33,35,3237073560832,1,64,9676032,75008,75008,0,1280,42240,75008,0,avoidance_choice_indices
33,36,3237073635840,1,64,9751040,75008,75008,0,2560,51712,75008,0,avoidance_clear_scan_counts
33,37,3237073710848,2,64,9826048,150016,75008,0,3840,61184,150016,0,attack_reposition_countdowns.counters
33,38,3237073860864,2,64,9976064,150016,75008,0,2304,14592,150016,0,attack_cooldowns.counters
33,39,3237074010880,8,64,10126080,600064,75008,0,768,33536,600064,0,target_handles
33,40,3237074610944,4,64,10726144,300032,75008,0,2816,43776,300032,0,target_locations.xs
33,41,3237074910976,4,64,11026176,300032,75008,0,3840,16128,300032,0,target_locations.ys
33,42,3237075211008,4,64,11326208,300032,75008,0,768,54016,300032,0,target_locations.zs
33,43,3237075511040,4,64,11626240,300032,75008,0,1792,26368,300032,0,target_velocities.xs
33,44,3237075811072,4,64,11926272,300032,75008,0,2816,64256,300032,0,target_velocities.ys
33,45,3237076111104,4,64,12226304,300032,75008,0,3840,36608,300032,0,target_velocities.zs
33,46,3237076411136,4,64,12526336,300032,75008,0,768,8960,300032,0,target_directions.xs
33,47,3237076711168,4,64,12826368,300032,75008,0,1792,46848,300032,0,target_directions.ys
33,48,3237077011200,4,64,13126400,300032,75008,0,2816,19200,300032,0,target_directions.zs
33,49,3237077311232,4,64,13426432,300032,75008,0,3840,57088,300032,0,intercept_times
33,50,3237077611264,4,64,13726464,300032,75008,0,768,29440,300032,0,target_distance_sq
33,51,3237077911296,4,64,14026496,300032,75008,0,1792,1792,300032,0,target_distances
33,52,3237078211328,4,64,14326528,300032,75008,0,2816,39680,,,target_radii
34,0,4991826460672,1,64,0,65536,65536,0,0,0,65600,64,bundle0.flags
34,1,4991826526272,2,64,65600,131072,65536,0,64,64,131136,64,bundle0.counters
34,2,4991826657408,4,64,196736,262144,65536,0,128,128,262208,64,bundle0.counts
34,3,4991826919616,8,64,458944,524288,65536,0,192,192,524352,64,bundle0.totals
34,4,4991827443968,3,64,983296,196608,65536,0,256,256,196672,64,bundle0.payloads
34,5,4991827640640,4,64,1179968,262144,65536,0,320,320,262208,64,bundle0.values
34,6,4991827902848,8,64,1442176,524288,65536,0,384,384,524352,64,bundle0.rates
34,7,4991828427200,1,64,1966528,65536,65536,0,448,448,65600,64,bundle1.flags
34,8,4991828492800,2,64,2032128,131072,65536,0,512,512,131136,64,bundle1.counters
34,9,4991828623936,4,64,2163264,262144,65536,0,576,576,262208,64,bundle1.counts
34,10,4991828886144,8,64,2425472,524288,65536,0,640,640,524352,64,bundle1.totals
34,11,4991829410496,3,64,2949824,196608,65536,0,704,704,196672,64,bundle1.payloads
34,12,4991829607168,4,64,3146496,262144,65536,0,768,768,262208,64,bundle1.values
34,13,4991829869376,8,64,3408704,524288,65536,0,832,832,524352,64,bundle1.rates
34,14,4991830393728,1,64,3933056,65536,65536,0,896,896,65600,64,bundle2.flags
34,15,4991830459328,2,64,3998656,131072,65536,0,960,960,131136,64,bundle2.counters
34,16,4991830590464,4,64,4129792,262144,65536,0,1024,1024,262208,64,bundle2.counts
34,17,4991830852672,8,64,4392000,524288,65536,0,1088,1088,524352,64,bundle2.totals
34,18,4991831377024,3,64,4916352,196608,65536,0,1152,1152,196672,64,bundle2.payloads
34,19,4991831573696,4,64,5113024,262144,65536,0,1216,1216,262208,64,bundle2.values
34,20,4991831835904,8,64,5375232,524288,65536,0,1280,1280,524352,64,bundle2.rates
34,21,4991832360256,1,64,5899584,65536,65536,0,1344,1344,65600,64,bundle3.flags
34,22,4991832425856,2,64,5965184,131072,65536,0,1408,1408,131136,64,bundle3.counters
34,23,4991832556992,4,64,6096320,262144,65536,0,1472,1472,262208,64,bundle3.counts
34,24,4991832819200,8,64,6358528,524288,65536,0,1536,1536,524352,64,bundle3.totals
34,25,4991833343552,3,64,6882880,196608,65536,0,1600,1600,196672,64,bundle3.payloads
34,26,4991833540224,4,64,7079552,262144,65536,0,1664,1664,262208,64,bundle3.values
34,27,4991833802432,8,64,7341760,524288,65536,0,1728,1728,524352,64,bundle3.rates
34,28,4991834326784,1,64,7866112,65536,65536,0,1792,1792,65600,64,bundle4.flags
34,29,4991834392384,2,64,7931712,131072,65536,0,1856,1856,131136,64,bundle4.counters
34,30,4991834523520,4,64,8062848,262144,65536,0,1920,1920,262208,64,bundle4.counts
34,31,4991834785728,8,64,8325056,524288,65536,0,1984,1984,524352,64,bundle4.totals
34,32,4991835310080,3,64,8849408,196608,65536,0,2048,2048,196672,64,bundle4.payloads
34,33,4991835506752,4,64,9046080,262144,65536,0,2112,2112,262208,64,bundle4.values
34,34,4991835768960,8,64,9308288,524288,65536,0,2176,2176,524352,64,bundle4.rates
34,35,4991836293312,1,64,9832640,65536,65536,0,2240,2240,65600,64,bundle5.flags
34,36,4991836358912,2,64,9898240,131072,65536,0,2304,2304,131136,64,bundle5.counters
34,37,4991836490048,4,64,10029376,262144,65536,0,2368,2368,262208,64,bundle5.counts
34,38,4991836752256,8,64,10291584,524288,65536,0,2432,2432,524352,64,bundle5.totals
34,39,4991837276608,3,64,10815936,196608,65536,0,2496,2496,196672,64,bundle5.payloads
34,40,4991837473280,4,64,11012608,262144,65536,0,2560,2560,262208,64,bundle5.values
34,41,4991837735488,8,64,11274816,524288,65536,0,2624,2624,,,bundle5.rates
35,0,2677353545728,8,4,0,524288,65536,0,0,0,1048576,524288,entity_handles
35,1,2677354594304,4,4,0,262144,65536,0,0,0,327680,65536,integral_biases
35,2,2677354921984,4,4,0,262144,65536,0,0,0,-2293760,-2555904,float_biases
35,3,2677352628224,1,1,0,65536,65536,0,0,0,2621440,2555904,tasks
35,4,2677355249664,4,4,0,262144,65536,0,0,0,327680,65536,locations.xs
35,5,2677355577344,4,4,0,262144,65536,0,0,0,327680,65536,locations.ys
35,6,2677355905024,4,4,0,262144,65536,0,0,0,327680,65536,locations.zs
35,7,2677356232704,4,4,0,262144,65536,0,0,0,327680,65536,desired_move_locations.xs
35,8,2677356560384,4,4,0,262144,65536,0,0,0,327680,65536,desired_move_locations.ys
35,9,2677356888064,4,4,0,262144,65536,0,0,0,327680,65536,desired_move_locations.zs
35,10,2677357215744,4,4,0,262144,65536,0,0,0,327680,65536,aim_directions.xs
35,11,2677357543424,4,4,0,262144,65536,0,0,0,327680,65536,aim_directions.ys
35,12,2677357871104,4,4,0,262144,65536,0,0,0,655360,393216,aim_directions.zs
35,13,2677358526464,4,4,0,262144,65536,0,0,0,327680,65536,desired_aiming_directions.xs
35,14,2677358854144,4,4,0,262144,65536,0,0,0,327680,65536,desired_aiming_directions.ys
35,15,2677359181824,4,4,0,262144,65536,0,0,0,327680,65536,desired_aiming_directions.zs
35,16,2677359509504,4,4,0,262144,65536,0,0,0,327680,65536,movement_directions.xs
35,17,2677359837184,4,4,0,262144,65536,0,0,0,327680,65536,movement_directions.ys
35,18,2677360164864,4,4,0,262144,65536,0,0,0,327680,65536,movement_directions.zs
35,19,2677360492544,4,4,0,262144,65536,0,0,0,327680,65536,velocities.xs
35,20,2677360820224,4,4,0,262144,65536,0,0,0,327680,65536,velocities.ys
35,21,2677361147904,4,4,0,262144,65536,0,0,0,327680,65536,velocities.zs
35,22,2677361475584,4,4,0,262144,65536,0,0,0,327680,65536,move_distances
35,23,2677361803264,4,4,0,262144,65536,0,0,0,-9109504,-9371648,speeds
35,24,2677352693760,1,1,0,65536,65536,0,0,0,9437184,9371648,teams
35,25,2677362130944,4,4,0,262144,65536,0,0,0,327680,65536,healths
35,26,2677362458624,8,4,0,524288,65536,0,0,0,-9699328,-10223616,parent_handles
35,27,2677352759296,1,1,0,65536,65536,0,0,0,-1114112,-1179648,awareness_scan_countdowns.counters
35,28,2677351645184,2,2,0,131072,65536,0,0,0,131072,0,navigation_update_countdowns.remaining_ticks
35,29,2677351776256,2,2,0,131072,65536,0,0,0,11730944,11599872,navigation_update_countdowns.periods
35,30,2677363507200,4,4,0,262144,65536,0,0,0,327680,65536,separation_steering.xs
35,31,2677363834880,4,4,0,262144,65536,0,0,0,327680,65536,separation_steering.ys
35,32,2677364162560,4,4,0,262144,65536,0,0,0,-11337728,-11599872,separation_steering.zs
35,33,2677352824832,1,1,0,65536,65536,0,0,0,65536,0,navigation_risk_tiers
35,34,2677352890368,1,1,0,65536,65536,0,0,0,65536,0,navigation_lower_risk_scan_counts
35,35,2677352955904,1,1,0,65536,65536,0,0,0,11534336,11468800,avoidance_choice_indices
35,36,2677364490240,1,1,0,65536,65536,0,0,0,524288,458752,avoidance_clear_scan_counts
35,37,2677365014528,2,2,0,131072,65536,0,0,0,131072,0,attack_reposition_countdowns.counters
35,38,2677365145600,2,2,0,131072,65536,0,0,0,393216,262144,attack_cooldowns.counters
35,39,2677365538816,8,4,0,524288,65536,0,0,0,1376256,851968,target_handles
35,40,2677366915072,4,4,0,262144,65536,0,0,0,327680,65536,target_locations.xs
35,41,2677367242752,4,4,0,262144,65536,0,0,0,327680,65536,target_locations.ys
35,42,2677367570432,4,4,0,262144,65536,0,0,0,327680,65536,target_locations.zs
35,43,2677367898112,4,4,0,262144,65536,0,0,0,327680,65536,target_velocities.xs
35,44,2677368225792,4,4,0,262144,65536,0,0,0,327680,65536,target_velocities.ys
35,45,2677368553472,4,4,0,262144,65536,0,0,0,327680,65536,target_velocities.zs
35,46,2677368881152,4,4,0,262144,65536,0,0,0,327680,65536,target_directions.xs
35,47,2677369208832,4,4,0,262144,65536,0,0,0,327680,65536,target_directions.ys
35,48,2677369536512,4,4,0,262144,65536,0,0,0,327680,65536,target_directions.zs
35,49,2677369864192,4,4,0,262144,65536,0,0,0,327680,65536,intercept_times
35,50,2677370191872,4,4,0,262144,65536,0,0,0,327680,65536,target_distance_sq
35,51,2677370519552,4,4,0,262144,65536,0,0,0,327680,65536,target_distances
35,52,2677370847232,4,4,0,262144,65536,0,0,0,,,target_radii
36,0,4477235691520,8,64,0,524288,65536,0,0,0,524352,64,positions0.xs
36,1,4477236215872,8,64,524352,524288,65536,0,64,64,524352,64,positions0.ys
36,2,4477236740224,8,64,1048704,524288,65536,0,128,128,524352,64,positions0.zs
36,3,4477237264576,8,64,1573056,524288,65536,0,192,192,524352,64,velocities0.xs
36,4,4477237788928,8,64,2097408,524288,65536,0,256,256,524352,64,velocities0.ys
36,5,4477238313280,8,64,2621760,524288,65536,0,320,320,524352,64,velocities0.zs
36,6,4477238837632,8,64,3146112,524288,65536,0,384,384,524352,64,positions1.xs
36,7,4477239361984,8,64,3670464,524288,65536,0,448,448,524352,64,positions1.ys
36,8,4477239886336,8,64,4194816,524288,65536,0,512,512,524352,64,positions1.zs
36,9,4477240410688,8,64,4719168,524288,65536,0,576,576,524352,64,velocities1.xs
36,10,4477240935040,8,64,5243520,524288,65536,0,640,640,524352,64,velocities1.ys
36,11,4477241459392,8,64,5767872,524288,65536,0,704,704,524352,64,velocities1.zs
36,12,4477241983744,8,64,6292224,524288,65536,0,768,768,524352,64,positions2.xs
36,13,4477242508096,8,64,6816576,524288,65536,0,832,832,524352,64,positions2.ys
36,14,4477243032448,8,64,7340928,524288,65536,0,896,896,524352,64,positions2.zs
36,15,4477243556800,8,64,7865280,524288,65536,0,960,960,524352,64,velocities2.xs
36,16,4477244081152,8,64,8389632,524288,65536,0,1024,1024,524352,64,velocities2.ys
36,17,4477244605504,8,64,8913984,524288,65536,0,1088,1088,524352,64,velocities2.zs
36,18,4477245129856,8,64,9438336,524288,65536,0,1152,1152,524352,64,positions3.xs
36,19,4477245654208,8,64,9962688,524288,65536,0,1216,1216,524352,64,positions3.ys
36,20,4477246178560,8,64,10487040,524288,65536,0,1280,1280,524352,64,positions3.zs
36,21,4477246702912,8,64,11011392,524288,65536,0,1344,1344,524352,64,velocities3.xs
36,22,4477247227264,8,64,11535744,524288,65536,0,1408,1408,524352,64,velocities3.ys
36,23,4477247751616,8,64,12060096,524288,65536,0,1472,1472,,,velocities3.zs
37,0,5196374278144,8,64,0,600064,75008,0,0,0,600064,0,entity_handles
37,1,5196374878208,4,64,600064,300032,75008,0,2048,10240,300032,0,integral_biases
37,2,5196375178240,4,64,900096,300032,75008,0,3072,48128,300032,0,float_biases
37,3,5196375478272,1,64,1200128,75008,75008,0,0,20480,75008,0,tasks
37,4,5196375553280,4,64,1275136,300032,75008,0,1280,29952,300032,0,locations.xs
37,5,5196375853312,4,64,1575168,300032,75008,0,2304,2304,300032,0,locations.ys
37,6,5196376153344,4,64,1875200,300032,75008,0,3328,40192,300032,0,locations.zs
37,7,5196376453376,4,64,2175232,300032,75008,0,256,12544,300032,0,desired_move_locations.xs
37,8,5196376753408,4,64,2475264,300032,75008,0,1280,50432,300032,0,desired_move_locations.ys
37,9,5196377053440,4,64,2775296,300032,75008,0,2304,22784,300032,0,desired_move_locations.zs
37,10,5196377353472,4,64,3075328,300032,75008,0,3328,60672,300032,0,aim_directions.xs
37,11,5196377653504,4,64,3375360,300032,75008,0,256,33024,300032,0,aim_directions.ys
37,12,5196377953536,4,64,3675392,300032,75008,0,1280,5376,300032,0,aim_directions.zs
37,13,5196378253568,4,64,3975424,300032,75008,0,2304,43264,300032,0,desired_aiming_directions.xs
37,14,5196378553600,4,64,4275456,300032,75008,0,3328,15616,300032,0,desired_aiming_directions.ys
37,15,5196378853632,4,64,4575488,300032,75008,0,256,53504,300032,0,desired_aiming_directions.zs
37,16,5196379153664,4,64,4875520,300032,75008,0,1280,25856,300032,0,movement_directions.xs
37,17,5196379453696,4,64,5175552,300032,75008,0,2304,63744,300032,0,movement_directions.ys
37,18,5196379753728,4,64,5475584,300032,75008,0,3328,36096,300032,0,movement_directions.zs
37,19,5196380053760,4,64,5775616,300032,75008,0,256,8448,300032,0,velocities.xs
37,20,5196380353792,4,64,6075648,300032,75008,0,1280,46336,300032,0,velocities.ys
37,21,5196380653824,4,64,6375680,300032,75008,0,2304,18688,300032,0,velocities.zs
37,22,5196380953856,4,64,6675712,300032,75008,0,3328,56576,300032,0,move_distances
37,23,5196381253888,4,64,6975744,300032,75008,0,256,28928,300032,0,speeds
37,24,5196381553920,1,64,7275776,75008,75008,0,1280,1280,75008,0,teams
37,25,5196381628928,4,64,7350784,300032,75008,0,2560,10752,300032,0,healths
37,26,5196381928960,8,64,7650816,600064,75008,0,3584,48640,600064,0,parent_handles
37,27,5196382529024,1,64,8250880,75008,75008,0,1536,58880,75008,0,awareness_scan_countdowns.counters
37,28,5196382604032,2,64,8325888,150016,75008,0,2816,2816,150016,0,navigation_update_countdowns.remaining_ticks
37,29,5196382754048,2,64,8475904,150016,75008,0,1280,21760,150016,0,navigation_update_countdowns.periods
37,30,5196382904064,4,64,8625920,300032,75008,0,3840,40704,300032,0,separation_steering.xs
37,31,5196383204096,4,64,8925952,300032,75008,0,768,13056,300032,0,separation_steering.ys
37,32,5196383504128,4,64,9225984,300032,75008,0,1792,50944,300032,0,separation_steering.zs
37,33,5196383804160,1,64,9526016,75008,75008,0,2816,23296,75008,0,navigation_risk_tiers
37,34,5196383879168,1,64,9601024,75008,75008,0,0,32768,75008,0,navigation_lower_risk_scan_counts
37,35,5196383954176,1,64,9676032,75008,75008,0,1280,42240,75008,0,avoidance_choice_indices
37,36,5196384029184,1,64,9751040,75008,75008,0,2560,51712,75008,0,avoidance_clear_scan_counts
37,37,5196384104192,2,64,9826048,150016,75008,0,3840,61184,150016,0,attack_reposition_countdowns.counters
37,38,5196384254208,2,64,9976064,150016,75008,0,2304,14592,150016,0,attack_cooldowns.counters
37,39,5196384404224,8,64,10126080,600064,75008,0,768,33536,600064,0,target_handles
37,40,5196385004288,4,64,10726144,300032,75008,0,2816,43776,300032,0,target_locations.xs
37,41,5196385304320,4,64,11026176,300032,75008,0,3840,16128,300032,0,target_locations.ys
37,42,5196385604352,4,64,11326208,300032,75008,0,768,54016,300032,0,target_locations.zs
37,43,5196385904384,4,64,11626240,300032,75008,0,1792,26368,300032,0,target_velocities.xs
37,44,5196386204416,4,64,11926272,300032,75008,0,2816,64256,300032,0,target_velocities.ys
37,45,5196386504448,4,64,12226304,300032,75008,0,3840,36608,300032,0,target_velocities.zs
37,46,5196386804480,4,64,12526336,300032,75008,0,768,8960,300032,0,target_directions.xs
37,47,5196387104512,4,64,12826368,300032,75008,0,1792,46848,300032,0,target_directions.ys
37,48,5196387404544,4,64,13126400,300032,75008,0,2816,19200,300032,0,target_directions.zs
37,49,5196387704576,4,64,13426432,300032,75008,0,3840,57088,300032,0,intercept_times
37,50,5196388004608,4,64,13726464,300032,75008,0,768,29440,300032,0,target_distance_sq
37,51,5196388304640,4,64,14026496,300032,75008,0,1792,1792,300032,0,target_distances
37,52,5196388604672,4,64,14326528,300032,75008,0,2816,39680,,,target_radii
38,0,5717139062784,1,64,0,131072,131072,0,0,0,131264,192,bundle0.flags
38,1,5717139194048,2,64,131264,262144,131072,0,192,192,262336,192,bundle0.counters
38,2,5717139456384,4,64,393600,524288,131072,0,384,384,524480,192,bundle0.counts
38,3,5717139980864,8,64,918080,1048576,131072,0,576,576,1048768,192,bundle0.totals
38,4,5717141029632,3,64,1966848,393216,131072,0,768,768,393408,192,bundle0.payloads
38,5,5717141423040,4,64,2360256,524288,131072,0,960,960,524480,192,bundle0.values
38,6,5717141947520,8,64,2884736,1048576,131072,0,1152,1152,1048768,192,bundle0.rates
38,7,5717142996288,1,64,3933504,131072,131072,0,1344,1344,131264,192,bundle1.flags
38,8,5717143127552,2,64,4064768,262144,131072,0,1536,1536,262336,192,bundle1.counters
38,9,5717143389888,4,64,4327104,524288,131072,0,1728,1728,524480,192,bundle1.counts
38,10,5717143914368,8,64,4851584,1048576,131072,0,1920,1920,1048768,192,bundle1.totals
38,11,5717144963136,3,64,5900352,393216,131072,0,2112,2112,393408,192,bundle1.payloads
38,12,5717145356544,4,64,6293760,524288,131072,0,2304,2304,524480,192,bundle1.values
38,13,5717145881024,8,64,6818240,1048576,131072,0,2496,2496,1048768,192,bundle1.rates
38,14,5717146929792,1,64,7867008,131072,131072,0,2688,2688,131264,192,bundle2.flags
38,15,5717147061056,2,64,7998272,262144,131072,0,2880,2880,262336,192,bundle2.counters
38,16,5717147323392,4,64,8260608,524288,131072,0,3072,3072,524480,192,bundle2.counts
38,17,5717147847872,8,64,8785088,1048576,131072,0,3264,3264,1048768,192,bundle2.totals
38,18,5717148896640,3,64,9833856,393216,131072,0,3456,3456,393408,192,bundle2.payloads
38,19,5717149290048,4,64,10227264,524288,131072,0,3648,3648,524480,192,bundle2.values
38,20,5717149814528,8,64,10751744,1048576,131072,0,3840,3840,1048768,192,bundle2.rates
38,21,5717150863296,1,64,11800512,131072,131072,0,4032,4032,131264,192,bundle3.flags
38,22,5717150994560,2,64,11931776,262144,131072,0,128,4224,262336,192,bundle3.counters
38,23,5717151256896,4,64,12194112,524288,131072,0,320,4416,524480,192,bundle3.counts
38,24,5717151781376,8,64,12718592,1048576,131072,0,512,4608,1048768,192,bundle3.totals
38,25,5717152830144,3,64,13767360,393216,131072,0,704,4800,393408,192,bundle3.payloads
38,26,5717153223552,4,64,14160768,524288,131072,0,896,4992,524480,192,bundle3.values
38,27,5717153748032,8,64,14685248,1048576,131072,0,1088,5184,1048768,192,bundle3.rates
38,28,5717154796800,1,64,15734016,131072,131072,0,1280,5376,131264,192,bundle4.flags
38,29,5717154928064,2,64,15865280,262144,131072,0,1472,5568,262336,192,bundle4.counters
38,30,5717155190400,4,64,16127616,524288,131072,0,1664,5760,524480,192,bundle4.counts
38,31,5717155714880,8,64,16652096,1048576,131072,0,1856,5952,1048768,192,bundle4.totals
38,32,5717156763648,3,64,17700864,393216,131072,0,2048,6144,393408,192,bundle4.payloads
38,33,5717157157056,4,64,18094272,524288,131072,0,2240,6336,524480,192,bundle4.values
38,34,5717157681536,8,64,18618752,1048576,131072,0,2432,6528,1048768,192,bundle4.rates
38,35,5717158730304,1,64,19667520,131072,131072,0,2624,6720,131264,192,bundle5.flags
38,36,5717158861568,2,64,19798784,262144,131072,0,2816,6912,262336,192,bundle5.counters
38,37,5717159123904,4,64,20061120,524288,131072,0,3008,7104,524480,192,bundle5.counts
38,38,5717159648384,8,64,20585600,1048576,131072,0,3200,7296,1048768,192,bundle5.totals
38,39,5717160697152,3,64,21634368,393216,131072,0,3392,7488,393408,192,bundle5.payloads
38,40,5717161090560,4,64,22027776,524288,131072,0,3584,7680,524480,192,bundle5.values
38,41,5717161615040,8,64,22552256,1048576,131072,0,3776,7872,,,bundle5.rates
39,0,5311533088768,8,64,0,1048576,131072,0,0,0,1048640,64,entity_handles
39,1,5311534137408,4,64,1048640,524288,131072,0,64,64,524352,64,integral_biases
39,2,5311534661760,4,64,1572992,524288,131072,0,128,128,524352,64,float_biases
39,3,5311535186112,1,64,2097344,131072,131072,0,192,192,131136,64,tasks
39,4,5311535317248,4,64,2228480,524288,131072,0,256,256,524352,64,locations.xs
39,5,5311535841600,4,64,2752832,524288,131072,0,320,320,524352,64,locations.ys
39,6,5311536365952,4,64,3277184,524288,131072,0,384,384,524352,64,locations.zs
39,7,5311536890304,4,64,3801536,524288,131072,0,448,448,524352,64,desired_move_locations.xs
39,8,5311537414656,4,64,4325888,524288,131072,0,512,512,524352,64,desired_move_locations.ys
39,9,5311537939008,4,64,4850240,524288,131072,0,576,576,524352,64,desired_move_locations.zs
39,10,5311538463360,4,64,5374592,524288,131072,0,640,640,524352,64,aim_directions.xs
39,11,5311538987712,4,64,5898944,524288,131072,0,704,704,524352,64,aim_directions.ys
39,12,5311539512064,4,64,6423296,524288,131072,0,768,768,524352,64,aim_directions.zs
39,13,5311540036416,4,64,6947648,524288,131072,0,832,832,524352,64,desired_aiming_directions.xs
39,14,5311540560768,4,64,7472000,524288,131072,0,896,896,524352,64,desired_aiming_directions.ys
39,15,5311541085120,4,64,7996352,524288,131072,0,960,960,524352,64,desired_aiming_directions.zs
39,16,5311541609472,4,64,8520704,524288,131072,0,1024,1024,524352,64,movement_directions.xs
39,17,5311542133824,4,64,9045056,524288,131072,0,1088,1088,524352,64,movement_directions.ys
39,18,5311542658176,4,64,9569408,524288,131072,0,1152,1152,524352,64,movement_directions.zs
39,19,5311543182528,4,64,10093760,524288,131072,0,1216,1216,524352,64,velocities.xs
39,20,5311543706880,4,64,10618112,524288,131072,0,1280,1280,524352,64,velocities.ys
39,21,5311544231232,4,64,11142464,524288,131072,0,1344,1344,524352,64,velocities.zs
39,22,5311544755584,4,64,11666816,524288,131072,0,1408,1408,524352,64,move_distances
39,23,5311545279936,4,64,12191168,524288,131072,0,1472,1472,524352,64,speeds
39,24,5311545804288,1,64,12715520,131072,131072,0,1536,1536,131136,64,teams
39,25,5311545935424,4,64,12846656,524288,131072,0,1600,1600,524352,64,healths
39,26,5311546459776,8,64,13371008,1048576,131072,0,1664,1664,1048640,64,parent_handles
39,27,5311547508416,1,64,14419648,131072,131072,0,1728,1728,131136,64,awareness_scan_countdowns.counters
39,28,5311547639552,2,64,14550784,262144,131072,0,1792,1792,262208,64,navigation_update_countdowns.remaining_ticks
39,29,5311547901760,2,64,14812992,262144,131072,0,1856,1856,262208,64,navigation_update_countdowns.periods
39,30,5311548163968,4,64,15075200,524288,131072,0,1920,1920,524352,64,separation_steering.xs
39,31,5311548688320,4,64,15599552,524288,131072,0,1984,1984,524352,64,separation_steering.ys
39,32,5311549212672,4,64,16123904,524288,131072,0,2048,2048,524352,64,separation_steering.zs
39,33,5311549737024,1,64,16648256,131072,131072,0,2112,2112,131136,64,navigation_risk_tiers
39,34,5311549868160,1,64,16779392,131072,131072,0,2176,2176,131136,64,navigation_lower_risk_scan_counts
39,35,5311549999296,1,64,16910528,131072,131072,0,2240,2240,131136,64,avoidance_choice_indices
39,36,5311550130432,1,64,17041664,131072,131072,0,2304,2304,131136,64,avoidance_clear_scan_counts
39,37,5311550261568,2,64,17172800,262144,131072,0,2368,2368,262208,64,attack_reposition_countdowns.counters
39,38,5311550523776,2,64,17435008,262144,131072,0,2432,2432,262208,64,attack_cooldowns.counters
39,39,5311550785984,8,64,17697216,1048576,131072,0,2496,2496,1048640,64,target_handles
39,40,5311551834624,4,64,18745856,524288,131072,0,2560,2560,524352,64,target_locations.xs
39,41,5311552358976,4,64,19270208,524288,131072,0,2624,2624,524352,64,target_locations.ys
39,42,5311552883328,4,64,19794560,524288,131072,0,2688,2688,524352,64,target_locations.zs
39,43,5311553407680,4,64,20318912,524288,131072,0,2752,2752,524352,64,target_velocities.xs
39,44,5311553932032,4,64,20843264,524288,131072,0,2816,2816,524352,64,target_velocities.ys
39,45,5311554456384,4,64,21367616,524288,131072,0,2880,2880,524352,64,target_velocities.zs
39,46,5311554980736,4,64,21891968,524288,131072,0,2944,2944,524352,64,target_directions.xs
39,47,5311555505088,4,64,22416320,524288,131072,0,3008,3008,524352,64,target_directions.ys
39,48,5311556029440,4,64,22940672,524288,131072,0,3072,3072,524352,64,target_directions.zs
39,49,5311556553792,4,64,23465024,524288,131072,0,3136,3136,524352,64,intercept_times
39,50,5311557078144,4,64,23989376,524288,131072,0,3200,3200,524352,64,target_distance_sq
39,51,5311557602496,4,64,24513728,524288,131072,0,3264,3264,524352,64,target_distances
39,52,5311558126848,4,64,25038080,524288,131072,0,3328,3328,,,target_radii
40,0,3456140050432,4,64,0,262144,65536,0,0,0,262336,192,bundle0.positions
40,1,3456140312768,4,64,262336,262144,65536,0,192,192,262336,192,bundle0.velocities
40,2,3456140575104,32,64,524672,2097152,65536,0,384,384,2097344,192,bundle0.aligned32
40,3,3456142672448,64,64,2622016,4194304,65536,0,576,576,4194496,192,bundle0.aligned64
40,4,3456146866944,256,256,6816512,16777216,65536,0,768,768,16777408,192,bundle0.aligned256
40,5,3456163644352,4,64,23593920,262144,65536,0,960,960,262336,192,bundle1.positions
40,6,3456163906688,4,64,23856256,262144,65536,0,1152,1152,262336,192,bundle1.velocities
40,7,3456164169024,32,64,24118592,2097152,65536,0,1344,1344,2097344,192,bundle1.aligned32
40,8,3456166266368,64,64,26215936,4194304,65536,0,1536,1536,4194560,256,bundle1.aligned64
40,9,3456170460928,256,256,30410496,16777216,65536,0,1792,1792,16777408,192,bundle1.aligned256
40,10,3456187238336,4,64,47187904,262144,65536,0,1984,1984,262336,192,bundle2.positions
40,11,3456187500672,4,64,47450240,262144,65536,0,2176,2176,262336,192,bundle2.velocities
40,12,3456187763008,32,64,47712576,2097152,65536,0,2368,2368,2097344,192,bundle2.aligned32
40,13,3456189860352,64,64,49809920,4194304,65536,0,2560,2560,4194560,256,bundle2.aligned64
40,14,3456194054912,256,256,54004480,16777216,65536,0,2816,2816,,,bundle2.aligned256
41,0,4155113144320,1,64,0,75008,75008,0,0,0,75072,64,bundle0.flags
41,1,4155113219392,2,64,75072,150016,75008,0,1344,9536,150080,64,bundle0.counters
41,2,4155113369472,4,64,225152,300032,75008,0,3968,28544,300096,64,bundle0.counts
41,3,4155113669568,8,64,525248,600064,75008,0,960,960,600128,64,bundle0.totals
41,4,4155114269696,3,64,1125376,225024,75008,0,3072,11264,225088,64,bundle0.payloads
41,5,4155114494784,4,64,1350464,300032,75008,0,2880,39744,300096,64,bundle0.values
41,6,4155114794880,8,64,1650560,600064,75008,0,3968,12160,600128,64,bundle0.rates
41,7,4155115395008,1,64,2250688,75008,75008,0,1984,22464,75072,64,bundle1.flags
41,8,4155115470080,2,64,2325760,150016,75008,0,3328,32000,150080,64,bundle1.counters
41,9,4155115620160,4,64,2475840,300032,75008,0,1856,51008,300096,64,bundle1.counts
41,10,4155115920256,8,64,2775936,600064,75008,0,2944,23424,600128,64,bundle1.totals
41,11,4155116520384,3,64,3376064,225024,75008,0,960,33728,225088,64,bundle1.payloads
41,12,4155116745472,4,64,3601152,300032,75008,0,768,62208,300096,64,bundle1.values
41,13,4155117045568,8,64,3901248,600064,75008,0,1856,34624,600128,64,bundle1.rates
41,14,4155117645696,1,64,4501376,75008,75008,0,3968,44928,75072,64,bundle2.flags
41,15,4155117720768,2,64,4576448,150016,75008,0,1216,54464,150080,64,bundle2.counters
41,16,4155117870848,4,64,4726528,300032,75008,0,3840,7936,300096,64,bundle2.counts
41,17,4155118170944,8,64,5026624,600064,75008,0,832,45888,600128,64,bundle2.totals
41,18,4155118771072,3,64,5626752,225024,75008,0,2944,56192,225088,64,bundle2.payloads
41,19,4155118996160,4,64,5851840,300032,75008,0,2752,19136,300096,64,bundle2.values
41,20,4155119296256,8,64,6151936,600064,75008,0,3840,57088,600128,64,bundle2.rates
41,21,4155119896384,1,64,6752064,75008,75008,0,1856,1856,75072,64,bundle3.flags
41,22,4155119971456,2,64,6827136,150016,75008,0,3200,11392,150080,64,bundle3.counters
41,23,4155120121536,4,64,6977216,300032,75008,0,1728,30400,300096,64,bundle3.counts
41,24,4155120421632,8,64,7277312,600064,75008,0,2816,2816,600128,64,bundle3.totals
41,25,4155121021760,3,64,7877440,225024,75008,0,832,13120,225088,64,bundle3.payloads
41,26,4155121246848,4,64,8102528,300032,75008,0,640,41600,300096,64,bundle3.values
41,27,4155121546944,8,64,8402624,600064,75008,0,1728,14016,600128,64,bundle3.rates
41,28,4155122147072,1,64,9002752,75008,75008,0,3840,24320,75072,64,bundle4.flags
41,29,4155122222144,2,64,9077824,150016,75008,0,1088,33856,150080,64,bundle4.counters
41,30,4155122372224,4,64,9227904,300032,75008,0,3712,52864,300096,64,bundle4.counts
41,31,4155122672320,8,64,9528000,600064,75008,0,704,25280,600128,64,bundle4.totals
41,32,4155123272448,3,64,10128128,225024,75008,0,2816,35584,225088,64,bundle4.payloads
41,33,4155123497536,4,64,10353216,300032,75008,0,2624,64064,300096,64,bundle4.values
41,34,4155123797632,8,64,10653312,600064,75008,0,3712,36480,600128,64,bundle4.rates
41,35,4155124397760,1,64,11253440,75008,75008,0,1728,46784,75072,64,bundle5.flags
41,36,4155124472832,2,64,11328512,150016,75008,0,3072,56320,150080,64,bundle5.counters
41,37,4155124622912,4,64,11478592,300032,75008,0,1600,9792,300096,64,bundle5.counts
41,38,4155124923008,8,64,11778688,600064,75008,0,2688,47744,600128,64,bundle5.totals
41,39,4155125523136,3,64,12378816,225024,75008,0,704,58048,225088,64,bundle5.payloads
41,40,4155125748224,4,64,12603904,300032,75008,0,512,20992,300096,64,bundle5.values
41,41,4155126048320,8,64,12904000,600064,75008,0,1600,58944,,,bundle5.rates
42,0,6063420801024,8,64,0,800256,100032,0,0,0,800448,192,entity_handles
42,1,6063421601472,4,64,800448,400128,100032,0,1728,14016,400320,192,integral_biases
42,2,6063422001792,4,64,1200768,400128,100032,0,640,21120,400320,192,float_biases
42,3,6063422402112,1,64,1601088,100032,100032,0,3648,28224,100224,192,tasks
42,4,6063422502336,4,64,1701312,400128,100032,0,1472,62912,400320,192,locations.xs
42,5,6063422902656,4,64,2101632,400128,100032,0,384,4480,400320,192,locations.ys
42,6,6063423302976,4,64,2501952,400128,100032,0,3392,11584,400320,192,locations.zs
42,7,6063423703296,4,64,2902272,400128,100032,0,2304,18688,400320,192,desired_move_locations.xs
42,8,6063424103616,4,64,3302592,400128,100032,0,1216,25792,400320,192,desired_move_locations.ys
42,9,6063424503936,4,64,3702912,400128,100032,0,128,32896,400320,192,desired_move_locations.zs
42,10,6063424904256,4,64,4103232,400128,100032,0,3136,40000,400320,192,aim_directions.xs
42,11,6063425304576,4,64,4503552,400128,100032,0,2048,47104,400320,192,aim_directions.ys
42,12,6063425704896,4,64,4903872,400128,100032,0,960,54208,400320,192,aim_directions.zs
42,13,6063426105216,4,64,5304192,400128,100032,0,3968,61312,400320,192,desired_aiming_directions.xs
42,14,6063426505536,4,64,5704512,400128,100032,0,2880,2880,400320,192,desired_aiming_directions.ys
42,15,6063426905856,4,64,6104832,400128,100032,0,1792,9984,400320,192,desired_aiming_directions.zs
42,16,6063427306176,4,64,6505152,400128,100032,0,704,17088,400320,192,movement_directions.xs
42,17,6063427706496,4,64,6905472,400128,100032,0,3712,24192,400320,192,movement_directions.ys
42,18,6063428106816,4,64,7305792,400128,100032,0,2624,31296,400320,192,movement_directions.zs
42,19,6063428507136,4,64,7706112,400128,100032,0,1536,38400,400320,192,velocities.xs
42,20,6063428907456,4,64,8106432,400128,100032,0,448,45504,400320,192,velocities.ys
42,21,6063429307776,4,64,8506752,400128,100032,0,3456,52608,400320,192,velocities.zs
42,22,6063429708096,4,64,8907072,400128,100032,0,2368,59712,400320,192,move_distances
42,23,6063430108416,4,64,9307392,400128,100032,0,1280,1280,400320,192,speeds
42,24,6063430508736,1,64,9707712,100032,100032,0,192,8384,100224,192,teams
42,25,6063430608960,4,64,9807936,400128,100032,0,2112,43072,400320,192,healths
42,26,6063431009280,8,64,10208256,800256,100032,0,1024,50176,800448,192,parent_handles
42,27,6063431809728,1,64,11008704,100032,100032,0,2752,64192,100224,192,awareness_scan_countdowns.counters
42,28,6063431909952,2,64,11108928,200064,100032,0,576,33344,200256,192,navigation_update_countdowns.remaining_ticks
42,29,6063432110208,2,64,11309184,200064,100032,0,128,36992,200256,192,navigation_update_countdowns.periods
42,30,6063432310464,4,64,11509440,400128,100032,0,3776,40640,400320,192,separation_steering.xs
42,31,6063432710784,4,64,11909760,400128,100032,0,2688,47744,400320,192,separation_steering.ys
42,32,6063433111104,4,64,12310080,400128,100032,0,1600,54848,400320,192,separation_steering.zs
42,33,6063433511424,1,64,12710400,100032,100032,0,512,61952,100224,192,navigation_risk_tiers
42,34,6063433611648,1,64,12810624,100032,100032,0,2432,31104,100224,192,navigation_lower_risk_scan_counts
42,35,6063433711872,1,64,12910848,100032,100032,0,256,256,100224,192,avoidance_choice_indices
42,36,6063433812096,1,64,13011072,100032,100032,0,2176,34944,100224,192,avoidance_clear_scan_counts
42,37,6063433912320,2,64,13111296,200064,100032,0,0,4096,200256,192,attack_reposition_countdowns.counters
42,38,6063434112576,2,64,13311552,200064,100032,0,3648,7744,200256,192,attack_cooldowns.counters
42,39,6063434312832,8,64,13511808,800256,100032,0,3200,11392,800448,192,target_handles
42,40,6063435113280,4,64,14312256,400128,100032,0,832,25408,400320,192,target_locations.xs
42,41,6063435513600,4,64,14712576,400128,100032,0,3840,32512,400320,192,target_locations.ys
42,42,6063435913920,4,64,15112896,400128,100032,0,2752,39616,400320,192,target_locations.zs
42,43,6063436314240,4,64,15513216,400128,100032,0,1664,46720,400320,192,target_velocities.xs
42,44,6063436714560,4,64,15913536,400128,100032,0,576,53824,400320,192,target_velocities.ys
42,45,6063437114880,4,64,16313856,400128,100032,0,3584,60928,400320,192,target_velocities.zs
42,46,6063437515200,4,64,16714176,400128,100032,0,2496,2496,400320,192,target_directions.xs
42,47,6063437915520,4,64,17114496,400128,100032,0,1408,9600,400320,192,target_directions.ys
42,48,6063438315840,4,64,17514816,400128,100032,0,320,16704,400320,192,target_directions.zs
42,49,6063438716160,4,64,17915136,400128,100032,0,3328,23808,400320,192,intercept_times
42,50,6063439116480,4,64,18315456,400128,100032,0,2240,30912,400320,192,target_distance_sq
42,51,6063439516800,4,64,18715776,400128,100032,0,1152,38016,400320,192,target_distances
42,52,6063439917120,4,64,19116096,400128,100032,0,64,45120,,,target_radii
43,0,4795063271424,8,64,0,524288,65536,0,0,0,524288,0,entity_handles
43,1,4795063795712,4,64,524288,262144,65536,0,0,0,262144,0,integral_biases
43,2,4795064057856,4,64,786432,262144,65536,0,0,0,262144,0,float_biases
43,3,4795064320000,1,64,1048576,65536,65536,0,0,0,65536,0,tasks
43,4,4795064385536,4,64,1114112,262144,65536,0,0,0,262144,0,locations.xs
43,5,4795064647680,4,64,1376256,262144,65536,0,0,0,262144,0,locations.ys
43,6,4795064909824,4,64,1638400,262144,65536,0,0,0,262144,0,locations.zs
43,7,4795065171968,4,64,1900544,262144,65536,0,0,0,262144,0,desired_move_locations.xs
43,8,4795065434112,4,64,2162688,262144,65536,0,0,0,262144,0,desired_move_locations.ys
43,9,4795065696256,4,64,2424832,262144,65536,0,0,0,262144,0,desired_move_locations.zs
43,10,4795065958400,4,64,2686976,262144,65536,0,0,0,262144,0,aim_directions.xs
43,11,4795066220544,4,64,2949120,262144,65536,0,0,0,262144,0,aim_directions.ys
43,12,4795066482688,4,64,3211264,262144,65536,0,0,0,262144,0,aim_directions.zs
43,13,4795066744832,4,64,3473408,262144,65536,0,0,0,262144,0,desired_aiming_directions.xs
43,14,4795067006976,4,64,3735552,262144,65536,0,0,0,262144,0,desired_aiming_directions.ys
43,15,4795067269120,4,64,3997696,262144,65536,0,0,0,262144,0,desired_aiming_directions.zs
43,16,4795067531264,4,64,4259840,262144,65536,0,0,0,262144,0,movement_directions.xs
43,17,4795067793408,4,64,4521984,262144,65536,0,0,0,262144,0,movement_directions.ys
43,18,4795068055552,4,64,4784128,262144,65536,0,0,0,262144,0,movement_directions.zs
43,19,4795068317696,4,64,5046272,262144,65536,0,0,0,262144,0,velocities.xs
43,20,4795068579840,4,64,5308416,262144,65536,0,0,0,262144,0,velocities.ys
43,21,4795068841984,4,64,5570560,262144,65536,0,0,0,262144,0,velocities.zs
43,22,4795069104128,4,64,5832704,262144,65536,0,0,0,262144,0,move_distances
43,23,4795069366272,4,64,6094848,262144,65536,0,0,0,262144,0,speeds
43,24,4795069628416,1,64,6356992,65536,65536,0,0,0,65536,0,teams
43,25,4795069693952,4,64,6422528,262144,65536,0,0,0,262144,0,healths
43,26,4795069956096,8,64,6684672,524288,65536,0,0,0,524288,0,parent_handles
43,27,4795070480384,1,64,7208960,65536,65536,0,0,0,65536,0,awareness_scan_countdowns.counters
43,28,4795070545920,2,64,7274496,131072,65536,0,0,0,131072,0,navigation_update_countdowns.remaining_ticks
43,29,4795070676992,2,64,7405568,131072,65536,0,0,0,131072,0,navigation_update_countdowns.periods
43,30,4795070808064,4,64,7536640,262144,65536,0,0,0,262144,0,separation_steering.xs
43,31,4795071070208,4,64,7798784,262144,65536,0,0,0,262144,0,separation_steering.ys
43,32,4795071332352,4,64,8060928,262144,65536,0,0,0,262144,0,separation_steering.zs
43,33,4795071594496,1,64,8323072,65536,65536,0,0,0,65536,0,navigation_risk_tiers
43,34,4795071660032,1,64,8388608,65536,65536,0,0,0,65536,0,navigation_lower_risk_scan_counts
43,35,4795071725568,1,64,8454144,65536,65536,0,0,0,65536,0,avoidance_choice_indices
43,36,4795071791104,1,64,8519680,65536,65536,0,0,0,65536,0,avoidance_clear_scan_counts
43,37,4795071856640,2,64,8585216,131072,65536,0,0,0,131072,0,attack_reposition_countdowns.counters
43,38,4795071987712,2,64,8716288,131072,65536,0,0,0,131072,0,attack_cooldowns.counters
43,39,4795072118784,8,64,8847360,524288,65536,0,0,0,524288,0,target_handles
43,40,4795072643072,4,64,9371648,262144,65536,0,0,0,262144,0,target_locations.xs
43,41,4795072905216,4,64,9633792,262144,65536,0,0,0,262144,0,target_locations.ys
43,42,4795073167360,4,64,9895936,262144,65536,0,0,0,262144,0,target_locations.zs
43,43,4795073429504,4,64,10158080,262144,65536,0,0,0,262144,0,target_velocities.xs
43,44,4795073691648,4,64,10420224,262144,65536,0,0,0,262144,0,target_velocities.ys
43,45,4795073953792,4,64,10682368,262144,65536,0,0,0,262144,0,target_velocities.zs
43,46,4795074215936,4,64,10944512,262144,65536,0,0,0,262144,0,target_directions.xs
43,47,4795074478080,4,64,11206656,262144,65536,0,0,0,262144,0,target_directions.ys
43,48,4795074740224,4,64,11468800,262144,65536,0,0,0,262144,0,target_directions.zs
43,49,4795075002368,4,64,11730944,262144,65536,0,0,0,262144,0,intercept_times
43,50,4795075264512,4,64,11993088,262144,65536,0,0,0,262144,0,target_distance_sq
43,51,4795075526656,4,64,12255232,262144,65536,0,0,0,262144,0,target_distances
43,52,4795075788800,4,64,12517376,262144,65536,0,0,0,,,target_radii
44,0,4382510809088,4,64,0,300032,75008,0,0,0,300224,192,bundle0.positions
44,1,4382511109312,4,64,300224,300032,75008,0,1216,38080,300224,192,bundle0.velocities
44,2,4382511409536,32,64,600448,2400256,75008,0,2432,10624,2400448,192,bundle0.aligned32
44,3,4382513809984,64,64,3000896,4800512,75008,0,2624,51776,4800704,192,bundle0.aligned64
44,4,4382518610688,256,256,7801600,19202048,75008,0,2816,2816,19202240,192,bundle0.aligned256
44,5,4382537812928,4,64,27003840,300032,75008,0,3008,3008,300224,192,bundle1.positions
44,6,4382538113152,4,64,27304064,300032,75008,0,128,41088,300224,192,bundle1.velocities
44,7,4382538413376,32,64,27604288,2400256,75008,0,1344,13632,2400448,192,bundle1.aligned32
44,8,4382540813824,64,64,30004736,4800512,75008,0,1536,54784,4800768,256,bundle1.aligned64
44,9,4382545614592,256,256,34805504,19202048,75008,0,1792,5888,19202240,192,bundle1.aligned256
44,10,4382564816832,4,64,54007744,300032,75008,0,1984,6080,300224,192,bundle2.positions
44,11,4382565117056,4,64,54307968,300032,75008,0,3200,44160,300224,192,bundle2.velocities
44,12,4382565417280,32,64,54608192,2400256,75008,0,320,16704,2400448,192,bundle2.aligned32
44,13,4382567817728,64,64,57008640,4800512,75008,0,512,57856,4800768,256,bundle2.aligned64
44,14,4382572618496,256,256,61809408,19202048,75008,0,768,8960,,,bundle2.aligned256
45,0,5093026627584,1,64,0,75008,75008,0,0,0,75072,64,bundle0.flags
45,1,5093026702656,2,64,75072,150016,75008,0,1344,9536,150080,64,bundle0.counters
45,2,5093026852736,4,64,225152,300032,75008,0,3968,28544,300096,64,bundle0.counts
45,3,5093027152832,8,64,525248,600064,75008,0,960,960,600128,64,bundle0.totals
45,4,5093027752960,3,64,1125376,225024,75008,0,3072,11264,225088,64,bundle0.payloads
45,5,5093027978048,4,64,1350464,300032,75008,0,2880,39744,300096,64,bundle0.values
45,6,5093028278144,8,64,1650560,600064,75008,0,3968,12160,600128,64,bundle0.rates
45,7,5093028878272,1,64,2250688,75008,75008,0,1984,22464,75072,64,bundle1.flags
45,8,5093028953344,2,64,2325760,150016,75008,0,3328,32000,150080,64,bundle1.counters
45,9,5093029103424,4,64,2475840,300032,75008,0,1856,51008,300096,64,bundle1.counts
45,10,5093029403520,8,64,2775936,600064,75008,0,2944,23424,600128,64,bundle1.totals
45,11,5093030003648,3,64,3376064,225024,75008,0,960,33728,225088,64,bundle1.payloads
45,12,5093030228736,4,64,3601152,300032,75008,0,768,62208,300096,64,bundle1.values
45,13,5093030528832,8,64,3901248,600064,75008,0,1856,34624,600128,64,bundle1.rates
45,14,5093031128960,1,64,4501376,75008,75008,0,3968,44928,75072,64,bundle2.flags
45,15,5093031204032,2,64,4576448,150016,75008,0,1216,54464,150080,64,bundle2.counters
45,16,5093031354112,4,64,4726528,300032,75008,0,3840,7936,300096,64,bundle2.counts
45,17,5093031654208,8,64,5026624,600064,75008,0,832,45888,600128,64,bundle2.totals
45,18,5093032254336,3,64,5626752,225024,75008,0,2944,56192,225088,64,bundle2.payloads
45,19,5093032479424,4,64,5851840,300032,75008,0,2752,19136,300096,64,bundle2.values
45,20,5093032779520,8,64,6151936,600064,75008,0,3840,57088,600128,64,bundle2.rates
45,21,5093033379648,1,64,6752064,75008,75008,0,1856,1856,75072,64,bundle3.flags
45,22,5093033454720,2,64,6827136,150016,75008,0,3200,11392,150080,64,bundle3.counters
45,23,5093033604800,4,64,6977216,300032,75008,0,1728,30400,300096,64,bundle3.counts
45,24,5093033904896,8,64,7277312,600064,75008,0,2816,2816,600128,64,bundle3.totals
45,25,5093034505024,3,64,7877440,225024,75008,0,832,13120,225088,64,bundle3.payloads
45,26,5093034730112,4,64,8102528,300032,75008,0,640,41600,300096,64,bundle3.values
45,27,5093035030208,8,64,8402624,600064,75008,0,1728,14016,600128,64,bundle3.rates
45,28,5093035630336,1,64,9002752,75008,75008,0,3840,24320,75072,64,bundle4.flags
45,29,5093035705408,2,64,9077824,150016,75008,0,1088,33856,150080,64,bundle4.counters
45,30,5093035855488,4,64,9227904,300032,75008,0,3712,52864,300096,64,bundle4.counts
45,31,5093036155584,8,64,9528000,600064,75008,0,704,25280,600128,64,bundle4.totals
45,32,5093036755712,3,64,10128128,225024,75008,0,2816,35584,225088,64,bundle4.payloads
45,33,5093036980800,4,64,10353216,300032,75008,0,2624,64064,300096,64,bundle4.values
45,34,5093037280896,8,64,10653312,600064,75008,0,3712,36480,600128,64,bundle4.rates
45,35,5093037881024,1,64,11253440,75008,75008,0,1728,46784,75072,64,bundle5.flags
45,36,5093037956096,2,64,11328512,150016,75008,0,3072,56320,150080,64,bundle5.counters
45,37,5093038106176,4,64,11478592,300032,75008,0,1600,9792,300096,64,bundle5.counts
45,38,5093038406272,8,64,11778688,600064,75008,0,2688,47744,600128,64,bundle5.totals
45,39,5093039006400,3,64,12378816,225024,75008,0,704,58048,225088,64,bundle5.payloads
45,40,5093039231488,4,64,12603904,300032,75008,0,512,20992,300096,64,bundle5.values
45,41,5093039531584,8,64,12904000,600064,75008,0,1600,58944,,,bundle5.rates
46,0,3227433041920,4,64,0,524288,131072,0,0,0,524480,192,bundle0.positions
46,1,3227433566400,4,64,524480,524288,131072,0,192,192,524480,192,bundle0.velocities
46,2,3227434090880,32,64,1048960,4194304,131072,0,384,384,4194496,192,bundle0.aligned32
46,3,3227438285376,64,64,5243456,8388608,131072,0,576,576,8388800,192,bundle0.aligned64
46,4,3227446674176,256,256,13632256,33554432,131072,0,768,768,33554624,192,bundle0.aligned256
46,5,3227480228800,4,64,47186880,524288,131072,0,960,960,524480,192,bundle1.positions
46,6,3227480753280,4,64,47711360,524288,131072,0,1152,1152,524480,192,bundle1.velocities
46,7,3227481277760,32,64,48235840,4194304,131072,0,1344,1344,4194496,192,bundle1.aligned32
46,8,3227485472256,64,64,52430336,8388608,131072,0,1536,1536,8388864,256,bundle1.aligned64
46,9,3227493861120,256,256,60819200,33554432,131072,0,1792,1792,33554624,192,bundle1.aligned256
46,10,3227527415744,4,64,94373824,524288,131072,0,1984,1984,524480,192,bundle2.positions
46,11,3227527940224,4,64,94898304,524288,131072,0,2176,2176,524480,192,bundle2.velocities
46,12,3227528464704,32,64,95422784,4194304,131072,0,2368,2368,4194496,192,bundle2.aligned32
46,13,3227532659200,64,64,99617280,8388608,131072,0,2560,2560,8388864,256,bundle2.aligned64
46,14,3227541048064,256,256,108006144,33554432,131072,0,2816,2816,,,bundle2.aligned256
47,0,4756140130304,8,64,0,800256,100032,0,0,0,800256,0,entity_handles
47,1,4756140930560,4,64,800256,400128,100032,0,1536,13824,400128,0,integral_biases
47,2,4756141330688,4,64,1200384,400128,100032,0,256,20736,400128,0,float_biases
47,3,4756141730816,1,64,1600512,100032,100032,0,3072,27648,100032,0,tasks
47,4,4756141830848,4,64,1700544,400128,100032,0,704,62144,400128,0,locations.xs
47,5,4756142230976,4,64,2100672,400128,100032,0,3520,3520,400128,0,locations.ys
47,6,4756142631104,4,64,2500800,400128,100032,0,2240,10432,400128,0,locations.zs
47,7,4756143031232,4,64,2900928,400128,100032,0,960,17344,400128,0,desired_move_locations.xs
47,8,4756143431360,4,64,3301056,400128,100032,0,3776,24256,400128,0,desired_move_locations.ys
47,9,4756143831488,4,64,3701184,400128,100032,0,2496,31168,400128,0,desired_move_locations.zs
47,10,4756144231616,4,64,4101312,400128,100032,0,1216,38080,400128,0,aim_directions.xs
47,11,4756144631744,4,64,4501440,400128,100032,0,4032,44992,400128,0,aim_directions.ys
47,12,4756145031872,4,64,4901568,400128,100032,0,2752,51904,400128,0,aim_directions.zs
47,13,4756145432000,4,64,5301696,400128,100032,0,1472,58816,400128,0,desired_aiming_directions.xs
47,14,4756145832128,4,64,5701824,400128,100032,0,192,192,400128,0,desired_aiming_directions.ys
47,15,4756146232256,4,64,6101952,400128,100032,0,3008,7104,400128,0,desired_aiming_directions.zs
47,16,4756146632384,4,64,6502080,400128,100032,0,1728,14016,400128,0,movement_directions.xs
47,17,4756147032512,4,64,6902208,400128,100032,0,448,20928,400128,0,movement_directions.ys
47,18,4756147432640,4,64,7302336,400128,100032,0,3264,27840,400128,0,movement_directions.zs
47,19,4756147832768,4,64,7702464,400128,100032,0,1984,34752,400128,0,velocities.xs
47,20,4756148232896,4,64,8102592,400128,100032,0,704,41664,400128,0,velocities.ys
47,21,4756148633024,4,64,8502720,400128,100032,0,3520,48576,400128,0,velocities.zs
47,22,4756149033152,4,64,8902848,400128,100032,0,2240,55488,400128,0,move_distances
47,23,4756149433280,4,64,9302976,400128,100032,0,960,62400,400128,0,speeds
47,24,4756149833408,1,64,9703104,100032,100032,0,3776,3776,100032,0,teams
47,25,4756149933440,4,64,9803136,400128,100032,0,1408,38272,400128,0,healths
47,26,4756150333568,8,64,10203264,800256,100032,0,128,45184,800256,0,parent_handles
47,27,4756151133824,1,64,11003520,100032,100032,0,1664,59008,100032,0,awareness_scan_countdowns.counters
47,28,4756151233856,2,64,11103552,200064,100032,0,3392,27968,200064,0,navigation_update_countdowns.remaining_ticks
47,29,4756151433920,2,64,11303616,200064,100032,0,2752,31424,200064,0,navigation_update_countdowns.periods
47,30,4756151633984,4,64,11503680,400128,100032,0,2112,34880,400128,0,separation_steering.xs
47,31,4756152034112,4,64,11903808,400128,100032,0,832,41792,400128,0,separation_steering.ys
47,32,4756152434240,4,64,12303936,400128,100032,0,3648,48704,400128,0,separation_steering.zs
47,33,4756152834368,1,64,12704064,100032,100032,0,2368,55616,100032,0,navigation_risk_tiers
47,34,4756152934400,1,64,12804096,100032,100032,0,0,24576,100032,0,navigation_lower_risk_scan_counts
47,35,4756153034432,1,64,12904128,100032,100032,0,1728,59072,100032,0,avoidance_choice_indices
47,36,4756153134464,1,64,13004160,100032,100032,0,3456,28032,100032,0,avoidance_clear_scan_counts
47,37,4756153234496,2,64,13104192,200064,100032,0,1088,62528,200064,0,attack_reposition_countdowns.counters
47,38,4756153434560,2,64,13304256,200064,100032,0,448,448,200064,0,attack_cooldowns.counters
47,39,4756153634624,8,64,13504320,800256,100032,0,3904,3904,800256,0,target_handles
47,40,4756154434880,4,64,14304576,400128,100032,0,1344,17728,400128,0,target_locations.xs
47,41,4756154835008,4,64,14704704,400128,100032,0,64,24640,400128,0,target_locations.ys
47,42,4756155235136,4,64,15104832,400128,100032,0,2880,31552,400128,0,target_locations.zs
47,43,4756155635264,4,64,15504960,400128,100032,0,1600,38464,400128,0,target_velocities.xs
47,44,4756156035392,4,64,15905088,400128,100032,0,320,45376,400128,0,target_velocities.ys
47,45,4756156435520,4,64,16305216,400128,100032,0,3136,52288,400128,0,target_velocities.zs
47,46,4756156835648,4,64,16705344,400128,100032,0,1856,59200,400128,0,target_directions.xs
47,47,4756157235776,4,64,17105472,400128,100032,0,576,576,400128,0,target_directions.ys
47,48,4756157635904,4,64,17505600,400128,100032,0,3392,7488,400128,0,target_directions.zs
47,49,4756158036032,4,64,17905728,400128,100032,0,2112,14400,400128,0,intercept_times
47,50,4756158436160,4,64,18305856,400128,100032,0,832,21312,400128,0,target_distance_sq
47,51,4756158836288,4,64,18705984,400128,100032,0,3648,28224,400128,0,target_distances
47,52,4756159236416,4,64,19106112,400128,100032,0,2368,35136,,,target_radii
48,0,3897415106560,1,64,0,131072,131072,0,0,0,131072,0,bundle0.flags
48,1,3897415237632,2,64,131072,262144,131072,0,0,0,262144,0,bundle0.counters
48,2,3897415499776,4,64,393216,524288,131072,0,0,0,524288,0,bundle0.counts
48,3,3897416024064,8,64,917504,1048576,131072,0,0,0,1048576,0,bundle0.totals
48,4,3897417072640,3,64,1966080,393216,131072,0,0,0,393216,0,bundle0.payloads
48,5,3897417465856,4,64,2359296,524288,131072,0,0,0,524288,0,bundle0.values
48,6,3897417990144,8,64,2883584,1048576,131072,0,0,0,1048576,0,bundle0.rates
48,7,3897419038720,1,64,3932160,131072,131072,0,0,0,131072,0,bundle1.flags
48,8,3897419169792,2,64,4063232,262144,131072,0,0,0,262144,0,bundle1.counters
48,9,3897419431936,4,64,4325376,524288,131072,0,0,0,524288,0,bundle1.counts
48,10,3897419956224,8,64,4849664,1048576,131072,0,0,0,1048576,0,bundle1.totals
48,11,3897421004800,3,64,5898240,393216,131072,0,0,0,393216,0,bundle1.payloads
48,12,3897421398016,4,64,6291456,524288,131072,0,0,0,524288,0,bundle1.values
48,13,3897421922304,8,64,6815744,1048576,131072,0,0,0,1048576,0,bundle1.rates
48,14,3897422970880,1,64,7864320,131072,131072,0,0,0,131072,0,bundle2.flags
48,15,3897423101952,2,64,7995392,262144,131072,0,0,0,262144,0,bundle2.counters
48,16,3897423364096,4,64,8257536,524288,131072,0,0,0,524288,0,bundle2.counts
48,17,3897423888384,8,64,8781824,1048576,131072,0,0,0,1048576,0,bundle2.totals
48,18,3897424936960,3,64,9830400,393216,131072,0,0,0,393216,0,bundle2.payloads
48,19,3897425330176,4,64,10223616,524288,131072,0,0,0,524288,0,bundle2.values
48,20,3897425854464,8,64,10747904,1048576,131072,0,0,0,1048576,0,bundle2.rates
48,21,3897426903040,1,64,11796480,131072,131072,0,0,0,131072,0,bundle3.flags
48,22,3897427034112,2,64,11927552,262144,131072,0,0,0,262144,0,bundle3.counters
48,23,3897427296256,4,64,12189696,524288,131072,0,0,0,524288,0,bundle3.counts
48,24,3897427820544,8,64,12713984,1048576,131072,0,0,0,1048576,0,bundle3.totals
48,25,3897428869120,3,64,13762560,393216,131072,0,0,0,393216,0,bundle3.payloads
48,26,3897429262336,4,64,14155776,524288,131072,0,0,0,524288,0,bundle3.values
48,27,3897429786624,8,64,14680064,1048576,131072,0,0,0,1048576,0,bundle3.rates
48,28,3897430835200,1,64,15728640,131072,131072,0,0,0,131072,0,bundle4.flags
48,29,3897430966272,2,64,15859712,262144,131072,0,0,0,262144,0,bundle4.counters
48,30,3897431228416,4,64,16121856,524288,131072,0,0,0,524288,0,bundle4.counts
48,31,3897431752704,8,64,16646144,1048576,131072,0,0,0,1048576,0,bundle4.totals
48,32,3897432801280,3,64,17694720,393216,131072,0,0,0,393216,0,bundle4.payloads
48,33,3897433194496,4,64,18087936,524288,131072,0,0,0,524288,0,bundle4.values
48,34,3897433718784,8,64,18612224,1048576,131072,0,0,0,1048576,0,bundle4.rates
48,35,3897434767360,1,64,19660800,131072,131072,0,0,0,131072,0,bundle5.flags
48,36,3897434898432,2,64,19791872,262144,131072,0,0,0,262144,0,bundle5.counters
48,37,3897435160576,4,64,20054016,524288,131072,0,0,0,524288,0,bundle5.counts
48,38,3897435684864,8,64,20578304,1048576,131072,0,0,0,1048576,0,bundle5.totals
48,39,3897436733440,3,64,21626880,393216,131072,0,0,0,393216,0,bundle5.payloads
48,40,3897437126656,4,64,22020096,524288,131072,0,0,0,524288,0,bundle5.values
48,41,3897437650944,8,64,22544384,1048576,131072,0,0,0,,,bundle5.rates
49,0,6560563265536,1,64,0,75008,75008,0,0,0,75008,0,bundle0.flags
49,1,6560563340544,2,64,75008,150016,75008,0,1280,9472,150016,0,bundle0.counters
49,2,6560563490560,4,64,225024,300032,75008,0,3840,28416,300032,0,bundle0.counts
49,3,6560563790592,8,64,525056,600064,75008,0,768,768,600064,0,bundle0.totals
49,4,6560564390656,3,64,1125120,225024,75008,0,2816,11008,225024,0,bundle0.payloads
49,5,6560564615680,4,64,1350144,300032,75008,0,2560,39424,300032,0,bundle0.values
49,6,6560564915712,8,64,1650176,600064,75008,0,3584,11776,600064,0,bundle0.rates
49,7,6560565515776,1,64,2250240,75008,75008,0,1536,22016,75008,0,bundle1.flags
49,8,6560565590784,2,64,2325248,150016,75008,0,2816,31488,150016,0,bundle1.counters
49,9,6560565740800,4,64,2475264,300032,75008,0,1280,50432,300032,0,bundle1.counts
49,10,6560566040832,8,64,2775296,600064,75008,0,2304,22784,600064,0,bundle1.totals
49,11,6560566640896,3,64,3375360,225024,75008,0,256,33024,225024,0,bundle1.payloads
49,12,6560566865920,4,64,3600384,300032,75008,0,0,61440,300032,0,bundle1.values
49,13,6560567165952,8,64,3900416,600064,75008,0,1024,33792,600064,0,bundle1.rates
49,14,6560567766016,1,64,4500480,75008,75008,0,3072,44032,75008,0,bundle2.flags
49,15,6560567841024,2,64,4575488,150016,75008,0,256,53504,150016,0,bundle2.counters
49,16,6560567991040,4,64,4725504,300032,75008,0,2816,6912,300032,0,bundle2.counts
49,17,6560568291072,8,64,5025536,600064,75008,0,3840,44800,600064,0,bundle2.totals
49,18,6560568891136,3,64,5625600,225024,75008,0,1792,55040,225024,0,bundle2.payloads
49,19,6560569116160,4,64,5850624,300032,75008,0,1536,17920,300032,0,bundle2.values
49,20,6560569416192,8,64,6150656,600064,75008,0,2560,55808,600064,0,bundle2.rates
49,21,6560570016256,1,64,6750720,75008,75008,0,512,512,75008,0,bundle3.flags
49,22,6560570091264,2,64,6825728,150016,75008,0,1792,9984,150016,0,bundle3.counters
49,23,6560570241280,4,64,6975744,300032,75008,0,256,28928,300032,0,bundle3.counts
49,24,6560570541312,8,64,7275776,600064,75008,0,1280,1280,600064,0,bundle3.totals
49,25,6560571141376,3,64,7875840,225024,75008,0,3328,11520,225024,0,bundle3.payloads
49,26,6560571366400,4,64,8100864,300032,75008,0,3072,39936,300032,0,bundle3.values
49,27,6560571666432,8,64,8400896,600064,75008,0,0,12288,600064,0,bundle3.rates
49,28,6560572266496,1,64,9000960,75008,75008,0,2048,22528,75008,0,bundle4.flags
49,29,6560572341504,2,64,9075968,150016,75008,0,3328,32000,150016,0,bundle4.counters
49,30,6560572491520,4,64,9225984,300032,75008,0,1792,50944,300032,0,bundle4.counts
49,31,6560572791552,8,64,9526016,600064,75008,0,2816,23296,600064,0,bundle4.totals
49,32,6560573391616,3,64,10126080,225024,75008,0,768,33536,225024,0,bundle4.payloads
49,33,6560573616640,4,64,10351104,300032,75008,0,512,61952,300032,0,bundle4.values
49,34,6560573916672,8,64,10651136,600064,75008,0,1536,34304,600064,0,bundle4.rates
49,35,6560574516736,1,64,11251200,75008,75008,0,3584,44544,75008,0,bundle5.flags
49,36,6560574591744,2,64,11326208,150016,75008,0,768,54016,150016,0,bundle5.counters
49,37,6560574741760,4,64,11476224,300032,75008,0,3328,7424,300032,0,bundle5.counts
49,38,6560575041792,8,64,11776256,600064,75008,0,256,45312,600064,0,bundle5.totals
49,39,6560575641856,3,64,12376320,225024,75008,0,2304,55552,225024,0,bundle5.payloads
49,40,6560575866880,4,64,12601344,300032,75008,0,2048,18432,300032,0,bundle5.values
49,41,6560576166912,8,64,12901376,600064,75008,0,3072,56320,,,bundle5.rates
50,0,3823595356160,8,64,0,524288,65536,0,0,0,524288,0,entity_handles
50,1,3823595880448,4,64,524288,262144,65536,0,0,0,262144,0,integral_biases
50,2,3823596142592,4,64,786432,262144,65536,0,0,0,262144,0,float_biases
50,3,3823596404736,1,64,1048576,65536,65536,0,0,0,65536,0,tasks
50,4,3823596470272,4,64,1114112,262144,65536,0,0,0,262144,0,locations.xs
50,5,3823596732416,4,64,1376256,262144,65536,0,0,0,262144,0,locations.ys
50,6,3823596994560,4,64,1638400,262144,65536,0,0,0,262144,0,locations.zs
50,7,3823597256704,4,64,1900544,262144,65536,0,0,0,262144,0,desired_move_locations.xs
50,8,3823597518848,4,64,2162688,262144,65536,0,0,0,262144,0,desired_move_locations.ys
50,9,3823597780992,4,64,2424832,262144,65536,0,0,0,262144,0,desired_move_locations.zs
50,10,3823598043136,4,64,2686976,262144,65536,0,0,0,262144,0,aim_directions.xs
50,11,3823598305280,4,64,2949120,262144,65536,0,0,0,262144,0,aim_directions.ys
50,12,3823598567424,4,64,3211264,262144,65536,0,0,0,262144,0,aim_directions.zs
50,13,3823598829568,4,64,3473408,262144,65536,0,0,0,262144,0,desired_aiming_directions.xs
50,14,3823599091712,4,64,3735552,262144,65536,0,0,0,262144,0,desired_aiming_directions.ys
50,15,3823599353856,4,64,3997696,262144,65536,0,0,0,262144,0,desired_aiming_directions.zs
50,16,3823599616000,4,64,4259840,262144,65536,0,0,0,262144,0,movement_directions.xs
50,17,3823599878144,4,64,4521984,262144,65536,0,0,0,262144,0,movement_directions.ys
50,18,3823600140288,4,64,4784128,262144,65536,0,0,0,262144,0,movement_directions.zs
50,19,3823600402432,4,64,5046272,262144,65536,0,0,0,262144,0,velocities.xs
50,20,3823600664576,4,64,5308416,262144,65536,0,0,0,262144,0,velocities.ys
50,21,3823600926720,4,64,5570560,262144,65536,0,0,0,262144,0,velocities.zs
50,22,3823601188864,4,64,5832704,262144,65536,0,0,0,262144,0,move_distances
50,23,3823601451008,4,64,6094848,262144,65536,0,0,0,262144,0,speeds
50,24,3823601713152,1,64,6356992,65536,65536,0,0,0,65536,0,teams
50,25,3823601778688,4,64,6422528,262144,65536,0,0,0,262144,0,healths
50,26,3823602040832,8,64,6684672,524288,65536,0,0,0,524288,0,parent_handles
50,27,3823602565120,1,64,7208960,65536,65536,0,0,0,65536,0,awareness_scan_countdowns.counters
50,28,3823602630656,2,64,7274496,131072,65536,0,0,0,131072,0,navigation_update_countdowns.remaining_ticks
50,29,3823602761728,2,64,7405568,131072,65536,0,0,0,131072,0,navigation_update_countdowns.periods
50,30,3823602892800,4,64,7536640,262144,65536,0,0,0,262144,0,separation_steering.xs
50,31,3823603154944,4,64,7798784,262144,65536,0,0,0,262144,0,separation_steering.ys
50,32,3823603417088,4,64,8060928,262144,65536,0,0,0,262144,0,separation_steering.zs
50,33,3823603679232,1,64,8323072,65536,65536,0,0,0,65536,0,navigation_risk_tiers
50,34,3823603744768,1,64,8388608,65536,65536,0,0,0,65536,0,navigation_lower_risk_scan_counts
50,35,3823603810304,1,64,8454144,65536,65536,0,0,0,65536,0,avoidance_choice_indices
50,36,3823603875840,1,64,8519680,65536,65536,0,0,0,65536,0,avoidance_clear_scan_counts
50,37,3823603941376,2,64,8585216,131072,65536,0,0,0,131072,0,attack_reposition_countdowns.counters
50,38,3823604072448,2,64,8716288,131072,65536,0,0,0,131072,0,attack_cooldowns.counters
50,39,3823604203520,8,64,8847360,524288,65536,0,0,0,524288,0,target_handles
50,40,3823604727808,4,64,9371648,262144,65536,0,0,0,262144,0,target_locations.xs
50,41,3823604989952,4,64,9633792,262144,65536,0,0,0,262144,0,target_locations.ys
50,42,3823605252096,4,64,9895936,262144,65536,0,0,0,262144,0,target_locations.zs
50,43,3823605514240,4,64,10158080,262144,65536,0,0,0,262144,0,target_velocities.xs
50,44,3823605776384,4,64,10420224,262144,65536,0,0,0,262144,0,target_velocities.ys
50,45,3823606038528,4,64,10682368,262144,65536,0,0,0,262144,0,target_velocities.zs
50,46,3823606300672,4,64,10944512,262144,65536,0,0,0,262144,0,target_directions.xs
50,47,3823606562816,4,64,11206656,262144,65536,0,0,0,262144,0,target_directions.ys
50,48,3823606824960,4,64,11468800,262144,65536,0,0,0,262144,0,target_directions.zs
50,49,3823607087104,4,64,11730944,262144,65536,0,0,0,262144,0,intercept_times
50,50,3823607349248,4,64,11993088,262144,65536,0,0,0,262144,0,target_distance_sq
50,51,3823607611392,4,64,12255232,262144,65536,0,0,0,262144,0,target_distances
50,52,3823607873536,4,64,12517376,262144,65536,0,0,0,,,target_radii
51,0,3694477901824,8,64,0,600064,75008,0,0,0,600064,0,positions0.xs
51,1,3694478501888,8,64,600064,600064,75008,0,2048,10240,600064,0,positions0.ys
51,2,3694479101952,8,64,1200128,600064,75008,0,0,20480,600064,0,positions0.zs
51,3,3694479702016,8,64,1800192,600064,75008,0,2048,30720,600064,0,velocities0.xs
51,4,3694480302080,8,64,2400256,600064,75008,0,0,40960,600064,0,velocities0.ys
51,5,3694480902144,8,64,3000320,600064,75008,0,2048,51200,600064,0,velocities0.zs
51,6,3694481502208,8,64,3600384,600064,75008,0,0,61440,600064,0,positions1.xs
51,7,3694482102272,8,64,4200448,600064,75008,0,2048,6144,600064,0,positions1.ys
51,8,3694482702336,8,64,4800512,600064,75008,0,0,16384,600064,0,positions1.zs
51,9,3694483302400,8,64,5400576,600064,75008,0,2048,26624,600064,0,velocities1.xs
51,10,3694483902464,8,64,6000640,600064,75008,0,0,36864,600064,0,velocities1.ys
51,11,3694484502528,8,64,6600704,600064,75008,0,2048,47104,600064,0,velocities1.zs
51,12,3694485102592,8,64,7200768,600064,75008,0,0,57344,600064,0,positions2.xs
51,13,3694485702656,8,64,7800832,600064,75008,0,2048,2048,600064,0,positions2.ys
51,14,3694486302720,8,64,8400896,600064,75008,0,0,12288,600064,0,positions2.zs
51,15,3694486902784,8,64,9000960,600064,75008,0,2048,22528,600064,0,velocities2.xs
51,16,3694487502848,8,64,9601024,600064,75008,0,0,32768,600064,0,velocities2.ys
51,17,3694488102912,8,64,10201088,600064,75008,0,2048,43008,600064,0,velocities2.zs
51,18,3694488702976,8,64,10801152,600064,75008,0,0,53248,600064,0,positions3.xs
51,19,3694489303040,8,64,11401216,600064,75008,0,2048,63488,600064,0,positions3.ys
51,20,3694489903104,8,64,12001280,600064,75008,0,0,8192,600064,0,positions3.zs
51,21,3694490503168,8,64,12601344,600064,75008,0,2048,18432,600064,0,velocities3.xs
51,22,3694491103232,8,64,13201408,600064,75008,0,0,28672,600064,0,velocities3.ys
51,23,3694491703296,8,64,13801472,600064,75008,0,2048,38912,,,velocities3.zs
52,0,5489237360640,8,64,0,600064,75008,0,0,0,600128,64,entity_handles
52,1,5489237960768,4,64,600128,300032,75008,0,2112,10304,300096,64,integral_biases
52,2,5489238260864,4,64,900224,300032,75008,0,3200,48256,300096,64,float_biases
52,3,5489238560960,1,64,1200320,75008,75008,0,192,20672,75072,64,tasks
52,4,5489238636032,4,64,1275392,300032,75008,0,1536,30208,300096,64,locations.xs
52,5,5489238936128,4,64,1575488,300032,75008,0,2624,2624,300096,64,locations.ys
52,6,5489239236224,4,64,1875584,300032,75008,0,3712,40576,300096,64,locations.zs
52,7,5489239536320,4,64,2175680,300032,75008,0,704,12992,300096,64,desired_move_locations.xs
52,8,5489239836416,4,64,2475776,300032,75008,0,1792,50944,300096,64,desired_move_locations.ys
52,9,5489240136512,4,64,2775872,300032,75008,0,2880,23360,300096,64,desired_move_locations.zs
52,10,5489240436608,4,64,3075968,300032,75008,0,3968,61312,300096,64,aim_directions.xs
52,11,5489240736704,4,64,3376064,300032,75008,0,960,33728,300096,64,aim_directions.ys
52,12,5489241036800,4,64,3676160,300032,75008,0,2048,6144,300096,64,aim_directions.zs
52,13,5489241336896,4,64,3976256,300032,75008,0,3136,44096,300096,64,desired_aiming_directions.xs
52,14,5489241636992,4,64,4276352,300032,75008,0,128,16512,300096,64,desired_aiming_directions.ys
52,15,5489241937088,4,64,4576448,300032,75008,0,1216,54464,300096,64,desired_aiming_directions.zs
52,16,5489242237184,4,64,4876544,300032,75008,0,2304,26880,300096,64,movement_directions.xs
52,17,5489242537280,4,64,5176640,300032,75008,0,3392,64832,300096,64,movement_directions.ys
52,18,5489242837376,4,64,5476736,300032,75008,0,384,37248,300096,64,movement_directions.zs
52,19,5489243137472,4,64,5776832,300032,75008,0,1472,9664,300096,64,velocities.xs
52,20,5489243437568,4,64,6076928,300032,75008,0,2560,47616,300096,64,velocities.ys
52,21,5489243737664,4,64,6377024,300032,75008,0,3648,20032,300096,64,velocities.zs
52,22,5489244037760,4,64,6677120,300032,75008,0,640,57984,300096,64,move_distances
52,23,5489244337856,4,64,6977216,300032,75008,0,1728,30400,300096,64,speeds
52,24,5489244637952,1,64,7277312,75008,75008,0,2816,2816,75072,64,teams
52,25,5489244713024,4,64,7352384,300032,75008,0,64,12352,300096,64,healths
52,26,5489245013120,8,64,7652480,600064,75008,0,1152,50304,600128,64,parent_handles
52,27,5489245613248,1,64,8252608,75008,75008,0,3264,60608,75072,64,awareness_scan_countdowns.counters
52,28,5489245688320,2,64,8327680,150016,75008,0,512,4608,150080,64,navigation_update_countdowns.remaining_ticks
52,29,5489245838400,2,64,8477760,150016,75008,0,3136,23616,150080,64,navigation_update_countdowns.periods
52,30,5489245988480,4,64,8627840,300032,75008,0,1664,42624,300096,64,separation_steering.xs
52,31,5489246288576,4,64,8927936,300032,75008,0,2752,15040,300096,64,separation_steering.ys
52,32,5489246588672,4,64,9228032,300032,75008,0,3840,52992,300096,64,separation_steering.zs
52,33,5489246888768,1,64,9528128,75008,75008,0,832,25408,75072,64,navigation_risk_tiers
52,34,5489246963840,1,64,9603200,75008,75008,0,2176,34944,75072,64,navigation_lower_risk_scan_counts
52,35,5489247038912,1,64,9678272,75008,75008,0,3520,44480,75072,64,avoidance_choice_indices
52,36,5489247113984,1,64,9753344,75008,75008,0,768,54016,75072,64,avoidance_clear_scan_counts
52,37,5489247189056,2,64,9828416,150016,75008,0,2112,63552,150080,64,attack_reposition_countdowns.counters
52,38,5489247339136,2,64,9978496,150016,75008,0,640,17024,150080,64,attack_cooldowns.counters
52,39,5489247489216,8,64,10128576,600064,75008,0,3264,36032,600128,64,target_handles
52,40,5489248089344,4,64,10728704,300032,75008,0,1280,46336,300096,64,target_locations.xs
52,41,5489248389440,4,64,11028800,300032,75008,0,2368,18752,300096,64,target_locations.ys
52,42,5489248689536,4,64,11328896,300032,75008,0,3456,56704,300096,64,target_locations.zs
52,43,5489248989632,4,64,11628992,300032,75008,0,448,29120,300096,64,target_velocities.xs
52,44,5489249289728,4,64,11929088,300032,75008,0,1536,1536,300096,64,target_velocities.ys
52,45,5489249589824,4,64,12229184,300032,75008,0,2624,39488,300096,64,target_velocities.zs
52,46,5489249889920,4,64,12529280,300032,75008,0,3712,11904,300096,64,target_directions.xs
52,47,5489250190016,4,64,12829376,300032,75008,0,704,49856,300096,64,target_directions.ys
52,48,5489250490112,4,64,13129472,300032,75008,0,1792,22272,300096,64,target_directions.zs
52,49,5489250790208,4,64,13429568,300032,75008,0,2880,60224,300096,64,intercept_times
52,50,5489251090304,4,64,13729664,300032,75008,0,3968,32640,300096,64,target_distance_sq
52,51,5489251390400,4,64,14029760,300032,75008,0,960,5056,300096,64,target_distances
52,52,5489251690496,4,64,14329856,300032,75008,0,2048,43008,,,target_radii
53,0,2544500408320,1,64,0,75008,75008,0,0,0,75200,192,bundle0.flags
53,1,2544500483520,2,64,75200,150016,75008,0,1472,9664,150208,192,bundle0.counters
53,2,2544500633728,4,64,225408,300032,75008,0,128,28800,300224,192,bundle0.counts
53,3,2544500933952,8,64,525632,600064,75008,0,1344,1344,600256,192,bundle0.totals
53,4,2544501534208,3,64,1125888,225024,75008,0,3584,11776,225216,192,bundle0.payloads
53,5,2544501759424,4,64,1351104,300032,75008,0,3520,40384,300224,192,bundle0.values
53,6,2544502059648,8,64,1651328,600064,75008,0,640,12928,600256,192,bundle0.rates
53,7,2544502659904,1,64,2251584,75008,75008,0,2880,23360,75200,192,bundle1.flags
53,8,2544502735104,2,64,2326784,150016,75008,0,256,33024,150208,192,bundle1.counters
53,9,2544502885312,4,64,2476992,300032,75008,0,3008,52160,300224,192,bundle1.counts
53,10,2544503185536,8,64,2777216,600064,75008,0,128,24704,600256,192,bundle1.totals
53,11,2544503785792,3,64,3377472,225024,75008,0,2368,35136,225216,192,bundle1.payloads
53,12,2544504011008,4,64,3602688,300032,75008,0,2304,63744,300224,192,bundle1.values
53,13,2544504311232,8,64,3902912,600064,75008,0,3520,36288,600256,192,bundle1.rates
53,14,2544504911488,1,64,4503168,75008,75008,0,1664,46720,75200,192,bundle2.flags
53,15,2544504986688,2,64,4578368,150016,75008,0,3136,56384,150208,192,bundle2.counters
53,16,2544505136896,4,64,4728576,300032,75008,0,1792,9984,300224,192,bundle2.counts
53,17,2544505437120,8,64,5028800,600064,75008,0,3008,48064,600256,192,bundle2.totals
53,18,2544506037376,3,64,5629056,225024,75008,0,1152,58496,225216,192,bundle2.payloads
53,19,2544506262592,4,64,5854272,300032,75008,0,1088,21568,300224,192,bundle2.values
53,20,2544506562816,8,64,6154496,600064,75008,0,2304,59648,600256,192,bundle2.rates
53,21,2544507163072,1,64,6754752,75008,75008,0,448,4544,75200,192,bundle3.flags
53,22,2544507238272,2,64,6829952,150016,75008,0,1920,14208,150208,192,bundle3.counters
53,23,2544507388480,4,64,6980160,300032,75008,0,576,33344,300224,192,bundle3.counts
53,24,2544507688704,8,64,7280384,600064,75008,0,1792,5888,600256,192,bundle3.totals
53,25,2544508288960,3,64,7880640,225024,75008,0,4032,16320,225216,192,bundle3.payloads
53,26,2544508514176,4,64,8105856,300032,75008,0,3968,44928,300224,192,bundle3.values
53,27,2544508814400,8,64,8406080,600064,75008,0,1088,17472,600256,192,bundle3.rates
53,28,2544509414656,1,64,9006336,75008,75008,0,3328,27904,75200,192,bundle4.flags
53,29,2544509489856,2,64,9081536,150016,75008,0,704,37568,150208,192,bundle4.counters
53,30,2544509640064,4,64,9231744,300032,75008,0,3456,56704,300224,192,bundle4.counts
53,31,2544509940288,8,64,9531968,600064,75008,0,576,29248,600256,192,bundle4.totals
53,32,2544510540544,3,64,10132224,225024,75008,0,2816,39680,225216,192,bundle4.payloads
53,33,2544510765760,4,64,10357440,300032,75008,0,2752,2752,300224,192,bundle4.values
53,34,2544511065984,8,64,10657664,600064,75008,0,3968,40832,600256,192,bundle4.rates
53,35,2544511666240,1,64,11257920,75008,75008,0,2112,51264,75200,192,bundle5.flags
53,36,2544511741440,2,64,11333120,150016,75008,0,3584,60928,150208,192,bundle5.counters
53,37,2544511891648,4,64,11483328,300032,75008,0,2240,14528,300224,192,bundle5.counts
53,38,2544512191872,8,64,11783552,600064,75008,0,3456,52608,600256,192,bundle5.totals
53,39,2544512792128,3,64,12383808,225024,75008,0,1600,63040,225216,192,bundle5.payloads
53,40,2544513017344,4,64,12609024,300032,75008,0,1536,26112,300224,192,bundle5.values
53,41,2544513317568,8,64,12909248,600064,75008,0,2752,64192,,,bundle5.rates
54,0,4774426574848,4,64,0,262144,65536,0,0,0,262208,64,bundle0.positions
54,1,4774426837056,4,64,262208,262144,65536,0,64,64,262208,64,bundle0.velocities
54,2,4774427099264,32,64,524416,2097152,65536,0,128,128,2097216,64,bundle0.aligned32
54,3,4774429196480,64,64,2621632,4194304,65536,0,192,192,4194368,64,bundle0.aligned64
54,4,4774433390848,256,256,6816000,16777216,65536,0,256,256,16777280,64,bundle0.aligned256
54,5,4774450168128,4,64,23593280,262144,65536,0,320,320,262208,64,bundle1.positions
54,6,4774450430336,4,64,23855488,262144,65536,0,384,384,262208,64,bundle1.velocities
54,7,4774450692544,32,64,24117696,2097152,65536,0,448,448,2097216,64,bundle1.aligned32
54,8,4774452789760,64,64,26214912,4194304,65536,0,512,512,4194560,256,bundle1.aligned64
54,9,4774456984320,256,256,30409472,16777216,65536,0,768,768,16777280,64,bundle1.aligned256
54,10,4774473761600,4,64,47186752,262144,65536,0,832,832,262208,64,bundle2.positions
54,11,4774474023808,4,64,47448960,262144,65536,0,896,896,262208,64,bundle2.velocities
54,12,4774474286016,32,64,47711168,2097152,65536,0,960,960,2097216,64,bundle2.aligned32
54,13,4774476383232,64,64,49808384,4194304,65536,0,1024,1024,4194560,256,bundle2.aligned64
54,14,4774480577792,256,256,54002944,16777216,65536,0,1280,1280,,,bundle2.aligned256
55,0,3946270359552,8,64,0,524800,65600,0,0,0,524800,0,entity_handles
55,1,3946270884352,4,64,524800,262400,65600,0,512,512,262400,0,integral_biases
55,2,3946271146752,4,64,787200,262400,65600,0,768,768,262400,0,float_biases
55,3,3946271409152,1,64,1049600,65600,65600,0,1024,1024,65600,0,tasks
55,4,3946271474752,4,64,1115200,262400,65600,0,1088,1088,262400,0,locations.xs
55,5,3946271737152,4,64,1377600,262400,65600,0,1344,1344,262400,0,locations.ys
55,6,3946271999552,4,64,1640000,262400,65600,0,1600,1600,262400,0,locations.zs
55,7,3946272261952,4,64,1902400,262400,65600,0,1856,1856,262400,0,desired_move_locations.xs
55,8,3946272524352,4,64,2164800,262400,65600,0,2112,2112,262400,0,desired_move_locations.ys
55,9,3946272786752,4,64,2427200,262400,65600,0,2368,2368,262400,0,desired_move_locations.zs
55,10,3946273049152,4,64,2689600,262400,65600,0,2624,2624,262400,0,aim_directions.xs
55,11,3946273311552,4,64,2952000,262400,65600,0,2880,2880,262400,0,aim_directions.ys
55,12,3946273573952,4,64,3214400,262400,65600,0,3136,3136,262400,0,aim_directions.zs
55,13,3946273836352,4,64,3476800,262400,65600,0,3392,3392,262400,0,desired_aiming_directions.xs
55,14,3946274098752,4,64,3739200,262400,65600,0,3648,3648,262400,0,desired_aiming_directions.ys
55,15,3946274361152,4,64,4001600,262400,65600,0,3904,3904,262400,0,desired_aiming_directions.zs
55,16,3946274623552,4,64,4264000,262400,65600,0,64,4160,262400,0,movement_directions.xs
55,17,3946274885952,4,64,4526400,262400,65600,0,320,4416,262400,0,movement_directions.ys
55,18,3946275148352,4,64,4788800,262400,65600,0,576,4672,262400,0,movement_directions.zs
55,19,3946275410752,4,64,5051200,262400,65600,0,832,4928,262400,0,velocities.xs
55,20,3946275673152,4,64,5313600,262400,65600,0,1088,5184,262400,0,velocities.ys
55,21,3946275935552,4,64,5576000,262400,65600,0,1344,5440,262400,0,velocities.zs
55,22,3946276197952,4,64,5838400,262400,65600,0,1600,5696,262400,0,move_distances
55,23,3946276460352,4,64,6100800,262400,65600,0,1856,5952,262400,0,speeds
55,24,3946276722752,1,64,6363200,65600,65600,0,2112,6208,65600,0,teams
55,25,3946276788352,4,64,6428800,262400,65600,0,2176,6272,262400,0,healths
55,26,3946277050752,8,64,6691200,524800,65600,0,2432,6528,524800,0,parent_handles
55,27,3946277575552,1,64,7216000,65600,65600,0,2944,7040,65600,0,awareness_scan_countdowns.counters
55,28,3946277641152,2,64,7281600,131200,65600,0,3008,7104,131200,0,navigation_update_countdowns.remaining_ticks
55,29,3946277772352,2,64,7412800,131200,65600,0,3136,7232,131200,0,navigation_update_countdowns.periods
55,30,3946277903552,4,64,7544000,262400,65600,0,3264,7360,262400,0,separation_steering.xs
55,31,3946278165952,4,64,7806400,262400,65600,0,3520,7616,262400,0,separation_steering.ys
55,32,3946278428352,4,64,8068800,262400,65600,0,3776,7872,262400,0,separation_steering.zs
55,33,3946278690752,1,64,8331200,65600,65600,0,4032,8128,65600,0,navigation_risk_tiers
55,34,3946278756352,1,64,8396800,65600,65600,0,0,8192,65600,0,navigation_lower_risk_scan_counts
55,35,3946278821952,1,64,8462400,65600,65600,0,64,8256,65600,0,avoidance_choice_indices
55,36,3946278887552,1,64,8528000,65600,65600,0,128,8320,65600,0,avoidance_clear_scan_counts
55,37,3946278953152,2,64,8593600,131200,65600,0,192,8384,131200,0,attack_reposition_countdowns.counters
55,38,3946279084352,2,64,8724800,131200,65600,0,320,8512,131200,0,attack_cooldowns.counters
55,39,3946279215552,8,64,8856000,524800,65600,0,448,8640,524800,0,target_handles
55,40,3946279740352,4,64,9380800,262400,65600,0,960,9152,262400,0,target_locations.xs
55,41,3946280002752,4,64,9643200,262400,65600,0,1216,9408,262400,0,target_locations.ys
55,42,3946280265152,4,64,9905600,262400,65600,0,1472,9664,262400,0,target_locations.zs
55,43,3946280527552,4,64,10168000,262400,65600,0,1728,9920,262400,0,target_velocities.xs
55,44,3946280789952,4,64,10430400,262400,65600,0,1984,10176,262400,0,target_velocities.ys
55,45,3946281052352,4,64,10692800,262400,65600,0,2240,10432,262400,0,target_velocities.zs
55,46,3946281314752,4,64,10955200,262400,65600,0,2496,10688,262400,0,target_directions.xs
55,47,3946281577152,4,64,11217600,262400,65600,0,2752,10944,262400,0,target_directions.ys
55,48,3946281839552,4,64,11480000,262400,65600,0,3008,11200,262400,0,target_directions.zs
55,49,3946282101952,4,64,11742400,262400,65600,0,3264,11456,262400,0,intercept_times
55,50,3946282364352,4,64,12004800,262400,65600,0,3520,11712,262400,0,target_distance_sq
55,51,3946282626752,4,64,12267200,262400,65600,0,3776,11968,262400,0,target_distances
55,52,3946282889152,4,64,12529600,262400,65600,0,4032,12224,,,target_radii
56,0,2521146523648,8,64,0,800256,100032,0,0,0,800256,0,entity_handles
56,1,2521147323904,4,64,800256,400128,100032,0,1536,13824,400128,0,integral_biases
56,2,2521147724032,4,64,1200384,400128,100032,0,256,20736,400128,0,float_biases
56,3,2521148124160,1,64,1600512,100032,100032,0,3072,27648,100032,0,tasks
56,4,2521148224192,4,64,1700544,400128,100032,0,704,62144,400128,0,locations.xs
56,5,2521148624320,4,64,2100672,400128,100032,0,3520,3520,400128,0,locations.ys
56,6,2521149024448,4,64,2500800,400128,100032,0,2240,10432,400128,0,locations.zs
56,7,2521149424576,4,64,2900928,400128,100032,0,960,17344,400128,0,desired_move_locations.xs
56,8,2521149824704,4,64,3301056,400128,100032,0,3776,24256,400128,0,desired_move_locations.ys
56,9,2521150224832,4,64,3701184,400128,100032,0,2496,31168,400128,0,desired_move_locations.zs
56,10,2521150624960,4,64,4101312,400128,100032,0,1216,38080,400128,0,aim_directions.xs
56,11,2521151025088,4,64,4501440,400128,100032,0,4032,44992,400128,0,aim_directions.ys
56,12,2521151425216,4,64,4901568,400128,100032,0,2752,51904,400128,0,aim_directions.zs
56,13,2521151825344,4,64,5301696,400128,100032,0,1472,58816,400128,0,desired_aiming_directions.xs
56,14,2521152225472,4,64,5701824,400128,100032,0,192,192,400128,0,desired_aiming_directions.ys
56,15,2521152625600,4,64,6101952,400128,100032,0,3008,7104,400128,0,desired_aiming_directions.zs
56,16,2521153025728,4,64,6502080,400128,100032,0,1728,14016,400128,0,movement_directions.xs
56,17,2521153425856,4,64,6902208,400128,100032,0,448,20928,400128,0,movement_directions.ys
56,18,2521153825984,4,64,7302336,400128,100032,0,3264,27840,400128,0,movement_directions.zs
56,19,2521154226112,4,64,7702464,400128,100032,0,1984,34752,400128,0,velocities.xs
56,20,2521154626240,4,64,8102592,400128,100032,0,704,41664,400128,0,velocities.ys
56,21,2521155026368,4,64,8502720,400128,100032,0,3520,48576,400128,0,velocities.zs
56,22,2521155426496,4,64,8902848,400128,100032,0,2240,55488,400128,0,move_distances
56,23,2521155826624,4,64,9302976,400128,100032,0,960,62400,400128,0,speeds
56,24,2521156226752,1,64,9703104,100032,100032,0,3776,3776,100032,0,teams
56,25,2521156326784,4,64,9803136,400128,100032,0,1408,38272,400128,0,healths
56,26,2521156726912,8,64,10203264,800256,100032,0,128,45184,800256,0,parent_handles
56,27,2521157527168,1,64,11003520,100032,100032,0,1664,59008,100032,0,awareness_scan_countdowns.counters
56,28,2521157627200,2,64,11103552,200064,100032,0,3392,27968,200064,0,navigation_update_countdowns.remaining_ticks
56,29,2521157827264,2,64,11303616,200064,100032,0,2752,31424,200064,0,navigation_update_countdowns.periods
56,30,2521158027328,4,64,11503680,400128,100032,0,2112,34880,400128,0,separation_steering.xs
56,31,2521158427456,4,64,11903808,400128,100032,0,832,41792,400128,0,separation_steering.ys
56,32,2521158827584,4,64,12303936,400128,100032,0,3648,48704,400128,0,separation_steering.zs
56,33,2521159227712,1,64,12704064,100032,100032,0,2368,55616,100032,0,navigation_risk_tiers
56,34,2521159327744,1,64,12804096,100032,100032,0,0,24576,100032,0,navigation_lower_risk_scan_counts
56,35,2521159427776,1,64,12904128,100032,100032,0,1728,59072,100032,0,avoidance_choice_indices
56,36,2521159527808,1,64,13004160,100032,100032,0,3456,28032,100032,0,avoidance_clear_scan_counts
56,37,2521159627840,2,64,13104192,200064,100032,0,1088,62528,200064,0,attack_reposition_countdowns.counters
56,38,2521159827904,2,64,13304256,200064,100032,0,448,448,200064,0,attack_cooldowns.counters
56,39,2521160027968,8,64,13504320,800256,100032,0,3904,3904,800256,0,target_handles
56,40,2521160828224,4,64,14304576,400128,100032,0,1344,17728,400128,0,target_locations.xs
56,41,2521161228352,4,64,14704704,400128,100032,0,64,24640,400128,0,target_locations.ys
56,42,2521161628480,4,64,15104832,400128,100032,0,2880,31552,400128,0,target_locations.zs
56,43,2521162028608,4,64,15504960,400128,100032,0,1600,38464,400128,0,target_velocities.xs
56,44,2521162428736,4,64,15905088,400128,100032,0,320,45376,400128,0,target_velocities.ys
56,45,2521162828864,4,64,16305216,400128,100032,0,3136,52288,400128,0,target_velocities.zs
56,46,2521163228992,4,64,16705344,400128,100032,0,1856,59200,400128,0,target_directions.xs
56,47,2521163629120,4,64,17105472,400128,100032,0,576,576,400128,0,target_directions.ys
56,48,2521164029248,4,64,17505600,400128,100032,0,3392,7488,400128,0,target_directions.zs
56,49,2521164429376,4,64,17905728,400128,100032,0,2112,14400,400128,0,intercept_times
56,50,2521164829504,4,64,18305856,400128,100032,0,832,21312,400128,0,target_distance_sq
56,51,2521165229632,4,64,18705984,400128,100032,0,3648,28224,400128,0,target_distances
56,52,2521165629760,4,64,19106112,400128,100032,0,2368,35136,,,target_radii
57,0,5980205809664,8,64,0,524288,65536,0,0,0,524352,64,entity_handles
57,1,5980206334016,4,64,524352,262144,65536,0,64,64,262208,64,integral_biases
57,2,5980206596224,4,64,786560,262144,65536,0,128,128,262208,64,float_biases
57,3,5980206858432,1,64,1048768,65536,65536,0,192,192,65600,64,tasks
57,4,5980206924032,4,64,1114368,262144,65536,0,256,256,262208,64,locations.xs
57,5,5980207186240,4,64,1376576,262144,65536,0,320,320,262208,64,locations.ys
57,6,5980207448448,4,64,1638784,262144,65536,0,384,384,262208,64,locations.zs
57,7,5980207710656,4,64,1900992,262144,65536,0,448,448,262208,64,desired_move_locations.xs
57,8,5980207972864,4,64,2163200,262144,65536,0,512,512,262208,64,desired_move_locations.ys
57,9,5980208235072,4,64,2425408,262144,65536,0,576,576,262208,64,desired_move_locations.zs
57,10,5980208497280,4,64,2687616,262144,65536,0,640,640,262208,64,aim_directions.xs
57,11,5980208759488,4,64,2949824,262144,65536,0,704,704,262208,64,aim_directions.ys
57,12,5980209021696,4,64,3212032,262144,65536,0,768,768,262208,64,aim_directions.zs
57,13,5980209283904,4,64,3474240,262144,65536,0,832,832,262208,64,desired_aiming_directions.xs
57,14,5980209546112,4,64,3736448,262144,65536,0,896,896,262208,64,desired_aiming_directions.ys
57,15,5980209808320,4,64,3998656,262144,65536,0,960,960,262208,64,desired_aiming_directions.zs
57,16,5980210070528,4,64,4260864,262144,65536,0,1024,1024,262208,64,movement_directions.xs
57,17,5980210332736,4,64,4523072,262144,65536,0,1088,1088,262208,64,movement_directions.ys
57,18,5980210594944,4,64,4785280,262144,65536,0,1152,1152,262208,64,movement_directions.zs
57,19,5980210857152,4,64,5047488,262144,65536,0,1216,1216,262208,64,velocities.xs
57,20,5980211119360,4,64,5309696,262144,65536,0,1280,1280,262208,64,velocities.ys
57,21,5980211381568,4,64,5571904,262144,65536,0,1344,1344,262208,64,velocities.zs
57,22,5980211643776,4,64,5834112,262144,65536,0,1408,1408,262208,64,move_distances
57,23,5980211905984,4,64,6096320,262144,65536,0,1472,1472,262208,64,speeds
57,24,5980212168192,1,64,6358528,65536,65536,0,1536,1536,65600,64,teams
57,25,5980212233792,4,64,6424128,262144,65536,0,1600,1600,262208,64,healths
57,26,5980212496000,8,64,6686336,524288,65536,0,1664,1664,524352,64,parent_handles
57,27,5980213020352,1,64,7210688,65536,65536,0,1728,1728,65600,64,awareness_scan_countdowns.counters
57,28,5980213085952,2,64,7276288,131072,65536,0,1792,1792,131136,64,navigation_update_countdowns.remaining_ticks
57,29,5980213217088,2,64,7407424,131072,65536,0,1856,1856,131136,64,navigation_update_countdowns.periods
57,30,5980213348224,4,64,7538560,262144,65536,0,1920,1920,262208,64,separation_steering.xs
57,31,5980213610432,4,64,7800768,262144,65536,0,1984,1984,262208,64,separation_steering.ys
57,32,5980213872640,4,64,8062976,262144,65536,0,2048,2048,262208,64,separation_steering.zs
57,33,5980214134848,1,64,8325184,65536,65536,0,2112,2112,65600,64,navigation_risk_tiers
57,34,5980214200448,1,64,8390784,65536,65536,0,2176,2176,65600,64,navigation_lower_risk_scan_counts
57,35,5980214266048,1,64,8456384,65536,65536,0,2240,2240,65600,64,avoidance_choice_indices
57,36,5980214331648,1,64,8521984,65536,65536,0,2304,2304,65600,64,avoidance_clear_scan_counts
57,37,5980214397248,2,64,8587584,131072,65536,0,2368,2368,131136,64,attack_reposition_countdowns.counters
57,38,5980214528384,2,64,8718720,131072,65536,0,2432,2432,131136,64,attack_cooldowns.counters
57,39,5980214659520,8,64,8849856,524288,65536,0,2496,2496,524352,64,target_handles
57,40,5980215183872,4,64,9374208,262144,65536,0,2560,2560,262208,64,target_locations.xs
57,41,5980215446080,4,64,9636416,262144,65536,0,2624,2624,262208,64,target_locations.ys
57,42,5980215708288,4,64,9898624,262144,65536,0,2688,2688,262208,64,target_locations.zs
57,43,5980215970496,4,64,10160832,262144,65536,0,2752,2752,262208,64,target_velocities.xs
57,44,5980216232704,4,64,10423040,262144,65536,0,2816,2816,262208,64,target_velocities.ys
57,45,5980216494912,4,64,10685248,262144,65536,0,2880,2880,262208,64,target_velocities.zs
57,46,5980216757120,4,64,10947456,262144,65536,0,2944,2944,262208,64,target_directions.xs
57,47,5980217019328,4,64,11209664,262144,65536,0,3008,3008,262208,64,target_directions.ys
57,48,5980217281536,4,64,11471872,262144,65536,0,3072,3072,262208,64,target_directions.zs
57,49,5980217543744,4,64,11734080,262144,65536,0,3136,3136,262208,64,intercept_times
57,50,5980217805952,4,64,11996288,262144,65536,0,3200,3200,262208,64,target_distance_sq
57,51,5980218068160,4,64,12258496,262144,65536,0,3264,3264,262208,64,target_distances
57,52,5980218330368,4,64,12520704,262144,65536,0,3328,3328,,,target_radii
58,0,3892851703808,8,64,0,524288,65536,0,0,0,524288,0,entity_handles
58,1,3892852228096,4,64,524288,262144,65536,0,0,0,262144,0,integral_biases
58,2,3892852490240,4,64,786432,262144,65536,0,0,0,262144,0,float_biases
58,3,3892852752384,1,64,1048576,65536,65536,0,0,0,65536,0,tasks
58,4,3892852817920,4,64,1114112,262144,65536,0,0,0,262144,0,locations.xs
58,5,3892853080064,4,64,1376256,262144,65536,0,0,0,262144,0,locations.ys
58,6,3892853342208,4,64,1638400,262144,65536,0,0,0,262144,0,locations.zs
58,7,3892853604352,4,64,1900544,262144,65536,0,0,0,262144,0,desired_move_locations.xs
58,8,3892853866496,4,64,2162688,262144,65536,0,0,0,262144,0,desired_move_locations.ys
58,9,3892854128640,4,64,2424832,262144,65536,0,0,0,262144,0,desired_move_locations.zs
58,10,3892854390784,4,64,2686976,262144,65536,0,0,0,262144,0,aim_directions.xs
58,11,3892854652928,4,64,2949120,262144,65536,0,0,0,262144,0,aim_directions.ys
58,12,3892854915072,4,64,3211264,262144,65536,0,0,0,262144,0,aim_directions.zs
58,13,3892855177216,4,64,3473408,262144,65536,0,0,0,262144,0,desired_aiming_directions.xs
58,14,3892855439360,4,64,3735552,262144,65536,0,0,0,262144,0,desired_aiming_directions.ys
58,15,3892855701504,4,64,3997696,262144,65536,0,0,0,262144,0,desired_aiming_directions.zs
58,16,3892855963648,4,64,4259840,262144,65536,0,0,0,262144,0,movement_directions.xs
58,17,3892856225792,4,64,4521984,262144,65536,0,0,0,262144,0,movement_directions.ys
58,18,3892856487936,4,64,4784128,262144,65536,0,0,0,262144,0,movement_directions.zs
58,19,3892856750080,4,64,5046272,262144,65536,0,0,0,262144,0,velocities.xs
58,20,3892857012224,4,64,5308416,262144,65536,0,0,0,262144,0,velocities.ys
58,21,3892857274368,4,64,5570560,262144,65536,0,0,0,262144,0,velocities.zs
58,22,3892857536512,4,64,5832704,262144,65536,0,0,0,262144,0,move_distances
58,23,3892857798656,4,64,6094848,262144,65536,0,0,0,262144,0,speeds
58,24,3892858060800,1,64,6356992,65536,65536,0,0,0,65536,0,teams
58,25,3892858126336,4,64,6422528,262144,65536,0,0,0,262144,0,healths
58,26,3892858388480,8,64,6684672,524288,65536,0,0,0,524288,0,parent_handles
58,27,3892858912768,1,64,7208960,65536,65536,0,0,0,65536,0,awareness_scan_countdowns.counters
58,28,3892858978304,2,64,7274496,131072,65536,0,0,0,131072,0,navigation_update_countdowns.remaining_ticks
58,29,3892859109376,2,64,7405568,131072,65536,0,0,0,131072,0,navigation_update_countdowns.periods
58,30,3892859240448,4,64,7536640,262144,65536,0,0,0,262144,0,separation_steering.xs
58,31,3892859502592,4,64,7798784,262144,65536,0,0,0,262144,0,separation_steering.ys
58,32,3892859764736,4,64,8060928,262144,65536,0,0,0,262144,0,separation_steering.zs
58,33,3892860026880,1,64,8323072,65536,65536,0,0,0,65536,0,navigation_risk_tiers
58,34,3892860092416,1,64,8388608,65536,65536,0,0,0,65536,0,navigation_lower_risk_scan_counts
58,35,3892860157952,1,64,8454144,65536,65536,0,0,0,65536,0,avoidance_choice_indices
58,36,3892860223488,1,64,8519680,65536,65536,0,0,0,65536,0,avoidance_clear_scan_counts
58,37,3892860289024,2,64,8585216,131072,65536,0,0,0,131072,0,attack_reposition_countdowns.counters
58,38,3892860420096,2,64,8716288,131072,65536,0,0,0,131072,0,attack_cooldowns.counters
58,39,3892860551168,8,64,8847360,524288,65536,0,0,0,524288,0,target_handles
58,40,3892861075456,4,64,9371648,262144,65536,0,0,0,262144,0,target_locations.xs
58,41,3892861337600,4,64,9633792,262144,65536,0,0,0,262144,0,target_locations.ys
58,42,3892861599744,4,64,9895936,262144,65536,0,0,0,262144,0,target_locations.zs
58,43,3892861861888,4,64,10158080,262144,65536,0,0,0,262144,0,target_velocities.xs
58,44,3892862124032,4,64,10420224,262144,65536,0,0,0,262144,0,target_velocities.ys
58,45,3892862386176,4,64,10682368,262144,65536,0,0,0,262144,0,target_velocities.zs
58,46,3892862648320,4,64,10944512,262144,65536,0,0,0,262144,0,target_directions.xs
58,47,3892862910464,4,64,11206656,262144,65536,0,0,0,262144,0,target_directions.ys
58,48,3892863172608,4,64,11468800,262144,65536,0,0,0,262144,0,target_directions.zs
58,49,3892863434752,4,64,11730944,262144,65536,0,0,0,262144,0,intercept_times
58,50,3892863696896,4,64,11993088,262144,65536,0,0,0,262144,0,target_distance_sq
58,51,3892863959040,4,64,12255232,262144,65536,0,0,0,262144,0,target_distances
58,52,3892864221184,4,64,12517376,262144,65536,0,0,0,,,target_radii
59,0,2307740336128,8,64,0,524288,65536,0,0,0,524352,64,entity_handles
59,1,2307740860480,4,64,524352,262144,65536,0,64,64,262208,64,integral_biases
59,2,2307741122688,4,64,786560,262144,65536,0,128,128,262208,64,float_biases
59,3,2307741384896,1,64,1048768,65536,65536,0,192,192,65600,64,tasks
59,4,2307741450496,4,64,1114368,262144,65536,0,256,256,262208,64,locations.xs
59,5,2307741712704,4,64,1376576,262144,65536,0,320,320,262208,64,locations.ys
59,6,2307741974912,4,64,1638784,262144,65536,0,384,384,262208,64,locations.zs
59,7,2307742237120,4,64,1900992,262144,65536,0,448,448,262208,64,desired_move_locations.xs
59,8,2307742499328,4,64,2163200,262144,65536,0,512,512,262208,64,desired_move_locations.ys
59,9,2307742761536,4,64,2425408,262144,65536,0,576,576,262208,64,desired_move_locations.zs
59,10,2307743023744,4,64,2687616,262144,65536,0,640,640,262208,64,aim_directions.xs
59,11,2307743285952,4,64,2949824,262144,65536,0,704,704,262208,64,aim_directions.ys
59,12,2307743548160,4,64,3212032,262144,65536,0,768,768,262208,64,aim_directions.zs
59,13,2307743810368,4,64,3474240,262144,65536,0,832,832,262208,64,desired_aiming_directions.xs
59,14,2307744072576,4,64,3736448,262144,65536,0,896,896,262208,64,desired_aiming_directions.ys
59,15,2307744334784,4,64,3998656,262144,65536,0,960,960,262208,64,desired_aiming_directions.zs
59,16,2307744596992,4,64,4260864,262144,65536,0,1024,1024,262208,64,movement_directions.xs
59,17,2307744859200,4,64,4523072,262144,65536,0,1088,1088,262208,64,movement_directions.ys
59,18,2307745121408,4,64,4785280,262144,65536,0,1152,1152,262208,64,movement_directions.zs
59,19,2307745383616,4,64,5047488,262144,65536,0,1216,1216,262208,64,velocities.xs
59,20,2307745645824,4,64,5309696,262144,65536,0,1280,1280,262208,64,velocities.ys
59,21,2307745908032,4,64,5571904,262144,65536,0,1344,1344,262208,64,velocities.zs
59,22,2307746170240,4,64,5834112,262144,65536,0,1408,1408,262208,64,move_distances
59,23,2307746432448,4,64,6096320,262144,65536,0,1472,1472,262208,64,speeds
59,24,2307746694656,1,64,6358528,65536,65536,0,1536,1536,65600,64,teams
59,25,2307746760256,4,64,6424128,262144,65536,0,1600,1600,262208,64,healths
59,26,2307747022464,8,64,6686336,524288,65536,0,1664,1664,524352,64,parent_handles
59,27,2307747546816,1,64,7210688,65536,65536,0,1728,1728,65600,64,awareness_scan_countdowns.counters
59,28,2307747612416,2,64,7276288,131072,65536,0,1792,1792,131136,64,navigation_update_countdowns.remaining_ticks
59,29,2307747743552,2,64,7407424,131072,65536,0,1856,1856,131136,64,navigation_update_countdowns.periods
59,30,2307747874688,4,64,7538560,262144,65536,0,1920,1920,262208,64,separation_steering.xs
59,31,2307748136896,4,64,7800768,262144,65536,0,1984,1984,262208,64,separation_steering.ys
59,32,2307748399104,4,64,8062976,262144,65536,0,2048,2048,262208,64,separation_steering.zs
59,33,2307748661312,1,64,8325184,65536,65536,0,2112,2112,65600,64,navigation_risk_tiers
59,34,2307748726912,1,64,8390784,65536,65536,0,2176,2176,65600,64,navigation_lower_risk_scan_counts
59,35,2307748792512,1,64,8456384,65536,65536,0,2240,2240,65600,64,avoidance_choice_indices
59,36,2307748858112,1,64,8521984,65536,65536,0,2304,2304,65600,64,avoidance_clear_scan_counts
59,37,2307748923712,2,64,8587584,131072,65536,0,2368,2368,131136,64,attack_reposition_countdowns.counters
59,38,2307749054848,2,64,8718720,131072,65536,0,2432,2432,131136,64,attack_cooldowns.counters
59,39,2307749185984,8,64,8849856,524288,65536,0,2496,2496,524352,64,target_handles
59,40,2307749710336,4,64,9374208,262144,65536,0,2560,2560,262208,64,target_locations.xs
59,41,2307749972544,4,64,9636416,262144,65536,0,2624,2624,262208,64,target_locations.ys
59,42,2307750234752,4,64,9898624,262144,65536,0,2688,2688,262208,64,target_locations.zs
59,43,2307750496960,4,64,10160832,262144,65536,0,2752,2752,262208,64,target_velocities.xs
59,44,2307750759168,4,64,10423040,262144,65536,0,2816,2816,262208,64,target_velocities.ys
59,45,2307751021376,4,64,10685248,262144,65536,0,2880,2880,262208,64,target_velocities.zs
59,46,2307751283584,4,64,10947456,262144,65536,0,2944,2944,262208,64,target_directions.xs
59,47,2307751545792,4,64,11209664,262144,65536,0,3008,3008,262208,64,target_directions.ys
59,48,2307751808000,4,64,11471872,262144,65536,0,3072,3072,262208,64,target_directions.zs
59,49,2307752070208,4,64,11734080,262144,65536,0,3136,3136,262208,64,intercept_times
59,50,2307752332416,4,64,11996288,262144,65536,0,3200,3200,262208,64,target_distance_sq
59,51,2307752594624,4,64,12258496,262144,65536,0,3264,3264,262208,64,target_distances
59,52,2307752856832,4,64,12520704,262144,65536,0,3328,3328,,,target_radii
60,0,5978326761472,1,64,0,65536,65536,0,0,0,65728,192,bundle0.flags
60,1,5978326827200,2,64,65728,131072,65536,0,192,192,131264,192,bundle0.counters
60,2,5978326958464,4,64,196992,262144,65536,0,384,384,262336,192,bundle0.counts
60,3,5978327220800,8,64,459328,524288,65536,0,576,576,524480,192,bundle0.totals
60,4,5978327745280,3,64,983808,196608,65536,0,768,768,196800,192,bundle0.payloads
60,5,5978327942080,4,64,1180608,262144,65536,0,960,960,262336,192,bundle0.values
60,6,5978328204416,8,64,1442944,524288,65536,0,1152,1152,524480,192,bundle0.rates
60,7,5978328728896,1,64,1967424,65536,65536,0,1344,1344,65728,192,bundle1.flags
60,8,5978328794624,2,64,2033152,131072,65536,0,1536,1536,131264,192,bundle1.counters
60,9,5978328925888,4,64,2164416,262144,65536,0,1728,1728,262336,192,bundle1.counts
60,10,5978329188224,8,64,2426752,524288,65536,0,1920,1920,524480,192,bundle1.totals
60,11,5978329712704,3,64,2951232,196608,65536,0,2112,2112,196800,192,bundle1.payloads
60,12,5978329909504,4,64,3148032,262144,65536,0,2304,2304,262336,192,bundle1.values
60,13,5978330171840,8,64,3410368,524288,65536,0,2496,2496,524480,192,bundle1.rates
60,14,5978330696320,1,64,3934848,65536,65536,0,2688,2688,65728,192,bundle2.flags
60,15,5978330762048,2,64,4000576,131072,65536,0,2880,2880,131264,192,bundle2.counters
60,16,5978330893312,4,64,4131840,262144,65536,0,3072,3072,262336,192,bundle2.counts
60,17,5978331155648,8,64,4394176,524288,65536,0,3264,3264,524480,192,bundle2.totals
60,18,5978331680128,3,64,4918656,196608,65536,0,3456,3456,196800,192,bundle2.payloads
60,19,5978331876928,4,64,5115456,262144,65536,0,3648,3648,262336,192,bundle2.values
60,20,5978332139264,8,64,5377792,524288,65536,0,3840,3840,524480,192,bundle2.rates
60,21,5978332663744,1,64,5902272,65536,65536,0,4032,4032,65728,192,bundle3.flags
60,22,5978332729472,2,64,5968000,131072,65536,0,128,4224,131264,192,bundle3.counters
60,23,5978332860736,4,64,6099264,262144,65536,0,320,4416,262336,192,bundle3.counts
60,24,5978333123072,8,64,6361600,524288,65536,0,512,4608,524480,192,bundle3.totals
60,25,5978333647552,3,64,6886080,196608,65536,0,704,4800,196800,192,bundle3.payloads
60,26,5978333844352,4,64,7082880,262144,65536,0,896,4992,262336,192,bundle3.values
60,27,5978334106688,8,64,7345216,524288,65536,0,1088,5184,524480,192,bundle3.rates
60,28,5978334631168,1,64,7869696,65536,65536,0,1280,5376,65728,192,bundle4.flags
60,29,5978334696896,2,64,7935424,131072,65536,0,1472,5568,131264,192,bundle4.counters
60,30,5978334828160,4,64,8066688,262144,65536,0,1664,5760,262336,192,bundle4.counts
60,31,5978335090496,8,64,8329024,524288,65536,0,1856,5952,524480,192,bundle4.totals
60,32,5978335614976,3,64,8853504,196608,65536,0,2048,6144,196800,192,bundle4.payloads
60,33,5978335811776,4,64,9050304,262144,65536,0,2240,6336,262336,192,bundle4.values
60,34,5978336074112,8,64,9312640,524288,65536,0,2432,6528,524480,192,bundle4.rates
60,35,5978336598592,1,64,9837120,65536,65536,0,2624,6720,65728,192,bundle5.flags
60,36,5978336664320,2,64,9902848,131072,65536,0,2816,6912,131264,192,bundle5.counters
60,37,5978336795584,4,64,10034112,262144,65536,0,3008,7104,262336,192,bundle5.counts
60,38,5978337057920,8,64,10296448,524288,65536,0,3200,7296,524480,192,bundle5.totals
60,39,5978337582400,3,64,10820928,196608,65536,0,3392,7488,196800,192,bundle5.payloads
60,40,5978337779200,4,64,11017728,262144,65536,0,3584,7680,262336,192,bundle5.values
60,41,5978338041536,8,64,11280064,524288,65536,0,3776,7872,,,bundle5.rates
61,0,3969087373312,1,64,0,75008,75008,0,0,0,75008,0,bundle0.flags
61,1,3969087448320,2,64,75008,150016,75008,0,1280,9472,150016,0,bundle0.counters
61,2,3969087598336,4,64,225024,300032,75008,0,3840,28416,300032,0,bundle0.counts
61,3,3969087898368,8,64,525056,600064,75008,0,768,768,600064,0,bundle0.totals
61,4,3969088498432,3,64,1125120,225024,75008,0,2816,11008,225024,0,bundle0.payloads
61,5,3969088723456,4,64,1350144,300032,75008,0,2560,39424,300032,0,bundle0.values
61,6,3969089023488,8,64,1650176,600064,75008,0,3584,11776,600064,0,bundle0.rates
61,7,3969089623552,1,64,2250240,75008,75008,0,1536,22016,75008,0,bundle1.flags
61,8,3969089698560,2,64,2325248,150016,75008,0,2816,31488,150016,0,bundle1.counters
61,9,3969089848576,4,64,2475264,300032,75008,0,1280,50432,300032,0,bundle1.counts
61,10,3969090148608,8,64,2775296,600064,75008,0,2304,22784,600064,0,bundle1.totals
61,11,3969090748672,3,64,3375360,225024,75008,0,256,33024,225024,0,bundle1.payloads
61,12,3969090973696,4,64,3600384,300032,75008,0,0,61440,300032,0,bundle1.values
61,13,3969091273728,8,64,3900416,600064,75008,0,1024,33792,600064,0,bundle1.rates
61,14,3969091873792,1,64,4500480,75008,75008,0,3072,44032,75008,0,bundle2.flags
61,15,3969091948800,2,64,4575488,150016,75008,0,256,53504,150016,0,bundle2.counters
61,16,3969092098816,4,64,4725504,300032,75008,0,2816,6912,300032,0,bundle2.counts
61,17,3969092398848,8,64,5025536,600064,75008,0,3840,44800,600064,0,bundle2.totals
61,18,3969092998912,3,64,5625600,225024,75008,0,1792,55040,225024,0,bundle2.payloads
61,19,3969093223936,4,64,5850624,300032,75008,0,1536,17920,300032,0,bundle2.values
61,20,3969093523968,8,64,6150656,600064,75008,0,2560,55808,600064,0,bundle2.rates
61,21,3969094124032,1,64,6750720,75008,75008,0,512,512,75008,0,bundle3.flags
61,22,3969094199040,2,64,6825728,150016,75008,0,1792,9984,150016,0,bundle3.counters
61,23,3969094349056,4,64,6975744,300032,75008,0,256,28928,300032,0,bundle3.counts
61,24,3969094649088,8,64,7275776,600064,75008,0,1280,1280,600064,0,bundle3.totals
61,25,3969095249152,3,64,7875840,225024,75008,0,3328,11520,225024,0,bundle3.payloads
61,26,3969095474176,4,64,8100864,300032,75008,0,3072,39936,300032,0,bundle3.values
61,27,3969095774208,8,64,8400896,600064,75008,0,0,12288,600064,0,bundle3.rates
61,28,3969096374272,1,64,9000960,75008,75008,0,2048,22528,75008,0,bundle4.flags
61,29,3969096449280,2,64,9075968,150016,75008,0,3328,32000,150016,0,bundle4.counters
61,30,3969096599296,4,64,9225984,300032,75008,0,1792,50944,300032,0,bundle4.counts
61,31,3969096899328,8,64,9526016,600064,75008,0,2816,23296,600064,0,bundle4.totals
61,32,3969097499392,3,64,10126080,225024,75008,0,768,33536,225024,0,bundle4.payloads
61,33,3969097724416,4,64,10351104,300032,75008,0,512,61952,300032,0,bundle4.values
61,34,3969098024448,8,64,10651136,600064,75008,0,1536,34304,600064,0,bundle4.rates
61,35,3969098624512,1,64,11251200,75008,75008,0,3584,44544,75008,0,bundle5.flags
61,36,3969098699520,2,64,11326208,150016,75008,0,768,54016,150016,0,bundle5.counters
61,37,3969098849536,4,64,11476224,300032,75008,0,3328,7424,300032,0,bundle5.counts
61,38,3969099149568,8,64,11776256,600064,75008,0,256,45312,600064,0,bundle5.totals
61,39,3969099749632,3,64,12376320,225024,75008,0,2304,55552,225024,0,bundle5.payloads
61,40,3969099974656,4,64,12601344,300032,75008,0,2048,18432,300032,0,bundle5.values
61,41,3969100274688,8,64,12901376,600064,75008,0,3072,56320,,,bundle5.rates
62,0,6251325620224,8,64,0,1048576,131072,0,0,0,1048576,0,positions0.xs
62,1,6251326668800,8,64,1048576,1048576,131072,0,0,0,1048576,0,positions0.ys
62,2,6251327717376,8,64,2097152,1048576,131072,0,0,0,1048576,0,positions0.zs
62,3,6251328765952,8,64,3145728,1048576,131072,0,0,0,1048576,0,velocities0.xs
62,4,6251329814528,8,64,4194304,1048576,131072,0,0,0,1048576,0,velocities0.ys
62,5,6251330863104,8,64,5242880,1048576,131072,0,0,0,1048576,0,velocities0.zs
62,6,6251331911680,8,64,6291456,1048576,131072,0,0,0,1048576,0,positions1.xs
62,7,6251332960256,8,64,7340032,1048576,131072,0,0,0,1048576,0,positions1.ys
62,8,6251334008832,8,64,8388608,1048576,131072,0,0,0,1048576,0,positions1.zs
62,9,6251335057408,8,64,9437184,1048576,131072,0,0,0,1048576,0,velocities1.xs
62,10,6251336105984,8,64,10485760,1048576,131072,0,0,0,1048576,0,velocities1.ys
62,11,6251337154560,8,64,11534336,1048576,131072,0,0,0,1048576,0,velocities1.zs
62,12,6251338203136,8,64,12582912,1048576,131072,0,0,0,1048576,0,positions2.xs
62,13,6251339251712,8,64,13631488,1048576,131072,0,0,0,1048576,0,positions2.ys
62,14,6251340300288,8,64,14680064,1048576,131072,0,0,0,1048576,0,positions2.zs
62,15,6251341348864,8,64,15728640,1048576,131072,0,0,0,1048576,0,velocities2.xs
62,16,6251342397440,8,64,16777216,1048576,131072,0,0,0,1048576,0,velocities2.ys
62,17,6251343446016,8,64,17825792,1048576,131072,0,0,0,1048576,0,velocities2.zs
62,18,6251344494592,8,64,18874368,1048576,131072,0,0,0,1048576,0,positions3.xs
62,19,6251345543168,8,64,19922944,1048576,131072,0,0,0,1048576,0,positions3.ys
62,20,6251346591744,8,64,20971520,1048576,131072,0,0,0,1048576,0,positions3.zs
62,21,6251347640320,8,64,22020096,1048576,131072,0,0,0,1048576,0,velocities3.xs
62,22,6251348688896,8,64,23068672,1048576,131072,0,0,0,1048576,0,velocities3.ys
62,23,6251349737472,8,64,24117248,1048576,131072,0,0,0,,,velocities3.zs
63,0,4809290350592,8,64,0,1048576,131072,0,0,0,1048576,0,entity_handles
63,1,4809291399168,4,64,1048576,524288,131072,0,0,0,524288,0,integral_biases
63,2,4809291923456,4,64,1572864,524288,131072,0,0,0,524288,0,float_biases
63,3,4809292447744,1,64,2097152,131072,131072,0,0,0,131072,0,tasks
63,4,4809292578816,4,64,2228224,524288,131072,0,0,0,524288,0,locations.xs
63,5,4809293103104,4,64,2752512,524288,131072,0,0,0,524288,0,locations.ys
63,6,4809293627392,4,64,3276800,524288,131072,0,0,0,524288,0,locations.zs
63,7,4809294151680,4,64,3801088,524288,131072,0,0,0,524288,0,desired_move_locations.xs
63,8,4809294675968,4,64,4325376,524288,131072,0,0,0,524288,0,desired_move_locations.ys
63,9,4809295200256,4,64,4849664,524288,131072,0,0,0,524288,0,desired_move_locations.zs
63,10,4809295724544,4,64,5373952,524288,131072,0,0,0,524288,0,aim_directions.xs
63,11,4809296248832,4,64,5898240,524288,131072,0,0,0,524288,0,aim_directions.ys
63,12,4809296773120,4,64,6422528,524288,131072,0,0,0,524288,0,aim_directions.zs
63,13,4809297297408,4,64,6946816,524288,131072,0,0,0,524288,0,desired_aiming_directions.xs
63,14,4809297821696,4,64,7471104,524288,131072,0,0,0,524288,0,desired_aiming_directions.ys
63,15,4809298345984,4,64,7995392,524288,131072,0,0,0,524288,0,desired_aiming_directions.zs
63,16,4809298870272,4,64,8519680,524288,131072,0,0,0,524288,0,movement_directions.xs
63,17,4809299394560,4,64,9043968,524288,131072,0,0,0,524288,0,movement_directions.ys
63,18,4809299918848,4,64,9568256,524288,131072,0,0,0,524288,0,movement_directions.zs
63,19,4809300443136,4,64,10092544,524288,131072,0,0,0,524288,0,velocities.xs
63,20,4809300967424,4,64,10616832,524288,131072,0,0,0,524288,0,velocities.ys
63,21,4809301491712,4,64,11141120,524288,131072,0,0,0,524288,0,velocities.zs
63,22,4809302016000,4,64,11665408,524288,131072,0,0,0,524288,0,move_distances
63,23,4809302540288,4,64,12189696,524288,131072,0,0,0,524288,0,speeds
63,24,4809303064576,1,64,12713984,131072,131072,0,0,0,131072,0,teams
63,25,4809303195648,4,64,12845056,524288,131072,0,0,0,524288,0,healths
63,26,4809303719936,8,64,13369344,1048576,131072,0,0,0,1048576,0,parent_handles
63,27,4809304768512,1,64,14417920,131072,131072,0,0,0,131072,0,awareness_scan_countdowns.counters
63,28,4809304899584,2,64,14548992,262144,131072,0,0,0,262144,0,navigation_update_countdowns.remaining_ticks
63,29,4809305161728,2,64,14811136,262144,131072,0,0,0,262144,0,navigation_update_countdowns.periods
63,30,4809305423872,4,64,15073280,524288,131072,0,0,0,524288,0,separation_steering.xs
63,31,4809305948160,4,64,15597568,524288,131072,0,0,0,524288,0,separation_steering.ys
63,32,4809306472448,4,64,16121856,524288,131072,0,0,0,524288,0,separation_steering.zs
63,33,4809306996736,1,64,16646144,131072,131072,0,0,0,131072,0,navigation_risk_tiers
63,34,4809307127808,1,64,16777216,131072,131072,0,0,0,131072,0,navigation_lower_risk_scan_counts
63,35,4809307258880,1,64,16908288,131072,131072,0,0,0,131072,0,avoidance_choice_indices
63,36,4809307389952,1,64,17039360,131072,131072,0,0,0,131072,0,avoidance_clear_scan_counts
63,37,4809307521024,2,64,17170432,262144,131072,0,0,0,262144,0,attack_reposition_countdowns.counters
63,38,4809307783168,2,64,17432576,262144,131072,0,0,0,262144,0,attack_cooldowns.counters
63,39,4809308045312,8,64,17694720,1048576,131072,0,0,0,1048576,0,target_handles
63,40,4809309093888,4,64,18743296,524288,131072,0,0,0,524288,0,target_locations.xs
63,41,4809309618176,4,64,19267584,524288,131072,0,0,0,524288,0,target_locations.ys
63,42,4809310142464,4,64,19791872,524288,131072,0,0,0,524288,0,target_locations.zs
63,43,4809310666752,4,64,20316160,524288,131072,0,0,0,524288,0,target_velocities.xs
63,44,4809311191040,4,64,20840448,524288,131072,0,0,0,524288,0,target_velocities.ys
63,45,4809311715328,4,64,21364736,524288,131072,0,0,0,524288,0,target_velocities.zs
63,46,4809312239616,4,64,21889024,524288,131072,0,0,0,524288,0,target_directions.xs
63,47,4809312763904,4,64,22413312,524288,131072,0,0,0,524288,0,target_directions.ys
63,48,4809313288192,4,64,22937600,524288,131072,0,0,0,524288,0,target_directions.zs
63,49,4809313812480,4,64,23461888,524288,131072,0,0,0,524288,0,intercept_times
63,50,4809314336768,4,64,23986176,524288,131072,0,0,0,524288,0,target_distance_sq
63,51,4809314861056,4,64,24510464,524288,131072,0,0,0,524288,0,target_distances
63,52,4809315385344,4,64,25034752,524288,131072,0,0,0,,,target_radii
64,0,4628934557696,4,64,0,524288,131072,0,0,0,524352,64,bundle0.positions
64,1,4628935082048,4,64,524352,524288,131072,0,64,64,524352,64,bundle0.velocities
64,2,4628935606400,32,64,1048704,4194304,131072,0,128,128,4194368,64,bundle0.aligned32
64,3,4628939800768,64,64,5243072,8388608,131072,0,192,192,8388672,64,bundle0.aligned64
64,4,4628948189440,256,256,13631744,33554432,131072,0,256,256,33554496,64,bundle0.aligned256
64,5,4628981743936,4,64,47186240,524288,131072,0,320,320,524352,64,bundle1.positions
64,6,4628982268288,4,64,47710592,524288,131072,0,384,384,524352,64,bundle1.velocities
64,7,4628982792640,32,64,48234944,4194304,131072,0,448,448,4194368,64,bundle1.aligned32
64,8,4628986987008,64,64,52429312,8388608,131072,0,512,512,8388864,256,bundle1.aligned64
64,9,4628995375872,256,256,60818176,33554432,131072,0,768,768,33554496,64,bundle1.aligned256
64,10,4629028930368,4,64,94372672,524288,131072,0,832,832,524352,64,bundle2.positions
64,11,4629029454720,4,64,94897024,524288,131072,0,896,896,524352,64,bundle2.velocities
64,12,4629029979072,32,64,95421376,4194304,131072,0,960,960,4194368,64,bundle2.aligned32
64,13,4629034173440,64,64,99615744,8388608,131072,0,1024,1024,8388864,256,bundle2.aligned64
64,14,4629042562304,256,256,108004608,33554432,131072,0,1280,1280,,,bundle2.aligned256
65,0,2751195709440,8,64,0,600064,75008,0,0,0,600128,64,positions0.xs
65,1,2751196309568,8,64,600128,600064,75008,0,2112,10304,600128,64,positions0.ys
65,2,2751196909696,8,64,1200256,600064,75008,0,128,20608,600128,64,positions0.zs
65,3,2751197509824,8,64,1800384,600064,75008,0,2240,30912,600128,64,velocities0.xs
65,4,2751198109952,8,64,2400512,600064,75008,0,256,41216,600128,64,velocities0.ys
65,5,2751198710080,8,64,3000640,600064,75008,0,2368,51520,600128,64,velocities0.zs
65,6,2751199310208,8,64,3600768,600064,75008,0,384,61824,600128,64,positions1.xs
65,7,2751199910336,8,64,4200896,600064,75008,0,2496,6592,600128,64,positions1.ys
65,8,2751200510464,8,64,4801024,600064,75008,0,512,16896,600128,64,positions1.zs
65,9,2751201110592,8,64,5401152,600064,75008,0,2624,27200,600128,64,velocities1.xs
65,10,2751201710720,8,64,6001280,600064,75008,0,640,37504,600128,64,velocities1.ys
65,11,2751202310848,8,64,6601408,600064,75008,0,2752,47808,600128,64,velocities1.zs
65,12,2751202910976,8,64,7201536,600064,75008,0,768,58112,600128,64,positions2.xs
65,13,2751203511104,8,64,7801664,600064,75008,0,2880,2880,600128,64,positions2.ys
65,14,2751204111232,8,64,8401792,600064,75008,0,896,13184,600128,64,positions2.zs
65,15,2751204711360,8,64,9001920,600064,75008,0,3008,23488,600128,64,velocities2.xs
65,16,2751205311488,8,64,9602048,600064,75008,0,1024,33792,600128,64,velocities2.ys
65,17,2751205911616,8,64,10202176,600064,75008,0,3136,44096,600128,64,velocities2.zs
65,18,2751206511744,8,64,10802304,600064,75008,0,1152,54400,600128,64,positions3.xs
65,19,2751207111872,8,64,11402432,600064,75008,0,3264,64704,600128,64,positions3.ys
65,20,2751207712000,8,64,12002560,600064,75008,0,1280,9472,600128,64,positions3.zs
65,21,2751208312128,8,64,12602688,600064,75008,0,3392,19776,600128,64,velocities3.xs
65,22,2751208912256,8,64,13202816,600064,75008,0,1408,30080,600128,64,velocities3.ys
65,23,2751209512384,8,64,13802944,600064,75008,0,3520,40384,,,velocities3.zs
66,0,4757482307584,8,64,0,524288,65536,0,0,0,524288,0,entity_handles
66,1,4757482831872,4,64,524288,262144,65536,0,0,0,262144,0,integral_biases
66,2,4757483094016,4,64,786432,262144,65536,0,0,0,262144,0,float_biases
66,3,4757483356160,1,64,1048576,65536,65536,0,0,0,65536,0,tasks
66,4,4757483421696,4,64,1114112,262144,65536,0,0,0,262144,0,locations.xs
66,5,4757483683840,4,64,1376256,262144,65536,0,0,0,262144,0,locations.ys
66,6,4757483945984,4,64,1638400,262144,65536,0,0,0,262144,0,locations.zs
66,7,4757484208128,4,64,1900544,262144,65536,0,0,0,262144,0,desired_move_locations.xs
66,8,4757484470272,4,64,2162688,262144,65536,0,0,0,262144,0,desired_move_locations.ys
66,9,4757484732416,4,64,2424832,262144,65536,0,0,0,262144,0,desired_move_locations.zs
66,10,4757484994560,4,64,2686976,262144,65536,0,0,0,262144,0,aim_directions.xs
66,11,4757485256704,4,64,2949120,262144,65536,0,0,0,262144,0,aim_directions.ys
66,12,4757485518848,4,64,3211264,262144,65536,0,0,0,262144,0,aim_directions.zs
66,13,4757485780992,4,64,3473408,262144,65536,0,0,0,262144,0,desired_aiming_directions.xs
66,14,4757486043136,4,64,3735552,262144,65536,0,0,0,262144,0,desired_aiming_directions.ys
66,15,4757486305280,4,64,3997696,262144,65536,0,0,0,262144,0,desired_aiming_directions.zs
66,16,4757486567424,4,64,4259840,262144,65536,0,0,0,262144,0,movement_directions.xs
66,17,4757486829568,4,64,4521984,262144,65536,0,0,0,262144,0,movement_directions.ys
66,18,4757487091712,4,64,4784128,262144,65536,0,0,0,262144,0,movement_directions.zs
66,19,4757487353856,4,64,5046272,262144,65536,0,0,0,262144,0,velocities.xs
66,20,4757487616000,4,64,5308416,262144,65536,0,0,0,262144,0,velocities.ys
66,21,4757487878144,4,64,5570560,262144,65536,0,0,0,262144,0,velocities.zs
66,22,4757488140288,4,64,5832704,262144,65536,0,0,0,262144,0,move_distances
66,23,4757488402432,4,64,6094848,262144,65536,0,0,0,262144,0,speeds
66,24,4757488664576,1,64,6356992,65536,65536,0,0,0,65536,0,teams
66,25,4757488730112,4,64,6422528,262144,65536,0,0,0,262144,0,healths
66,26,4757488992256,8,64,6684672,524288,65536,0,0,0,524288,0,parent_handles
66,27,4757489516544,1,64,7208960,65536,65536,0,0,0,65536,0,awareness_scan_countdowns.counters
66,28,4757489582080,2,64,7274496,131072,65536,0,0,0,131072,0,navigation_update_countdowns.remaining_ticks
66,29,4757489713152,2,64,7405568,131072,65536,0,0,0,131072,0,navigation_update_countdowns.periods
66,30,4757489844224,4,64,7536640,262144,65536,0,0,0,262144,0,separation_steering.xs
66,31,4757490106368,4,64,7798784,262144,65536,0,0,0,262144,0,separation_steering.ys
66,32,4757490368512,4,64,8060928,262144,65536,0,0,0,262144,0,separation_steering.zs
66,33,4757490630656,1,64,8323072,65536,65536,0,0,0,65536,0,navigation_risk_tiers
66,34,4757490696192,1,64,8388608,65536,65536,0,0,0,65536,0,navigation_lower_risk_scan_counts
66,35,4757490761728,1,64,8454144,65536,65536,0,0,0,65536,0,avoidance_choice_indices
66,36,4757490827264,1,64,8519680,65536,65536,0,0,0,65536,0,avoidance_clear_scan_counts
66,37,4757490892800,2,64,8585216,131072,65536,0,0,0,131072,0,attack_reposition_countdowns.counters
66,38,4757491023872,2,64,8716288,131072,65536,0,0,0,131072,0,attack_cooldowns.counters
66,39,4757491154944,8,64,8847360,524288,65536,0,0,0,524288,0,target_handles
66,40,4757491679232,4,64,9371648,262144,65536,0,0,0,262144,0,target_locations.xs
66,41,4757491941376,4,64,9633792,262144,65536,0,0,0,262144,0,target_locations.ys
66,42,4757492203520,4,64,9895936,262144,65536,0,0,0,262144,0,target_locations.zs
66,43,4757492465664,4,64,10158080,262144,65536,0,0,0,262144,0,target_velocities.xs
66,44,4757492727808,4,64,10420224,262144,65536,0,0,0,262144,0,target_velocities.ys
66,45,4757492989952,4,64,10682368,262144,65536,0,0,0,262144,0,target_velocities.zs
66,46,4757493252096,4,64,10944512,262144,65536,0,0,0,262144,0,target_directions.xs
66,47,4757493514240,4,64,11206656,262144,65536,0,0,0,262144,0,target_directions.ys
66,48,4757493776384,4,64,11468800,262144,65536,0,0,0,262144,0,target_directions.zs
66,49,4757494038528,4,64,11730944,262144,65536,0,0,0,262144,0,intercept_times
66,50,4757494300672,4,64,11993088,262144,65536,0,0,0,262144,0,target_distance_sq
66,51,4757494562816,4,64,12255232,262144,65536,0,0,0,262144,0,target_distances
66,52,4757494824960,4,64,12517376,262144,65536,0,0,0,,,target_radii
67,0,2327067688960,1,64,0,131072,131072,0,0,0,131264,192,bundle0.flags
67,1,2327067820224,2,64,131264,262144,131072,0,192,192,262336,192,bundle0.counters
67,2,2327068082560,4,64,393600,524288,131072,0,384,384,524480,192,bundle0.counts
67,3,2327068607040,8,64,918080,1048576,131072,0,576,576,1048768,192,bundle0.totals
67,4,2327069655808,3,64,1966848,393216,131072,0,768,768,393408,192,bundle0.payloads
67,5,2327070049216,4,64,2360256,524288,131072,0,960,960,524480,192,bundle0.values
67,6,2327070573696,8,64,2884736,1048576,131072,0,1152,1152,1048768,192,bundle0.rates
67,7,2327071622464,1,64,3933504,131072,131072,0,1344,1344,131264,192,bundle1.flags
67,8,2327071753728,2,64,4064768,262144,131072,0,1536,1536,262336,192,bundle1.counters
67,9,2327072016064,4,64,4327104,524288,131072,0,1728,1728,524480,192,bundle1.counts
67,10,2327072540544,8,64,4851584,1048576,131072,0,1920,1920,1048768,192,bundle1.totals
67,11,2327073589312,3,64,5900352,393216,131072,0,2112,2112,393408,192,bundle1.payloads
67,12,2327073982720,4,64,6293760,524288,131072,0,2304,2304,524480,192,bundle1.values
67,13,2327074507200,8,64,6818240,1048576,131072,0,2496,2496,1048768,192,bundle1.rates
67,14,2327075555968,1,64,7867008,131072,131072,0,2688,2688,131264,192,bundle2.flags
67,15,2327075687232,2,64,7998272,262144,131072,0,2880,2880,262336,192,bundle2.counters
67,16,2327075949568,4,64,8260608,524288,131072,0,3072,3072,524480,192,bundle2.counts
67,17,2327076474048,8,64,8785088,1048576,131072,0,3264,3264,1048768,192,bundle2.totals
67,18,2327077522816,3,64,9833856,393216,131072,0,3456,3456,393408,192,bundle2.payloads
67,19,2327077916224,4,64,10227264,524288,131072,0,3648,3648,524480,192,bundle2.values
67,20,2327078440704,8,64,10751744,1048576,131072,0,3840,3840,1048768,192,bundle2.rates
67,21,2327079489472,1,64,11800512,131072,131072,0,4032,4032,131264,192,bundle3.flags
67,22,2327079620736,2,64,11931776,262144,131072,0,128,4224,262336,192,bundle3.counters
67,23,2327079883072,4,64,12194112,524288,131072,0,320,4416,524480,192,bundle3.counts
67,24,2327080407552,8,64,12718592,1048576,131072,0,512,4608,1048768,192,bundle3.totals
67,25,2327081456320,3,64,13767360,393216,131072,0,704,4800,393408,192,bundle3.payloads
67,26,2327081849728,4,64,14160768,524288,131072,0,896,4992,524480,192,bundle3.values
67,27,2327082374208,8,64,14685248,1048576,131072,0,1088,5184,1048768,192,bundle3.rates
67,28,2327083422976,1,64,15734016,131072,131072,0,1280,5376,131264,192,bundle4.flags
67,29,2327083554240,2,64,15865280,262144,131072,0,1472,5568,262336,192,bundle4.counters
67,30,2327083816576,4,64,16127616,524288,131072,0,1664,5760,524480,192,bundle4.counts
67,31,2327084341056,8,64,16652096,1048576,131072,0,1856,5952,1048768,192,bundle4.totals
67,32,2327085389824,3,64,17700864,393216,131072,0,2048,6144,393408,192,bundle4.payloads
67,33,2327085783232,4,64,18094272,524288,131072,0,2240,6336,524480,192,bundle4.values
67,34,2327086307712,8,64,18618752,1048576,131072,0,2432,6528,1048768,192,bundle4.rates
67,35,2327087356480,1,64,19667520,131072,131072,0,2624,6720,131264,192,bundle5.flags
67,36,2327087487744,2,64,19798784,262144,131072,0,2816,6912,262336,192,bundle5.counters
67,37,2327087750080,4,64,20061120,524288,131072,0,3008,7104,524480,192,bundle5.counts
67,38,2327088274560,8,64,20585600,1048576,131072,0,3200,7296,1048768,192,bundle5.totals
67,39,2327089323328,3,64,21634368,393216,131072,0,3392,7488,393408,192,bundle5.payloads
67,40,2327089716736,4,64,22027776,524288,131072,0,3584,7680,524480,192,bundle5.values
67,41,2327090241216,8,64,22552256,1048576,131072,0,3776,7872,,,bundle5.rates
68,0,6217234317312,8,64,0,524288,65536,0,0,0,524480,192,entity_handles
68,1,6217234841792,4,64,524480,262144,65536,0,192,192,262336,192,integral_biases
68,2,6217235104128,4,64,786816,262144,65536,0,384,384,262336,192,float_biases
68,3,6217235366464,1,64,1049152,65536,65536,0,576,576,65728,192,tasks
68,4,6217235432192,4,64,1114880,262144,65536,0,768,768,262336,192,locations.xs
68,5,6217235694528,4,64,1377216,262144,65536,0,960,960,262336,192,locations.ys
68,6,6217235956864,4,64,1639552,262144,65536,0,1152,1152,262336,192,locations.zs
68,7,6217236219200,4,64,1901888,262144,65536,0,1344,1344,262336,192,desired_move_locations.xs
68,8,6217236481536,4,64,2164224,262144,65536,0,1536,1536,262336,192,desired_move_locations.ys
68,9,6217236743872,4,64,2426560,262144,65536,0,1728,1728,262336,192,desired_move_locations.zs
68,10,6217237006208,4,64,2688896,262144,65536,0,1920,1920,262336,192,aim_directions.xs
68,11,6217237268544,4,64,2951232,262144,65536,0,2112,2112,262336,192,aim_directions.ys
68,12,6217237530880,4,64,3213568,262144,65536,0,2304,2304,262336,192,aim_directions.zs
68,13,6217237793216,4,64,3475904,262144,65536,0,2496,2496,262336,192,desired_aiming_directions.xs
68,14,6217238055552,4,64,3738240,262144,65536,0,2688,2688,262336,192,desired_aiming_directions.ys
68,15,6217238317888,4,64,4000576,262144,65536,0,2880,2880,262336,192,desired_aiming_directions.zs
68,16,6217238580224,4,64,4262912,262144,65536,0,3072,3072,262336,192,movement_directions.xs
68,17,6217238842560,4,64,4525248,262144,65536,0,3264,3264,262336,192,movement_directions.ys
68,18,6217239104896,4,64,4787584,262144,65536,0,3456,3456,262336,192,movement_directions.zs
68,19,6217239367232,4,64,5049920,262144,65536,0,3648,3648,262336,192,velocities.xs
68,20,6217239629568,4,64,5312256,262144,65536,0,3840,3840,262336,192,velocities.ys
68,21,6217239891904,4,64,5574592,262144,65536,0,4032,4032,262336,192,velocities.zs
68,22,6217240154240,4,64,5836928,262144,65536,0,128,4224,262336,192,move_distances
68,23,6217240416576,4,64,6099264,262144,65536,0,320,4416,262336,192,speeds
68,24,6217240678912,1,64,6361600,65536,65536,0,512,4608,65728,192,teams
68,25,6217240744640,4,64,6427328,262144,65536,0,704,4800,262336,192,healths
68,26,6217241006976,8,64,6689664,524288,65536,0,896,4992,524480,192,parent_handles
68,27,6217241531456,1,64,7214144,65536,65536,0,1088,5184,65728,192,awareness_scan_countdowns.counters
68,28,6217241597184,2,64,7279872,131072,65536,0,1280,5376,131264,192,navigation_update_countdowns.remaining_ticks
68,29,6217241728448,2,64,7411136,131072,65536,0,1472,5568,131264,192,navigation_update_countdowns.periods
68,30,6217241859712,4,64,7542400,262144,65536,0,1664,5760,262336,192,separation_steering.xs
68,31,6217242122048,4,64,7804736,262144,65536,0,1856,5952,262336,192,separation_steering.ys
68,32,6217242384384,4,64,8067072,262144,65536,0,2048,6144,262336,192,separation_steering.zs
68,33,6217242646720,1,64,8329408,65536,65536,0,2240,6336,65728,192,navigation_risk_tiers
68,34,6217242712448,1,64,8395136,65536,65536,0,2432,6528,65728,192,navigation_lower_risk_scan_counts
68,35,6217242778176,1,64,8460864,65536,65536,0,2624,6720,65728,192,avoidance_choice_indices
68,36,6217242843904,1,64,8526592,65536,65536,0,2816,6912,65728,192,avoidance_clear_scan_counts
68,37,6217242909632,2,64,8592320,131072,65536,0,3008,7104,131264,192,attack_reposition_countdowns.counters
68,38,6217243040896,2,64,8723584,131072,65536,0,3200,7296,131264,192,attack_cooldowns.counters
68,39,6217243172160,8,64,8854848,524288,65536,0,3392,7488,524480,192,target_handles
68,40,6217243696640,4,64,9379328,262144,65536,0,3584,7680,262336,192,target_locations.xs
68,41,6217243958976,4,64,9641664,262144,65536,0,3776,7872,262336,192,target_locations.ys
68,42,6217244221312,4,64,9904000,262144,65536,0,3968,8064,262336,192,target_locations.zs
68,43,6217244483648,4,64,10166336,262144,65536,0,64,8256,262336,192,target_velocities.xs
68,44,6217244745984,4,64,10428672,262144,65536,0,256,8448,262336,192,target_velocities.ys
68,45,6217245008320,4,64,10691008,262144,65536,0,448,8640,262336,192,target_velocities.zs
68,46,6217245270656,4,64,10953344,262144,65536,0,640,8832,262336,192,target_directions.xs
68,47,6217245532992,4,64,11215680,262144,65536,0,832,9024,262336,192,target_directions.ys
68,48,6217245795328,4,64,11478016,262144,65536,0,1024,9216,262336,192,target_directions.zs
68,49,6217246057664,4,64,11740352,262144,65536,0,1216,9408,262336,192,intercept_times
68,50,6217246320000,4,64,12002688,262144,65536,0,1408,9600,262336,192,target_distance_sq
68,51,6217246582336,4,64,12265024,262144,65536,0,1600,9792,262336,192,target_distances
68,52,6217246844672,4,64,12527360,262144,65536,0,1792,9984,,,target_radii
69,0,6081170374656,4,64,0,300032,75008,0,0,0,300032,0,bundle0.positions
69,1,6081170674688,4,64,300032,300032,75008,0,1024,37888,300032,0,bundle0.velocities
69,2,6081170974720,32,64,600064,2400256,75008,0,2048,10240,2400256,0,bundle0.aligned32
69,3,6081173374976,64,64,3000320,4800512,75008,0,2048,51200,4800512,0,bundle0.aligned64
69,4,6081178175488,256,256,7800832,19202048,75008,0,2048,2048,19202048,0,bundle0.aligned256
69,5,6081197377536,4,64,27002880,300032,75008,0,2048,2048,300032,0,bundle1.positions
69,6,6081197677568,4,64,27302912,300032,75008,0,3072,39936,300032,0,bundle1.velocities
69,7,6081197977600,32,64,27602944,2400256,75008,0,0,12288,2400256,0,bundle1.aligned32
69,8,6081200377856,64,64,30003200,4800512,75008,0,0,53248,4800512,0,bundle1.aligned64
69,9,6081205178368,256,256,34803712,19202048,75008,0,0,4096,19202048,0,bundle1.aligned256
69,10,6081224380416,4,64,54005760,300032,75008,0,0,4096,300032,0,bundle2.positions
69,11,6081224680448,4,64,54305792,300032,75008,0,1024,41984,300032,0,bundle2.velocities
69,12,6081224980480,32,64,54605824,2400256,75008,0,2048,14336,2400256,0,bundle2.aligned32
69,13,6081227380736,64,64,57006080,4800512,75008,0,2048,55296,4800512,0,bundle2.aligned64
69,14,6081232181248,256,256,61806592,19202048,75008,0,2048,6144,,,bundle2.aligned256
70,0,3216662790144,8,64,0,1048576,131072,0,0,0,1048768,192,entity_handles
70,1,3216663838912,4,64,1048768,524288,131072,0,192,192,524480,192,integral_biases
70,2,3216664363392,4,64,1573248,524288,131072,0,384,384,524480,192,float_biases
70,3,3216664887872,1,64,2097728,131072,131072,0,576,576,131264,192,tasks
70,4,3216665019136,4,64,2228992,524288,131072,0,768,768,524480,192,locations.xs
70,5,3216665543616,4,64,2753472,524288,131072,0,960,960,524480,192,locations.ys
70,6,3216666068096,4,64,3277952,524288,131072,0,1152,1152,524480,192,locations.zs
70,7,3216666592576,4,64,3802432,524288,131072,0,1344,1344,524480,192,desired_move_locations.xs
70,8,3216667117056,4,64,4326912,524288,131072,0,1536,1536,524480,192,desired_move_locations.ys
70,9,3216667641536,4,64,4851392,524288,131072,0,1728,1728,524480,192,desired_move_locations.zs
70,10,3216668166016,4,64,5375872,524288,131072,0,1920,1920,524480,192,aim_directions.xs
70,11,3216668690496,4,64,5900352,524288,131072,0,2112,2112,524480,192,aim_directions.ys
70,12,3216669214976,4,64,6424832,524288,131072,0,2304,2304,524480,192,aim_directions.zs
70,13,3216669739456,4,64,6949312,524288,131072,0,2496,2496,524480,192,desired_aiming_directions.xs
70,14,3216670263936,4,64,7473792,524288,131072,0,2688,2688,524480,192,desired_aiming_directions.ys
70,15,3216670788416,4,64,7998272,524288,131072,0,2880,2880,524480,192,desired_aiming_directions.zs
70,16,3216671312896,4,64,8522752,524288,131072,0,3072,3072,524480,192,movement_directions.xs
70,17,3216671837376,4,64,9047232,524288,131072,0,3264,3264,524480,192,movement_directions.ys
70,18,3216672361856,4,64,9571712,524288,131072,0,3456,3456,524480,192,movement_directions.zs
70,19,3216672886336,4,64,10096192,524288,131072,0,3648,3648,524480,192,velocities.xs
70,20,3216673410816,4,64,10620672,524288,131072,0,3840,3840,524480,192,velocities.ys
70,21,3216673935296,4,64,11145152,524288,131072,0,4032,4032,524480,192,velocities.zs
70,22,3216674459776,4,64,11669632,524288,131072,0,128,4224,524480,192,move_distances
70,23,3216674984256,4,64,12194112,524288,131072,0,320,4416,524480,192,speeds
70,24,3216675508736,1,64,12718592,131072,131072,0,512,4608,131264,192,teams
70,25,3216675640000,4,64,12849856,524288,131072,0,704,4800,524480,192,healths
70,26,3216676164480,8,64,13374336,1048576,131072,0,896,4992,1048768,192,parent_handles
70,27,3216677213248,1,64,14423104,131072,131072,0,1088,5184,131264,192,awareness_scan_countdowns.counters
70,28,3216677344512,2,64,14554368,262144,131072,0,1280,5376,262336,192,navigation_update_countdowns.remaining_ticks
70,29,3216677606848,2,64,14816704,262144,131072,0,1472,5568,262336,192,navigation_update_countdowns.periods
70,30,3216677869184,4,64,15079040,524288,131072,0,1664,5760,524480,192,separation_steering.xs
70,31,3216678393664,4,64,15603520,524288,131072,0,1856,5952,524480,192,separation_steering.ys
70,32,3216678918144,4,64,16128000,524288,131072,0,2048,6144,524480,192,separation_steering.zs
70,33,3216679442624,1,64,16652480,131072,131072,0,2240,6336,131264,192,navigation_risk_tiers
70,34,3216679573888,1,64,16783744,131072,131072,0,2432,6528,131264,192,navigation_lower_risk_scan_counts
70,35,3216679705152,1,64,16915008,131072,131072,0,2624,6720,131264,192,avoidance_choice_indices
70,36,3216679836416,1,64,17046272,131072,131072,0,2816,6912,131264,192,avoidance_clear_scan_counts
70,37,3216679967680,2,64,17177536,262144,131072,0,3008,7104,262336,192,attack_reposition_countdowns.counters
70,38,3216680230016,2,64,17439872,262144,131072,0,3200,7296,262336,192,attack_cooldowns.counters
70,39,3216680492352,8,64,17702208,1048576,131072,0,3392,7488,1048768,192,target_handles
70,40,3216681541120,4,64,18750976,524288,131072,0,3584,7680,524480,192,target_locations.xs
70,41,3216682065600,4,64,19275456,524288,131072,0,3776,7872,524480,192,target_locations.ys
70,42,3216682590080,4,64,19799936,524288,131072,0,3968,8064,524480,192,target_locations.zs
70,43,3216683114560,4,64,20324416,524288,131072,0,64,8256,524480,192,target_velocities.xs
70,44,3216683639040,4,64,20848896,524288,131072,0,256,8448,524480,192,target_velocities.ys
70,45,3216684163520,4,64,21373376,524288,131072,0,448,8640,524480,192,target_velocities.zs
70,46,3216684688000,4,64,21897856,524288,131072,0,640,8832,524480,192,target_directions.xs
70,47,3216685212480,4,64,22422336,524288,131072,0,832,9024,524480,192,target_directions.ys
70,48,3216685736960,4,64,22946816,524288,131072,0,1024,9216,524480,192,target_directions.zs
70,49,3216686261440,4,64,23471296,524288,131072,0,1216,9408,524480,192,intercept_times
70,50,3216686785920,4,64,23995776,524288,131072,0,1408,9600,524480,192,target_distance_sq
70,51,3216687310400,4,64,24520256,524288,131072,0,1600,9792,524480,192,target_distances
70,52,3216687834880,4,64,25044736,524288,131072,0,1792,9984,,,target_radii
71,0,3580392833024,8,64,0,1048576,131072,0,0,0,1048576,0,entity_handles
71,1,3580393881600,4,64,1048576,524288,131072,0,0,0,524288,0,integral_biases
71,2,3580394405888,4,64,1572864,524288,131072,0,0,0,524288,0,float_biases
71,3,3580394930176,1,64,2097152,131072,131072,0,0,0,131072,0,tasks
71,4,3580395061248,4,64,2228224,524288,131072,0,0,0,524288,0,locations.xs
71,5,3580395585536,4,64,2752512,524288,131072,0,0,0,524288,0,locations.ys
71,6,3580396109824,4,64,3276800,524288,131072,0,0,0,524288,0,locations.zs
71,7,3580396634112,4,64,3801088,524288,131072,0,0,0,524288,0,desired_move_locations.xs
71,8,3580397158400,4,64,4325376,524288,131072,0,0,0,524288,0,desired_move_locations.ys
71,9,3580397682688,4,64,4849664,524288,131072,0,0,0,524288,0,desired_move_locations.zs
71,10,3580398206976,4,64,5373952,524288,131072,0,0,0,524288,0,aim_directions.xs
71,11,3580398731264,4,64,5898240,524288,131072,0,0,0,524288,0,aim_directions.ys
71,12,3580399255552,4,64,6422528,524288,131072,0,0,0,524288,0,aim_directions.zs
71,13,3580399779840,4,64,6946816,524288,131072,0,0,0,524288,0,desired_aiming_directions.xs
71,14,3580400304128,4,64,7471104,524288,131072,0,0,0,524288,0,desired_aiming_directions.ys
71,15,3580400828416,4,64,7995392,524288,131072,0,0,0,524288,0,desired_aiming_directions.zs
71,16,3580401352704,4,64,8519680,524288,131072,0,0,0,524288,0,movement_directions.xs
71,17,3580401876992,4,64,9043968,524288,131072,0,0,0,524288,0,movement_directions.ys
71,18,3580402401280,4,64,9568256,524288,131072,0,0,0,524288,0,movement_directions.zs
71,19,3580402925568,4,64,10092544,524288,131072,0,0,0,524288,0,velocities.xs
71,20,3580403449856,4,64,10616832,524288,131072,0,0,0,524288,0,velocities.ys
71,21,3580403974144,4,64,11141120,524288,131072,0,0,0,524288,0,velocities.zs
71,22,3580404498432,4,64,11665408,524288,131072,0,0,0,524288,0,move_distances
71,23,3580405022720,4,64,12189696,524288,131072,0,0,0,524288,0,speeds
71,24,3580405547008,1,64,12713984,131072,131072,0,0,0,131072,0,teams
71,25,3580405678080,4,64,12845056,524288,131072,0,0,0,524288,0,healths
71,26,3580406202368,8,64,13369344,1048576,131072,0,0,0,1048576,0,parent_handles
71,27,3580407250944,1,64,14417920,131072,131072,0,0,0,131072,0,awareness_scan_countdowns.counters
71,28,3580407382016,2,64,14548992,262144,131072,0,0,0,262144,0,navigation_update_countdowns.remaining_ticks
71,29,3580407644160,2,64,14811136,262144,131072,0,0,0,262144,0,navigation_update_countdowns.periods
71,30,3580407906304,4,64,15073280,524288,131072,0,0,0,524288,0,separation_steering.xs
71,31,3580408430592,4,64,15597568,524288,131072,0,0,0,524288,0,separation_steering.ys
71,32,3580408954880,4,64,16121856,524288,131072,0,0,0,524288,0,separation_steering.zs
71,33,3580409479168,1,64,16646144,131072,131072,0,0,0,131072,0,navigation_risk_tiers
71,34,3580409610240,1,64,16777216,131072,131072,0,0,0,131072,0,navigation_lower_risk_scan_counts
71,35,3580409741312,1,64,16908288,131072,131072,0,0,0,131072,0,avoidance_choice_indices
71,36,3580409872384,1,64,17039360,131072,131072,0,0,0,131072,0,avoidance_clear_scan_counts
71,37,3580410003456,2,64,17170432,262144,131072,0,0,0,262144,0,attack_reposition_countdowns.counters
71,38,3580410265600,2,64,17432576,262144,131072,0,0,0,262144,0,attack_cooldowns.counters
71,39,3580410527744,8,64,17694720,1048576,131072,0,0,0,1048576,0,target_handles
71,40,3580411576320,4,64,18743296,524288,131072,0,0,0,524288,0,target_locations.xs
71,41,3580412100608,4,64,19267584,524288,131072,0,0,0,524288,0,target_locations.ys
71,42,3580412624896,4,64,19791872,524288,131072,0,0,0,524288,0,target_locations.zs
71,43,3580413149184,4,64,20316160,524288,131072,0,0,0,524288,0,target_velocities.xs
71,44,3580413673472,4,64,20840448,524288,131072,0,0,0,524288,0,target_velocities.ys
71,45,3580414197760,4,64,21364736,524288,131072,0,0,0,524288,0,target_velocities.zs
71,46,3580414722048,4,64,21889024,524288,131072,0,0,0,524288,0,target_directions.xs
71,47,3580415246336,4,64,22413312,524288,131072,0,0,0,524288,0,target_directions.ys
71,48,3580415770624,4,64,22937600,524288,131072,0,0,0,524288,0,target_directions.zs
71,49,3580416294912,4,64,23461888,524288,131072,0,0,0,524288,0,intercept_times
71,50,3580416819200,4,64,23986176,524288,131072,0,0,0,524288,0,target_distance_sq
71,51,3580417343488,4,64,24510464,524288,131072,0,0,0,524288,0,target_distances
71,52,3580417867776,4,64,25034752,524288,131072,0,0,0,,,target_radii
72,0,4272151003136,8,64,0,524288,65536,0,0,0,524480,192,entity_handles
72,1,4272151527616,4,64,524480,262144,65536,0,192,192,262336,192,integral_biases
72,2,4272151789952,4,64,786816,262144,65536,0,384,384,262336,192,float_biases
72,3,4272152052288,1,64,1049152,65536,65536,0,576,576,65728,192,tasks
72,4,4272152118016,4,64,1114880,262144,65536,0,768,768,262336,192,locations.xs
72,5,4272152380352,4,64,1377216,262144,65536,0,960,960,262336,192,locations.ys
72,6,4272152642688,4,64,1639552,262144,65536,0,1152,1152,262336,192,locations.zs
72,7,4272152905024,4,64,1901888,262144,65536,0,1344,1344,262336,192,desired_move_locations.xs
72,8,4272153167360,4,64,2164224,262144,65536,0,1536,1536,262336,192,desired_move_locations.ys
72,9,4272153429696,4,64,2426560,262144,65536,0,1728,1728,262336,192,desired_move_locations.zs
72,10,4272153692032,4,64,2688896,262144,65536,0,1920,1920,262336,192,aim_directions.xs
72,11,4272153954368,4,64,2951232,262144,65536,0,2112,2112,262336,192,aim_directions.ys
72,12,4272154216704,4,64,3213568,262144,65536,0,2304,2304,262336,192,aim_directions.zs
72,13,4272154479040,4,64,3475904,262144,65536,0,2496,2496,262336,192,desired_aiming_directions.xs
72,14,4272154741376,4,64,3738240,262144,65536,0,2688,2688,262336,192,desired_aiming_directions.ys
72,15,4272155003712,4,64,4000576,262144,65536,0,2880,2880,262336,192,desired_aiming_directions.zs
72,16,4272155266048,4,64,4262912,262144,65536,0,3072,3072,262336,192,movement_directions.xs
72,17,4272155528384,4,64,4525248,262144,65536,0,3264,3264,262336,192,movement_directions.ys
72,18,4272155790720,4,64,4787584,262144,65536,0,3456,3456,262336,192,movement_directions.zs
72,19,4272156053056,4,64,5049920,262144,65536,0,3648,3648,262336,192,velocities.xs
72,20,4272156315392,4,64,5312256,262144,65536,0,3840,3840,262336,192,velocities.ys
72,21,4272156577728,4,64,5574592,262144,65536,0,4032,4032,262336,192,velocities.zs
72,22,4272156840064,4,64,5836928,262144,65536,0,128,4224,262336,192,move_distances
72,23,4272157102400,4,64,6099264,262144,65536,0,320,4416,262336,192,speeds
72,24,4272157364736,1,64,6361600,65536,65536,0,512,4608,65728,192,teams
72,25,4272157430464,4,64,6427328,262144,65536,0,704,4800,262336,192,healths
72,26,4272157692800,8,64,6689664,524288,65536,0,896,4992,524480,192,parent_handles
72,27,4272158217280,1,64,7214144,65536,65536,0,1088,5184,65728,192,awareness_scan_countdowns.counters
72,28,4272158283008,2,64,7279872,131072,65536,0,1280,5376,131264,192,navigation_update_countdowns.remaining_ticks
72,29,4272158414272,2,64,7411136,131072,65536,0,1472,5568,131264,192,navigation_update_countdowns.periods
72,30,4272158545536,4,64,7542400,262144,65536,0,1664,5760,262336,192,separation_steering.xs
72,31,4272158807872,4,64,7804736,262144,65536,0,1856,5952,262336,192,separation_steering.ys
72,32,4272159070208,4,64,8067072,262144,65536,0,2048,6144,262336,192,separation_steering.zs
72,33,4272159332544,1,64,8329408,65536,65536,0,2240,6336,65728,192,navigation_risk_tiers
72,34,4272159398272,1,64,8395136,65536,65536,0,2432,6528,65728,192,navigation_lower_risk_scan_counts
72,35,4272159464000,1,64,8460864,65536,65536,0,2624,6720,65728,192,avoidance_choice_indices
72,36,4272159529728,1,64,8526592,65536,65536,0,2816,6912,65728,192,avoidance_clear_scan_counts
72,37,4272159595456,2,64,8592320,131072,65536,0,3008,7104,131264,192,attack_reposition_countdowns.counters
72,38,4272159726720,2,64,8723584,131072,65536,0,3200,7296,131264,192,attack_cooldowns.counters
72,39,4272159857984,8,64,8854848,524288,65536,0,3392,7488,524480,192,target_handles
72,40,4272160382464,4,64,9379328,262144,65536,0,3584,7680,262336,192,target_locations.xs
72,41,4272160644800,4,64,9641664,262144,65536,0,3776,7872,262336,192,target_locations.ys
72,42,4272160907136,4,64,9904000,262144,65536,0,3968,8064,262336,192,target_locations.zs
72,43,4272161169472,4,64,10166336,262144,65536,0,64,8256,262336,192,target_velocities.xs
72,44,4272161431808,4,64,10428672,262144,65536,0,256,8448,262336,192,target_velocities.ys
72,45,4272161694144,4,64,10691008,262144,65536,0,448,8640,262336,192,target_velocities.zs
72,46,4272161956480,4,64,10953344,262144,65536,0,640,8832,262336,192,target_directions.xs
72,47,4272162218816,4,64,11215680,262144,65536,0,832,9024,262336,192,target_directions.ys
72,48,4272162481152,4,64,11478016,262144,65536,0,1024,9216,262336,192,target_directions.zs
72,49,4272162743488,4,64,11740352,262144,65536,0,1216,9408,262336,192,intercept_times
72,50,4272163005824,4,64,12002688,262144,65536,0,1408,9600,262336,192,target_distance_sq
72,51,4272163268160,4,64,12265024,262144,65536,0,1600,9792,262336,192,target_distances
72,52,4272163530496,4,64,12527360,262144,65536,0,1792,9984,,,target_radii
73,0,2217277587456,1,64,0,65536,65536,0,0,0,65536,0,bundle0.flags
73,1,2217277652992,2,64,65536,131072,65536,0,0,0,131072,0,bundle0.counters
73,2,2217277784064,4,64,196608,262144,65536,0,0,0,262144,0,bundle0.counts
73,3,2217278046208,8,64,458752,524288,65536,0,0,0,524288,0,bundle0.totals
73,4,2217278570496,3,64,983040,196608,65536,0,0,0,196608,0,bundle0.payloads
73,5,2217278767104,4,64,1179648,262144,65536,0,0,0,262144,0,bundle0.values
73,6,2217279029248,8,64,1441792,524288,65536,0,0,0,524288,0,bundle0.rates
73,7,2217279553536,1,64,1966080,65536,65536,0,0,0,65536,0,bundle1.flags
73,8,2217279619072,2,64,2031616,131072,65536,0,0,0,131072,0,bundle1.counters
73,9,2217279750144,4,64,2162688,262144,65536,0,0,0,262144,0,bundle1.counts
73,10,2217280012288,8,64,2424832,524288,65536,0,0,0,524288,0,bundle1.totals
73,11,2217280536576,3,64,2949120,196608,65536,0,0,0,196608,0,bundle1.payloads
73,12,2217280733184,4,64,3145728,262144,65536,0,0,0,262144,0,bundle1.values
73,13,2217280995328,8,64,3407872,524288,65536,0,0,0,524288,0,bundle1.rates
73,14,2217281519616,1,64,3932160,65536,65536,0,0,0,65536,0,bundle2.flags
73,15,2217281585152,2,64,3997696,131072,65536,0,0,0,131072,0,bundle2.counters
73,16,2217281716224,4,64,4128768,262144,65536,0,0,0,262144,0,bundle2.counts
73,17,2217281978368,8,64,4390912,524288,65536,0,0,0,524288,0,bundle2.totals
73,18,2217282502656,3,64,4915200,196608,65536,0,0,0,196608,0,bundle2.payloads
73,19,2217282699264,4,64,5111808,262144,65536,0,0,0,262144,0,bundle2.values
73,20,2217282961408,8,64,5373952,524288,65536,0,0,0,524288,0,bundle2.rates
73,21,2217283485696,1,64,5898240,65536,65536,0,0,0,65536,0,bundle3.flags
73,22,2217283551232,2,64,5963776,131072,65536,0,0,0,131072,0,bundle3.counters
73,23,2217283682304,4,64,6094848,262144,65536,0,0,0,262144,0,bundle3.counts
73,24,2217283944448,8,64,6356992,524288,65536,0,0,0,524288,0,bundle3.totals
73,25,2217284468736,3,64,6881280,196608,65536,0,0,0,196608,0,bundle3.payloads
73,26,2217284665344,4,64,7077888,262144,65536,0,0,0,262144,0,bundle3.values
73,27,2217284927488,8,64,7340032,524288,65536,0,0,0,524288,0,bundle3.rates
73,28,2217285451776,1,64,7864320,65536,65536,0,0,0,65536,0,bundle4.flags
73,29,2217285517312,2,64,7929856,131072,65536,0,0,0,131072,0,bundle4.counters
73,30,2217285648384,4,64,8060928,262144,65536,0,0,0,262144,0,bundle4.counts
73,31,2217285910528,8,64,8323072,524288,65536,0,0,0,524288,0,bundle4.totals
73,32,2217286434816,3,64,8847360,196608,65536,0,0,0,196608,0,bundle4.payloads
73,33,2217286631424,4,64,9043968,262144,65536,0,0,0,262144,0,bundle4.values
73,34,2217286893568,8,64,9306112,524288,65536,0,0,0,524288,0,bundle4.rates
73,35,2217287417856,1,64,9830400,65536,65536,0,0,0,65536,0,bundle5.flags
73,36,2217287483392,2,64,9895936,131072,65536,0,0,0,131072,0,bundle5.counters
73,37,2217287614464,4,64,10027008,262144,65536,0,0,0,262144,0,bundle5.counts
73,38,2217287876608,8,64,10289152,524288,65536,0,0,0,524288,0,bundle5.totals
73,39,2217288400896,3,64,10813440,196608,65536,0,0,0,196608,0,bundle5.payloads
73,40,2217288597504,4,64,11010048,262144,65536,0,0,0,262144,0,bundle5.values
73,41,2217288859648,8,64,11272192,524288,65536,0,0,0,,,bundle5.rates
74,0,3761318330368,8,64,0,600064,75008,0,0,0,600128,64,positions0.xs
74,1,3761318930496,8,64,600128,600064,75008,0,2112,10304,600128,64,positions0.ys
74,2,3761319530624,8,64,1200256,600064,75008,0,128,20608,600128,64,positions0.zs
74,3,3761320130752,8,64,1800384,600064,75008,0,2240,30912,600128,64,velocities0.xs
74,4,3761320730880,8,64,2400512,600064,75008,0,256,41216,600128,64,velocities0.ys
74,5,3761321331008,8,64,3000640,600064,75008,0,2368,51520,600128,64,velocities0.zs
74,6,3761321931136,8,64,3600768,600064,75008,0,384,61824,600128,64,positions1.xs
74,7,3761322531264,8,64,4200896,600064,75008,0,2496,6592,600128,64,positions1.ys
74,8,3761323131392,8,64,4801024,600064,75008,0,512,16896,600128,64,positions1.zs
74,9,3761323731520,8,64,5401152,600064,75008,0,2624,27200,600128,64,velocities1.xs
74,10,3761324331648,8,64,6001280,600064,75008,0,640,37504,600128,64,velocities1.ys
74,11,3761324931776,8,64,6601408,600064,75008,0,2752,47808,600128,64,velocities1.zs
74,12,3761325531904,8,64,7201536,600064,75008,0,768,58112,600128,64,positions2.xs
74,13,3761326132032,8,64,7801664,600064,75008,0,2880,2880,600128,64,positions2.ys
74,14,3761326732160,8,64,8401792,600064,75008,0,896,13184,600128,64,positions2.zs
74,15,3761327332288,8,64,9001920,600064,75008,0,3008,23488,600128,64,velocities2.xs
74,16,3761327932416,8,64,9602048,600064,75008,0,1024,33792,600128,64,velocities2.ys
74,17,3761328532544,8,64,10202176,600064,75008,0,3136,44096,600128,64,velocities2.zs
74,18,3761329132672,8,64,10802304,600064,75008,0,1152,54400,600128,64,positions3.xs
74,19,3761329732800,8,64,11402432,600064,75008,0,3264,64704,600128,64,positions3.ys
74,20,3761330332928,8,64,12002560,600064,75008,0,1280,9472,600128,64,positions3.zs
74,21,3761330933056,8,64,12602688,600064,75008,0,3392,19776,600128,64,velocities3.xs
74,22,3761331533184,8,64,13202816,600064,75008,0,1408,30080,600128,64,velocities3.ys
74,23,3761332133312,8,64,13802944,600064,75008,0,3520,40384,,,velocities3.zs
75,0,4159977816064,4,64,0,300032,75008,0,0,0,300096,64,bundle0.positions
75,1,4159978116160,4,64,300096,300032,75008,0,1088,37952,300096,64,bundle0.velocities
75,2,4159978416256,32,64,600192,2400256,75008,0,2176,10368,2400320,64,bundle0.aligned32
75,3,4159980816576,64,64,3000512,4800512,75008,0,2240,51392,4800576,64,bundle0.aligned64
75,4,4159985617152,256,256,7801088,19202048,75008,0,2304,2304,19202112,64,bundle0.aligned256
75,5,4160004819264,4,64,27003200,300032,75008,0,2368,2368,300096,64,bundle1.positions
75,6,4160005119360,4,64,27303296,300032,75008,0,3456,40320,300096,64,bundle1.velocities
75,7,4160005419456,32,64,27603392,2400256,75008,0,448,12736,2400320,64,bundle1.aligned32
75,8,4160007819776,64,64,30003712,4800512,75008,0,512,53760,4800768,256,bundle1.aligned64
75,9,4160012620544,256,256,34804480,19202048,75008,0,768,4864,19202112,64,bundle1.aligned256
75,10,4160031822656,4,64,54006592,300032,75008,0,832,4928,300096,64,bundle2.positions
75,11,4160032122752,4,64,54306688,300032,75008,0,1920,42880,300096,64,bundle2.velocities
75,12,4160032422848,32,64,54606784,2400256,75008,0,3008,15296,2400320,64,bundle2.aligned32
75,13,4160034823168,64,64,57007104,4800512,75008,0,3072,56320,4800768,256,bundle2.aligned64
75,14,4160039623936,256,256,61807872,19202048,75008,0,3328,7424,,,bundle2.aligned256
76,0,2387465666560,8,64,0,600064,75008,0,0,0,600256,192,positions0.xs
76,1,2387466266816,8,64,600256,600064,75008,0,2240,10432,600256,192,positions0.ys
76,2,2387466867072,8,64,1200512,600064,75008,0,384,20864,600256,192,positions0.zs
76,3,2387467467328,8,64,1800768,600064,75008,0,2624,31296,600256,192,velocities0.xs
76,4,2387468067584,8,64,2401024,600064,75008,0,768,41728,600256,192,velocities0.ys
76,5,2387468667840,8,64,3001280,600064,75008,0,3008,52160,600256,192,velocities0.zs
76,6,2387469268096,8,64,3601536,600064,75008,0,1152,62592,600256,192,positions1.xs
76,7,2387469868352,8,64,4201792,600064,75008,0,3392,7488,600256,192,positions1.ys
76,8,2387470468608,8,64,4802048,600064,75008,0,1536,17920,600256,192,positions1.zs
76,9,2387471068864,8,64,5402304,600064,75008,0,3776,28352,600256,192,velocities1.xs
76,10,2387471669120,8,64,6002560,600064,75008,0,1920,38784,600256,192,velocities1.ys
76,11,2387472269376,8,64,6602816,600064,75008,0,64,49216,600256,192,velocities1.zs
76,12,2387472869632,8,64,7203072,600064,75008,0,2304,59648,600256,192,positions2.xs
76,13,2387473469888,8,64,7803328,600064,75008,0,448,4544,600256,192,positions2.ys
76,14,2387474070144,8,64,8403584,600064,75008,0,2688,14976,600256,192,positions2.zs
76,15,2387474670400,8,64,9003840,600064,75008,0,832,25408,600256,192,velocities2.xs
76,16,2387475270656,8,64,9604096,600064,75008,0,3072,35840,600256,192,velocities2.ys
76,17,2387475870912,8,64,10204352,600064,75008,0,1216,46272,600256,192,velocities2.zs
76,18,2387476471168,8,64,10804608,600064,75008,0,3456,56704,600256,192,positions3.xs
76,19,2387477071424,8,64,11404864,600064,75008,0,1600,1600,600256,192,positions3.ys
76,20,2387477671680,8,64,12005120,600064,75008,0,3840,12032,600256,192,positions3.zs
76,21,2387478271936,8,64,12605376,600064,75008,0,1984,22464,600256,192,velocities3.xs
76,22,2387478872192,8,64,13205632,600064,75008,0,128,32896,600256,192,velocities3.ys
76,23,2387479472448,8,64,13805888,600064,75008,0,2368,43328,,,velocities3.zs
77,0,4190311022592,4,64,0,262144,65536,0,0,0,262144,0,bundle0.positions
77,1,4190311284736,4,64,262144,262144,65536,0,0,0,262144,0,bundle0.velocities
77,2,4190311546880,32,64,524288,2097152,65536,0,0,0,2097152,0,bundle0.aligned32
77,3,4190313644032,64,64,2621440,4194304,65536,0,0,0,4194304,0,bundle0.aligned64
77,4,4190317838336,256,256,6815744,16777216,65536,0,0,0,16777216,0,bundle0.aligned256
77,5,4190334615552,4,64,23592960,262144,65536,0,0,0,262144,0,bundle1.positions
77,6,4190334877696,4,64,23855104,262144,65536,0,0,0,262144,0,bundle1.velocities
77,7,4190335139840,32,64,24117248,2097152,65536,0,0,0,2097152,0,bundle1.aligned32
77,8,4190337236992,64,64,26214400,4194304,65536,0,0,0,4194304,0,bundle1.aligned64
77,9,4190341431296,256,256,30408704,16777216,65536,0,0,0,16777216,0,bundle1.aligned256
77,10,4190358208512,4,64,47185920,262144,65536,0,0,0,262144,0,bundle2.positions
77,11,4190358470656,4,64,47448064,262144,65536,0,0,0,262144,0,bundle2.velocities
77,12,4190358732800,32,64,47710208,2097152,65536,0,0,0,2097152,0,bundle2.aligned32
77,13,4190360829952,64,64,49807360,4194304,65536,0,0,0,4194304,0,bundle2.aligned64
77,14,4190365024256,256,256,54001664,16777216,65536,0,0,0,,,bundle2.aligned256
78,0,2777152815104,8,4,0,524288,65536,0,0,0,1048576,524288,entity_handles
78,1,2777153863680,4,4,0,262144,65536,0,0,0,327680,65536,integral_biases
78,2,2777154191360,4,4,0,262144,65536,0,0,0,-2293760,-2555904,float_biases
78,3,2777151897600,1,1,0,65536,65536,0,0,0,2621440,2555904,tasks
78,4,2777154519040,4,4,0,262144,65536,0,0,0,327680,65536,locations.xs
78,5,2777154846720,4,4,0,262144,65536,0,0,0,327680,65536,locations.ys
78,6,2777155174400,4,4,0,262144,65536,0,0,0,327680,65536,locations.zs
78,7,2777155502080,4,4,0,262144,65536,0,0,0,327680,65536,desired_move_locations.xs
78,8,2777155829760,4,4,0,262144,65536,0,0,0,327680,65536,desired_move_locations.ys
78,9,2777156157440,4,4,0,262144,65536,0,0,0,327680,65536,desired_move_locations.zs
78,10,2777156485120,4,4,0,262144,65536,0,0,0,327680,65536,aim_directions.xs
78,11,2777156812800,4,4,0,262144,65536,0,0,0,327680,65536,aim_directions.ys
78,12,2777157140480,4,4,0,262144,65536,0,0,0,655360,393216,aim_directions.zs
78,13,2777157795840,4,4,0,262144,65536,0,0,0,327680,65536,desired_aiming_directions.xs
78,14,2777158123520,4,4,0,262144,65536,0,0,0,327680,65536,desired_aiming_directions.ys
78,15,2777158451200,4,4,0,262144,65536,0,0,0,327680,65536,desired_aiming_directions.zs
78,16,2777158778880,4,4,0,262144,65536,0,0,0,327680,65536,movement_directions.xs
78,17,2777159106560,4,4,0,262144,65536,0,0,0,327680,65536,movement_directions.ys
78,18,2777159434240,4,4,0,262144,65536,0,0,0,327680,65536,movement_directions.zs
78,19,2777159761920,4,4,0,262144,65536,0,0,0,327680,65536,velocities.xs
78,20,2777160089600,4,4,0,262144,65536,0,0,0,327680,65536,velocities.ys
78,21,2777160417280,4,4,0,262144,65536,0,0,0,327680,65536,velocities.zs
78,22,2777160744960,4,4,0,262144,65536,0,0,0,327680,65536,move_distances
78,23,2777161072640,4,4,0,262144,65536,0,0,0,-9109504,-9371648,speeds
78,24,2777151963136,1,1,0,65536,65536,0,0,0,9437184,9371648,teams
78,25,2777161400320,4,4,0,262144,65536,0,0,0,327680,65536,healths
78,26,2777161728000,8,4,0,524288,65536,0,0,0,-9699328,-10223616,parent_handles
78,27,2777152028672,1,1,0,65536,65536,0,0,0,-1114112,-1179648,awareness_scan_countdowns.counters
78,28,2777150914560,2,2,0,131072,65536,0,0,0,131072,0,navigation_update_countdowns.remaining_ticks
78,29,2777151045632,2,2,0,131072,65536,0,0,0,11730944,11599872,navigation_update_countdowns.periods
78,30,2777162776576,4,4,0,262144,65536,0,0,0,327680,65536,separation_steering.xs
78,31,2777163104256,4,4,0,262144,65536,0,0,0,327680,65536,separation_steering.ys
78,32,2777163431936,4,4,0,262144,65536,0,0,0,-11337728,-11599872,separation_steering.zs
78,33,2777152094208,1,1,0,65536,65536,0,0,0,65536,0,navigation_risk_tiers
78,34,2777152159744,1,1,0,65536,65536,0,0,0,65536,0,navigation_lower_risk_scan_counts
78,35,2777152225280,1,1,0,65536,65536,0,0,0,11534336,11468800,avoidance_choice_indices
78,36,2777163759616,1,1,0,65536,65536,0,0,0,524288,458752,avoidance_clear_scan_counts
78,37,2777164283904,2,2,0,131072,65536,0,0,0,131072,0,attack_reposition_countdowns.counters
78,38,2777164414976,2,2,0,131072,65536,0,0,0,393216,262144,attack_cooldowns.counters
78,39,2777164808192,8,4,0,524288,65536,0,0,0,1376256,851968,target_handles
78,40,2777166184448,4,4,0,262144,65536,0,0,0,327680,65536,target_locations.xs
78,41,2777166512128,4,4,0,262144,65536,0,0,0,327680,65536,target_locations.ys
78,42,2777166839808,4,4,0,262144,65536,0,0,0,327680,65536,target_locations.zs
78,43,2777167167488,4,4,0,262144,65536,0,0,0,327680,65536,target_velocities.xs
78,44,2777167495168,4,4,0,262144,65536,0,0,0,327680,65536,target_velocities.ys
78,45,2777167822848,4,4,0,262144,65536,0,0,0,327680,65536,target_velocities.zs
78,46,2777168150528,4,4,0,262144,65536,0,0,0,327680,65536,target_directions.xs
78,47,2777168478208,4,4,0,262144,65536,0,0,0,327680,65536,target_directions.ys
78,48,2777168805888,4,4,0,262144,65536,0,0,0,327680,65536,target_directions.zs
78,49,2777169133568,4,4,0,262144,65536,0,0,0,327680,65536,intercept_times
78,50,2777169461248,4,4,0,262144,65536,0,0,0,327680,65536,target_distance_sq
78,51,2777169788928,4,4,0,262144,65536,0,0,0,327680,65536,target_distances
78,52,2777170116608,4,4,0,262144,65536,0,0,0,,,target_radii
79,0,2626104786944,8,64,0,524800,65600,0,0,0,524992,192,entity_handles
79,1,2626105311936,4,64,524992,262400,65600,0,704,704,262592,192,integral_biases
79,2,2626105574528,4,64,787584,262400,65600,0,1152,1152,262592,192,float_biases
79,3,2626105837120,1,64,1050176,65600,65600,0,1600,1600,65792,192,tasks
79,4,2626105902912,4,64,1115968,262400,65600,0,1856,1856,262592,192,locations.xs
79,5,2626106165504,4,64,1378560,262400,65600,0,2304,2304,262592,192,locations.ys
79,6,2626106428096,4,64,1641152,262400,65600,0,2752,2752,262592,192,locations.zs
79,7,2626106690688,4,64,1903744,262400,65600,0,3200,3200,262592,192,desired_move_locations.xs
79,8,2626106953280,4,64,2166336,262400,65600,0,3648,3648,262592,192,desired_move_locations.ys
79,9,2626107215872,4,64,2428928,262400,65600,0,0,4096,262592,192,desired_move_locations.zs
79,10,2626107478464,4,64,2691520,262400,65600,0,448,4544,262592,192,aim_directions.xs
79,11,2626107741056,4,64,2954112,262400,65600,0,896,4992,262592,192,aim_directions.ys
79,12,2626108003648,4,64,3216704,262400,65600,0,1344,5440,262592,192,aim_directions.zs
79,13,2626108266240,4,64,3479296,262400,65600,0,1792,5888,262592,192,desired_aiming_directions.xs
79,14,2626108528832,4,64,3741888,262400,65600,0,2240,6336,262592,192,desired_aiming_directions.ys
79,15,2626108791424,4,64,4004480,262400,65600,0,2688,6784,262592,192,desired_aiming_directions.zs
79,16,2626109054016,4,64,4267072,262400,65600,0,3136,7232,262592,192,movement_directions.xs
79,17,2626109316608,4,64,4529664,262400,65600,0,3584,7680,262592,192,movement_directions.ys
79,18,2626109579200,4,64,4792256,262400,65600,0,4032,8128,262592,192,movement_directions.zs
79,19,2626109841792,4,64,5054848,262400,65600,0,384,8576,262592,192,velocities.xs
79,20,2626110104384,4,64,5317440,262400,65600,0,832,9024,262592,192,velocities.ys
79,21,2626110366976,4,64,5580032,262400,65600,0,1280,9472,262592,192,velocities.zs
79,22,2626110629568,4,64,5842624,262400,65600,0,1728,9920,262592,192,move_distances
79,23,2626110892160,4,64,6105216,262400,65600,0,2176,10368,262592,192,speeds
79,24,2626111154752,1,64,6367808,65600,65600,0,2624,10816,65792,192,teams
79,25,2626111220544,4,64,6433600,262400,65600,0,2880,11072,262592,192,healths
79,26,2626111483136,8,64,6696192,524800,65600,0,3328,11520,524992,192,parent_handles
79,27,2626112008128,1,64,7221184,65600,65600,0,4032,12224,65792,192,awareness_scan_countdowns.counters
79,28,2626112073920,2,64,7286976,131200,65600,0,192,12480,131392,192,navigation_update_countdowns.remaining_ticks
79,29,2626112205312,2,64,7418368,131200,65600,0,512,12800,131392,192,navigation_update_countdowns.periods
79,30,2626112336704,4,64,7549760,262400,65600,0,832,13120,262592,192,separation_steering.xs
79,31,2626112599296,4,64,7812352,262400,65600,0,1280,13568,262592,192,separation_steering.ys
79,32,2626112861888,4,64,8074944,262400,65600,0,1728,14016,262592,192,separation_steering.zs
79,33,2626113124480,1,64,8337536,65600,65600,0,2176,14464,65792,192,navigation_risk_tiers
79,34,2626113190272,1,64,8403328,65600,65600,0,2432,14720,65792,192,navigation_lower_risk_scan_counts
79,35,2626113256064,1,64,8469120,65600,65600,0,2688,14976,65792,192,avoidance_choice_indices
79,36,2626113321856,1,64,8534912,65600,65600,0,2944,15232,65792,192,avoidance_clear_scan_counts
79,37,2626113387648,2,64,8600704,131200,65600,0,3200,15488,131392,192,attack_reposition_countdowns.counters
79,38,2626113519040,2,64,8732096,131200,65600,0,3520,15808,131392,192,attack_cooldowns.counters
79,39,2626113650432,8,64,8863488,524800,65600,0,3840,16128,524992,192,target_handles
79,40,2626114175424,4,64,9388480,262400,65600,0,448,16832,262592,192,target_locations.xs
79,41,2626114438016,4,64,9651072,262400,65600,0,896,17280,262592,192,target_locations.ys
79,42,2626114700608,4,64,9913664,262400,65600,0,1344,17728,262592,192,target_locations.zs
79,43,2626114963200,4,64,10176256,262400,65600,0,1792,18176,262592,192,target_velocities.xs
79,44,2626115225792,4,64,10438848,262400,65600,0,2240,18624,262592,192,target_velocities.ys
79,45,2626115488384,4,64,10701440,262400,65600,0,2688,19072,262592,192,target_velocities.zs
79,46,2626115750976,4,64,10964032,262400,65600,0,3136,19520,262592,192,target_directions.xs
79,47,2626116013568,4,64,11226624,262400,65600,0,3584,19968,262592,192,target_directions.ys
79,48,2626116276160,4,64,11489216,262400,65600,0,4032,20416,262592,192,target_directions.zs
79,49,2626116538752,4,64,11751808,262400,65600,0,384,20864,262592,192,intercept_times
79,50,2626116801344,4,64,12014400,262400,65600,0,832,21312,262592,192,target_distance_sq
79,51,2626117063936,4,64,12276992,262400,65600,0,1280,21760,262592,192,target_distances
79,52,2626117326528,4,64,12539584,262400,65600,0,1728,22208,,,target_radii
80,0,5609529278464,4,64,0,524288,131072,0,0,0,524352,64,bundle0.positions
80,1,5609529802816,4,64,524352,524288,131072,0,64,64,524352,64,bundle0.velocities
80,2,5609530327168,32,64,1048704,4194304,131072,0,128,128,4194368,64,bundle0.aligned32
80,3,5609534521536,64,64,5243072,8388608,131072,0,192,192,8388672,64,bundle0.aligned64
80,4,5609542910208,256,256,13631744,33554432,131072,0,256,256,33554496,64,bundle0.aligned256
80,5,5609576464704,4,64,47186240,524288,131072,0,320,320,524352,64,bundle1.positions
80,6,5609576989056,4,64,47710592,524288,131072,0,384,384,524352,64,bundle1.velocities
80,7,5609577513408,32,64,48234944,4194304,131072,0,448,448,4194368,64,bundle1.aligned32
80,8,5609581707776,64,64,52429312,8388608,131072,0,512,512,8388864,256,bundle1.aligned64
80,9,5609590096640,256,256,60818176,33554432,131072,0,768,768,33554496,64,bundle1.aligned256
80,10,5609623651136,4,64,94372672,524288,131072,0,832,832,524352,64,bundle2.positions
80,11,5609624175488,4,64,94897024,524288,131072,0,896,896,524352,64,bundle2.velocities
80,12,5609624699840,32,64,95421376,4194304,131072,0,960,960,4194368,64,bundle2.aligned32
80,13,5609628894208,64,64,99615744,8388608,131072,0,1024,1024,8388864,256,bundle2.aligned64
80,14,5609637283072,256,256,108004608,33554432,131072,0,1280,1280,,,bundle2.aligned256
81,0,6228508606464,8,64,0,800256,100032,0,0,0,800256,0,entity_handles
81,1,6228509406720,4,64,800256,400128,100032,0,1536,13824,400128,0,integral_biases
81,2,6228509806848,4,64,1200384,400128,100032,0,256,20736,400128,0,float_biases
81,3,6228510206976,1,64,1600512,100032,100032,0,3072,27648,100032,0,tasks
81,4,6228510307008,4,64,1700544,400128,100032,0,704,62144,400128,0,locations.xs
81,5,6228510707136,4,64,2100672,400128,100032,0,3520,3520,400128,0,locations.ys
81,6,6228511107264,4,64,2500800,400128,100032,0,2240,10432,400128,0,locations.zs
81,7,6228511507392,4,64,2900928,400128,100032,0,960,17344,400128,0,desired_move_locations.xs
81,8,6228511907520,4,64,3301056,400128,100032,0,3776,24256,400128,0,desired_move_locations.ys
81,9,6228512307648,4,64,3701184,400128,100032,0,2496,31168,400128,0,desired_move_locations.zs
81,10,6228512707776,4,64,4101312,400128,100032,0,1216,38080,400128,0,aim_directions.xs
81,11,6228513107904,4,64,4501440,400128,100032,0,4032,44992,400128,0,aim_directions.ys
81,12,6228513508032,4,64,4901568,400128,100032,0,2752,51904,400128,0,aim_directions.zs
81,13,6228513908160,4,64,5301696,400128,100032,0,1472,58816,400128,0,desired_aiming_directions.xs
81,14,6228514308288,4,64,5701824,400128,100032,0,192,192,400128,0,desired_aiming_directions.ys
81,15,6228514708416,4,64,6101952,400128,100032,0,3008,7104,400128,0,desired_aiming_directions.zs
81,16,6228515108544,4,64,6502080,400128,100032,0,1728,14016,400128,0,movement_directions.xs
81,17,6228515508672,4,64,6902208,400128,100032,0,448,20928,400128,0,movement_directions.ys
81,18,6228515908800,4,64,7302336,400128,100032,0,3264,27840,400128,0,movement_directions.zs
81,19,6228516308928,4,64,7702464,400128,100032,0,1984,34752,400128,0,velocities.xs
81,20,6228516709056,4,64,8102592,400128,100032,0,704,41664,400128,0,velocities.ys
81,21,6228517109184,4,64,8502720,400128,100032,0,3520,48576,400128,0,velocities.zs
81,22,6228517509312,4,64,8902848,400128,100032,0,2240,55488,400128,0,move_distances
81,23,6228517909440,4,64,9302976,400128,100032,0,960,62400,400128,0,speeds
81,24,6228518309568,1,64,9703104,100032,100032,0,3776,3776,100032,0,teams
81,25,6228518409600,4,64,9803136,400128,100032,0,1408,38272,400128,0,healths
81,26,6228518809728,8,64,10203264,800256,100032,0,128,45184,800256,0,parent_handles
81,27,6228519609984,1,64,11003520,100032,100032,0,1664,59008,100032,0,awareness_scan_countdowns.counters
81,28,6228519710016,2,64,11103552,200064,100032,0,3392,27968,200064,0,navigation_update_countdowns.remaining_ticks
81,29,6228519910080,2,64,11303616,200064,100032,0,2752,31424,200064,0,navigation_update_countdowns.periods
81,30,6228520110144,4,64,11503680,400128,100032,0,2112,34880,400128,0,separation_steering.xs
81,31,6228520510272,4,64,11903808,400128,100032,0,832,41792,400128,0,separation_steering.ys
81,32,6228520910400,4,64,12303936,400128,100032,0,3648,48704,400128,0,separation_steering.zs
81,33,6228521310528,1,64,12704064,100032,100032,0,2368,55616,100032,0,navigation_risk_tiers
81,34,6228521410560,1,64,12804096,100032,100032,0,0,24576,100032,0,navigation_lower_risk_scan_counts
81,35,6228521510592,1,64,12904128,100032,100032,0,1728,59072,100032,0,avoidance_choice_indices
81,36,6228521610624,1,64,13004160,100032,100032,0,3456,28032,100032,0,avoidance_clear_scan_counts
81,37,6228521710656,2,64,13104192,200064,100032,0,1088,62528,200064,0,attack_reposition_countdowns.counters
81,38,6228521910720,2,64,13304256,200064,100032,0,448,448,200064,0,attack_cooldowns.counters
81,39,6228522110784,8,64,13504320,800256,100032,0,3904,3904,800256,0,target_handles
81,40,6228522911040,4,64,14304576,400128,100032,0,1344,17728,400128,0,target_locations.xs
81,41,6228523311168,4,64,14704704,400128,100032,0,64,24640,400128,0,target_locations.ys
81,42,6228523711296,4,64,15104832,400128,100032,0,2880,31552,400128,0,target_locations.zs
81,43,6228524111424,4,64,15504960,400128,100032,0,1600,38464,400128,0,target_velocities.xs
81,44,6228524511552,4,64,15905088,400128,100032,0,320,45376,400128,0,target_velocities.ys
81,45,6228524911680,4,64,16305216,400128,100032,0,3136,52288,400128,0,target_velocities.zs
81,46,6228525311808,4,64,16705344,400128,100032,0,1856,59200,400128,0,target_directions.xs
81,47,6228525711936,4,64,17105472,400128,100032,0,576,576,400128,0,target_directions.ys
81,48,6228526112064,4,64,17505600,400128,100032,0,3392,7488,400128,0,target_directions.zs
81,49,6228526512192,4,64,17905728,400128,100032,0,2112,14400,400128,0,intercept_times
81,50,6228526912320,4,64,18305856,400128,100032,0,832,21312,400128,0,target_distance_sq
81,51,6228527312448,4,64,18705984,400128,100032,0,3648,28224,400128,0,target_distances
81,52,6228527712576,4,64,19106112,400128,100032,0,2368,35136,,,target_radii
82,0,6271726714880,8,64,0,1048576,131072,0,0,0,1048576,0,entity_handles
82,1,6271727763456,4,64,1048576,524288,131072,0,0,0,524288,0,integral_biases
82,2,6271728287744,4,64,1572864,524288,131072,0,0,0,524288,0,float_biases
82,3,6271728812032,1,64,2097152,131072,131072,0,0,0,131072,0,tasks
82,4,6271728943104,4,64,2228224,524288,131072,0,0,0,524288,0,locations.xs
82,5,6271729467392,4,64,2752512,524288,131072,0,0,0,524288,0,locations.ys
82,6,6271729991680,4,64,3276800,524288,131072,0,0,0,524288,0,locations.zs
82,7,6271730515968,4,64,3801088,524288,131072,0,0,0,524288,0,desired_move_locations.xs
82,8,6271731040256,4,64,4325376,524288,131072,0,0,0,524288,0,desired_move_locations.ys
82,9,6271731564544,4,64,4849664,524288,131072,0,0,0,524288,0,desired_move_locations.zs
82,10,6271732088832,4,64,5373952,524288,131072,0,0,0,524288,0,aim_directions.xs
82,11,6271732613120,4,64,5898240,524288,131072,0,0,0,524288,0,aim_directions.ys
82,12,6271733137408,4,64,6422528,524288,131072,0,0,0,524288,0,aim_directions.zs
82,13,6271733661696,4,64,6946816,524288,131072,0,0,0,524288,0,desired_aiming_directions.xs
82,14,6271734185984,4,64,7471104,524288,131072,0,0,0,524288,0,desired_aiming_directions.ys
82,15,6271734710272,4,64,7995392,524288,131072,0,0,0,524288,0,desired_aiming_directions.zs
82,16,6271735234560,4,64,8519680,524288,131072,0,0,0,524288,0,movement_directions.xs
82,17,6271735758848,4,64,9043968,524288,131072,0,0,0,524288,0,movement_directions.ys
82,18,6271736283136,4,64,9568256,524288,131072,0,0,0,524288,0,movement_directions.zs
82,19,6271736807424,4,64,10092544,524288,131072,0,0,0,524288,0,velocities.xs
82,20,6271737331712,4,64,10616832,524288,131072,0,0,0,524288,0,velocities.ys
82,21,6271737856000,4,64,11141120,524288,131072,0,0,0,524288,0,velocities.zs
82,22,6271738380288,4,64,11665408,524288,131072,0,0,0,524288,0,move_distances
82,23,6271738904576,4,64,12189696,524288,131072,0,0,0,524288,0,speeds
82,24,6271739428864,1,64,12713984,131072,131072,0,0,0,131072,0,teams
82,25,6271739559936,4,64,12845056,524288,131072,0,0,0,524288,0,healths
82,26,6271740084224,8,64,13369344,1048576,131072,0,0,0,1048576,0,parent_handles
82,27,6271741132800,1,64,14417920,131072,131072,0,0,0,131072,0,awareness_scan_countdowns.counters
82,28,6271741263872,2,64,14548992,262144,131072,0,0,0,262144,0,navigation_update_countdowns.remaining_ticks
82,29,6271741526016,2,64,14811136,262144,131072,0,0,0,262144,0,navigation_update_countdowns.periods
82,30,6271741788160,4,64,15073280,524288,131072,0,0,0,524288,0,separation_steering.xs
82,31,6271742312448,4,64,15597568,524288,131072,0,0,0,524288,0,separation_steering.ys
82,32,6271742836736,4,64,16121856,524288,131072,0,0,0,524288,0,separation_steering.zs
82,33,6271743361024,1,64,16646144,131072,131072,0,0,0,131072,0,navigation_risk_tiers
82,34,6271743492096,1,64,16777216,131072,131072,0,0,0,131072,0,navigation_lower_risk_scan_counts
82,35,6271743623168,1,64,16908288,131072,131072,0,0,0,131072,0,avoidance_choice_indices
82,36,6271743754240,1,64,17039360,131072,131072,0,0,0,131072,0,avoidance_clear_scan_counts
82,37,6271743885312,2,64,17170432,262144,131072,0,0,0,262144,0,attack_reposition_countdowns.counters
82,38,6271744147456,2,64,17432576,262144,131072,0,0,0,262144,0,attack_cooldowns.counters
82,39,6271744409600,8,64,17694720,1048576,131072,0,0,0,1048576,0,target_handles
82,40,6271745458176,4,64,18743296,524288,131072,0,0,0,524288,0,target_locations.xs
82,41,6271745982464,4,64,19267584,524288,131072,0,0,0,524288,0,target_locations.ys
82,42,6271746506752,4,64,19791872,524288,131072,0,0,0,524288,0,target_locations.zs
82,43,6271747031040,4,64,20316160,524288,131072,0,0,0,524288,0,target_velocities.xs
82,44,6271747555328,4,64,20840448,524288,131072,0,0,0,524288,0,target_velocities.ys
82,45,6271748079616,4,64,21364736,524288,131072,0,0,0,524288,0,target_velocities.zs
82,46,6271748603904,4,64,21889024,524288,131072,0,0,0,524288,0,target_directions.xs
82,47,6271749128192,4,64,22413312,524288,131072,0,0,0,524288,0,target_directions.ys
82,48,6271749652480,4,64,22937600,524288,131072,0,0,0,524288,0,target_directions.zs
82,49,6271750176768,4,64,23461888,524288,131072,0,0,0,524288,0,intercept_times
82,50,6271750701056,4,64,23986176,524288,131072,0,0,0,524288,0,target_distance_sq
82,51,6271751225344,4,64,24510464,524288,131072,0,0,0,524288,0,target_distances
82,52,6271751749632,4,64,25034752,524288,131072,0,0,0,,,target_radii
83,0,4313758498816,1,64,0,65536,65536,0,0,0,65600,64,bundle0.flags
83,1,4313758564416,2,64,65600,131072,65536,0,64,64,131136,64,bundle0.counters
83,2,4313758695552,4,64,196736,262144,65536,0,128,128,262208,64,bundle0.counts
83,3,4313758957760,8,64,458944,524288,65536,0,192,192,524352,64,bundle0.totals
83,4,4313759482112,3,64,983296,196608,65536,0,256,256,196672,64,bundle0.payloads
83,5,4313759678784,4,64,1179968,262144,65536,0,320,320,262208,64,bundle0.values
83,6,4313759940992,8,64,1442176,524288,65536,0,384,384,524352,64,bundle0.rates
83,7,4313760465344,1,64,1966528,65536,65536,0,448,448,65600,64,bundle1.flags
83,8,4313760530944,2,64,2032128,131072,65536,0,512,512,131136,64,bundle1.counters
83,9,4313760662080,4,64,2163264,262144,65536,0,576,576,262208,64,bundle1.counts
83,10,4313760924288,8,64,2425472,524288,65536,0,640,640,524352,64,bundle1.totals
83,11,4313761448640,3,64,2949824,196608,65536,0,704,704,196672,64,bundle1.payloads
83,12,4313761645312,4,64,3146496,262144,65536,0,768,768,262208,64,bundle1.values
83,13,4313761907520,8,64,3408704,524288,65536,0,832,832,524352,64,bundle1.rates
83,14,4313762431872,1,64,3933056,65536,65536,0,896,896,65600,64,bundle2.flags
83,15,4313762497472,2,64,3998656,131072,65536,0,960,960,131136,64,bundle2.counters
83,16,4313762628608,4,64,4129792,262144,65536,0,1024,1024,262208,64,bundle2.counts
83,17,4313762890816,8,64,4392000,524288,65536,0,1088,1088,524352,64,bundle2.totals
83,18,4313763415168,3,64,4916352,196608,65536,0,1152,1152,196672,64,bundle2.payloads
83,19,4313763611840,4,64,5113024,262144,65536,0,1216,1216,262208,64,bundle2.values
83,20,4313763874048,8,64,5375232,524288,65536,0,1280,1280,524352,64,bundle2.rates
83,21,4313764398400,1,64,5899584,65536,65536,0,1344,1344,65600,64,bundle3.flags
83,22,4313764464000,2,64,5965184,131072,65536,0,1408,1408,131136,64,bundle3.counters
83,23,4313764595136,4,64,6096320,262144,65536,0,1472,1472,262208,64,bundle3.counts
83,24,4313764857344,8,64,6358528,524288,65536,0,1536,1536,524352,64,bundle3.totals
83,25,4313765381696,3,64,6882880,196608,65536,0,1600,1600,196672,64,bundle3.payloads
83,26,4313765578368,4,64,7079552,262144,65536,0,1664,1664,262208,64,bundle3.values
83,27,4313765840576,8,64,7341760,524288,65536,0,1728,1728,524352,64,bundle3.rates
83,28,4313766364928,1,64,7866112,65536,65536,0,1792,1792,65600,64,bundle4.flags
83,29,4313766430528,2,64,7931712,131072,65536,0,1856,1856,131136,64,bundle4.counters
83,30,4313766561664,4,64,8062848,262144,65536,0,1920,1920,262208,64,bundle4.counts
83,31,4313766823872,8,64,8325056,524288,65536,0,1984,1984,524352,64,bundle4.totals
83,32,4313767348224,3,64,8849408,196608,65536,0,2048,2048,196672,64,bundle4.payloads
83,33,4313767544896,4,64,9046080,262144,65536,0,2112,2112,262208,64,bundle4.values
83,34,4313767807104,8,64,9308288,524288,65536,0,2176,2176,524352,64,bundle4.rates
83,35,4313768331456,1,64,9832640,65536,65536,0,2240,2240,65600,64,bundle5.flags
83,36,4313768397056,2,64,9898240,131072,65536,0,2304,2304,131136,64,bundle5.counters
83,37,4313768528192,4,64,10029376,262144,65536,0,2368,2368,262208,64,bundle5.counts
83,38,4313768790400,8,64,10291584,524288,65536,0,2432,2432,524352,64,bundle5.totals
83,39,4313769314752,3,64,10815936,196608,65536,0,2496,2496,196672,64,bundle5.payloads
83,40,4313769511424,4,64,11012608,262144,65536,0,2560,2560,262208,64,bundle5.values
83,41,4313769773632,8,64,11274816,524288,65536,0,2624,2624,,,bundle5.rates
84,0,2403571793920,8,64,0,600064,75008,0,0,0,600064,0,positions0.xs
84,1,2403572393984,8,64,600064,600064,75008,0,2048,10240,600064,0,positions0.ys
84,2,2403572994048,8,64,1200128,600064,75008,0,0,20480,600064,0,positions0.zs
84,3,2403573594112,8,64,1800192,600064,75008,0,2048,30720,600064,0,velocities0.xs
84,4,2403574194176,8,64,2400256,600064,75008,0,0,40960,600064,0,velocities0.ys
84,5,2403574794240,8,64,3000320,600064,75008,0,2048,51200,600064,0,velocities0.zs
84,6,2403575394304,8,64,3600384,600064,75008,0,0,61440,600064,0,positions1.xs
84,7,2403575994368,8,64,4200448,600064,75008,0,2048,6144,600064,0,positions1.ys
84,8,2403576594432,8,64,4800512,600064,75008,0,0,16384,600064,0,positions1.zs
84,9,2403577194496,8,64,5400576,600064,75008,0,2048,26624,600064,0,velocities1.xs
84,10,2403577794560,8,64,6000640,600064,75008,0,0,36864,600064,0,velocities1.ys
84,11,2403578394624,8,64,6600704,600064,75008,0,2048,47104,600064,0,velocities1.zs
84,12,2403578994688,8,64,7200768,600064,75008,0,0,57344,600064,0,positions2.xs
84,13,2403579594752,8,64,7800832,600064,75008,0,2048,2048,600064,0,positions2.ys
84,14,2403580194816,8,64,8400896,600064,75008,0,0,12288,600064,0,positions2.zs
84,15,2403580794880,8,64,9000960,600064,75008,0,2048,22528,600064,0,velocities2.xs
84,16,2403581394944,8,64,9601024,600064,75008,0,0,32768,600064,0,velocities2.ys
84,17,2403581995008,8,64,10201088,600064,75008,0,2048,43008,600064,0,velocities2.zs
84,18,2403582595072,8,64,10801152,600064,75008,0,0,53248,600064,0,positions3.xs
84,19,2403583195136,8,64,11401216,600064,75008,0,2048,63488,600064,0,positions3.ys
84,20,2403583795200,8,64,12001280,600064,75008,0,0,8192,600064,0,positions3.zs
84,21,2403584395264,8,64,12601344,600064,75008,0,2048,18432,600064,0,velocities3.xs
84,22,2403584995328,8,64,13201408,600064,75008,0,0,28672,600064,0,velocities3.ys
84,23,2403585595392,8,64,13801472,600064,75008,0,2048,38912,,,velocities3.zs
85,0,2710125084672,8,64,0,1048576,131072,0,0,0,1048768,192,entity_handles
85,1,2710126133440,4,64,1048768,524288,131072,0,192,192,524480,192,integral_biases
85,2,2710126657920,4,64,1573248,524288,131072,0,384,384,524480,192,float_biases
85,3,2710127182400,1,64,2097728,131072,131072,0,576,576,131264,192,tasks
85,4,2710127313664,4,64,2228992,524288,131072,0,768,768,524480,192,locations.xs
85,5,2710127838144,4,64,2753472,524288,131072,0,960,960,524480,192,locations.ys
85,6,2710128362624,4,64,3277952,524288,131072,0,1152,1152,524480,192,locations.zs
85,7,2710128887104,4,64,3802432,524288,131072,0,1344,1344,524480,192,desired_move_locations.xs
85,8,2710129411584,4,64,4326912,524288,131072,0,1536,1536,524480,192,desired_move_locations.ys
85,9,2710129936064,4,64,4851392,524288,131072,0,1728,1728,524480,192,desired_move_locations.zs
85,10,2710130460544,4,64,5375872,524288,131072,0,1920,1920,524480,192,aim_directions.xs
85,11,2710130985024,4,64,5900352,524288,131072,0,2112,2112,524480,192,aim_directions.ys
85,12,2710131509504,4,64,6424832,524288,131072,0,2304,2304,524480,192,aim_directions.zs
85,13,2710132033984,4,64,6949312,524288,131072,0,2496,2496,524480,192,desired_aiming_directions.xs
85,14,2710132558464,4,64,7473792,524288,131072,0,2688,2688,524480,192,desired_aiming_directions.ys
85,15,2710133082944,4,64,7998272,524288,131072,0,2880,2880,524480,192,desired_aiming_directions.zs
85,16,2710133607424,4,64,8522752,524288,131072,0,3072,3072,524480,192,movement_directions.xs
85,17,2710134131904,4,64,9047232,524288,131072,0,3264,3264,524480,192,movement_directions.ys
85,18,2710134656384,4,64,9571712,524288,131072,0,3456,3456,524480,192,movement_directions.zs
85,19,2710135180864,4,64,10096192,524288,131072,0,3648,3648,524480,192,velocities.xs
85,20,2710135705344,4,64,10620672,524288,131072,0,3840,3840,524480,192,velocities.ys
85,21,2710136229824,4,64,11145152,524288,131072,0,4032,4032,524480,192,velocities.zs
85,22,2710136754304,4,64,11669632,524288,131072,0,128,4224,524480,192,move_distances
85,23,2710137278784,4,64,12194112,524288,131072,0,320,4416,524480,192,speeds
85,24,2710137803264,1,64,12718592,131072,131072,0,512,4608,131264,192,teams
85,25,2710137934528,4,64,12849856,524288,131072,0,704,4800,524480,192,healths
85,26,2710138459008,8,64,13374336,1048576,131072,0,896,4992,1048768,192,parent_handles
85,27,2710139507776,1,64,14423104,131072,131072,0,1088,5184,131264,192,awareness_scan_countdowns.counters
85,28,2710139639040,2,64,14554368,262144,131072,0,1280,5376,262336,192,navigation_update_countdowns.remaining_ticks
85,29,2710139901376,2,64,14816704,262144,131072,0,1472,5568,262336,192,navigation_update_countdowns.periods
85,30,2710140163712,4,64,15079040,524288,131072,0,1664,5760,524480,192,separation_steering.xs
85,31,2710140688192,4,64,15603520,524288,131072,0,1856,5952,524480,192,separation_steering.ys
85,32,2710141212672,4,64,16128000,524288,131072,0,2048,6144,524480,192,separation_steering.zs
85,33,2710141737152,1,64,16652480,131072,131072,0,2240,6336,131264,192,navigation_risk_tiers
85,34,2710141868416,1,64,16783744,131072,131072,0,2432,6528,131264,192,navigation_lower_risk_scan_counts
85,35,2710141999680,1,64,16915008,131072,131072,0,2624,6720,131264,192,avoidance_choice_indices
85,36,2710142130944,1,64,17046272,131072,131072,0,2816,6912,131264,192,avoidance_clear_scan_counts
85,37,2710142262208,2,64,17177536,262144,131072,0,3008,7104,262336,192,attack_reposition_countdowns.counters
85,38,2710142524544,2,64,17439872,262144,131072,0,3200,7296,262336,192,attack_cooldowns.counters
85,39,2710142786880,8,64,17702208,1048576,131072,0,3392,7488,1048768,192,target_handles
85,40,2710143835648,4,64,18750976,524288,131072,0,3584,7680,524480,192,target_locations.xs
85,41,2710144360128,4,64,19275456,524288,131072,0,3776,7872,524480,192,target_locations.ys
85,42,2710144884608,4,64,19799936,524288,131072,0,3968,8064,524480,192,target_locations.zs
85,43,2710145409088,4,64,20324416,524288,131072,0,64,8256,524480,192,target_velocities.xs
85,44,2710145933568,4,64,20848896,524288,131072,0,256,8448,524480,192,target_velocities.ys
85,45,2710146458048,4,64,21373376,524288,131072,0,448,8640,524480,192,target_velocities.zs
85,46,2710146982528,4,64,21897856,524288,131072,0,640,8832,524480,192,target_directions.xs
85,47,2710147507008,4,64,22422336,524288,131072,0,832,9024,524480,192,target_directions.ys
85,48,2710148031488,4,64,22946816,524288,131072,0,1024,9216,524480,192,target_directions.zs
85,49,2710148555968,4,64,23471296,524288,131072,0,1216,9408,524480,192,intercept_times
85,50,2710149080448,4,64,23995776,524288,131072,0,1408,9600,524480,192,target_distance_sq
85,51,2710149604928,4,64,24520256,524288,131072,0,1600,9792,524480,192,target_distances
85,52,2710150129408,4,64,25044736,524288,131072,0,1792,9984,,,target_radii
86,0,6425808666624,8,64,0,524800,65600,0,0,0,524864,64,entity_handles
86,1,6425809191488,4,64,524864,262400,65600,0,576,576,262464,64,integral_biases
86,2,6425809453952,4,64,787328,262400,65600,0,896,896,262464,64,float_biases
86,3,6425809716416,1,64,1049792,65600,65600,0,1216,1216,65664,64,tasks
86,4,6425809782080,4,64,1115456,262400,65600,0,1344,1344,262464,64,locations.xs
86,5,6425810044544,4,64,1377920,262400,65600,0,1664,1664,262464,64,locations.ys
86,6,6425810307008,4,64,1640384,262400,65600,0,1984,1984,262464,64,locations.zs
86,7,6425810569472,4,64,1902848,262400,65600,0,2304,2304,262464,64,desired_move_locations.xs
86,8,6425810831936,4,64,2165312,262400,65600,0,2624,2624,262464,64,desired_move_locations.ys
86,9,6425811094400,4,64,2427776,262400,65600,0,2944,2944,262464,64,desired_move_locations.zs
86,10,6425811356864,4,64,2690240,262400,65600,0,3264,3264,262464,64,aim_directions.xs
86,11,6425811619328,4,64,2952704,262400,65600,0,3584,3584,262464,64,aim_directions.ys
86,12,6425811881792,4,64,3215168,262400,65600,0,3904,3904,262464,64,aim_directions.zs
86,13,6425812144256,4,64,3477632,262400,65600,0,128,4224,262464,64,desired_aiming_directions.xs
86,14,6425812406720,4,64,3740096,262400,65600,0,448,4544,262464,64,desired_aiming_directions.ys
86,15,6425812669184,4,64,4002560,262400,65600,0,768,4864,262464,64,desired_aiming_directions.zs
86,16,6425812931648,4,64,4265024,262400,65600,0,1088,5184,262464,64,movement_directions.xs
86,17,6425813194112,4,64,4527488,262400,65600,0,1408,5504,262464,64,movement_directions.ys
86,18,6425813456576,4,64,4789952,262400,65600,0,1728,5824,262464,64,movement_directions.zs
86,19,6425813719040,4,64,5052416,262400,65600,0,2048,6144,262464,64,velocities.xs
86,20,6425813981504,4,64,5314880,262400,65600,0,2368,6464,262464,64,velocities.ys
86,21,6425814243968,4,64,5577344,262400,65600,0,2688,6784,262464,64,velocities.zs
86,22,6425814506432,4,64,5839808,262400,65600,0,3008,7104,262464,64,move_distances
86,23,6425814768896,4,64,6102272,262400,65600,0,3328,7424,262464,64,speeds
86,24,6425815031360,1,64,6364736,65600,65600,0,3648,7744,65664,64,teams
86,25,6425815097024,4,64,6430400,262400,65600,0,3776,7872,262464,64,healths
86,26,6425815359488,8,64,6692864,524800,65600,0,0,8192,524864,64,parent_handles
86,27,6425815884352,1,64,7217728,65600,65600,0,576,8768,65664,64,awareness_scan_countdowns.counters
86,28,6425815950016,2,64,7283392,131200,65600,0,704,8896,131264,64,navigation_update_countdowns.remaining_ticks
86,29,6425816081280,2,64,7414656,131200,65600,0,896,9088,131264,64,navigation_update_countdowns.periods
86,30,6425816212544,4,64,7545920,262400,65600,0,1088,9280,262464,64,separation_steering.xs
86,31,6425816475008,4,64,7808384,262400,65600,0,1408,9600,262464,64,separation_steering.ys
86,32,6425816737472,4,64,8070848,262400,65600,0,1728,9920,262464,64,separation_steering.zs
86,33,6425816999936,1,64,8333312,65600,65600,0,2048,10240,65664,64,navigation_risk_tiers
86,34,6425817065600,1,64,8398976,65600,65600,0,2176,10368,65664,64,navigation_lower_risk_scan_counts
86,35,6425817131264,1,64,8464640,65600,65600,0,2304,10496,65664,64,avoidance_choice_indices
86,36,6425817196928,1,64,8530304,65600,65600,0,2432,10624,65664,64,avoidance_clear_scan_counts
86,37,6425817262592,2,64,8595968,131200,65600,0,2560,10752,131264,64,attack_reposition_countdowns.counters
86,38,6425817393856,2,64,8727232,131200,65600,0,2752,10944,131264,64,attack_cooldowns.counters
86,39,6425817525120,8,64,8858496,524800,65600,0,2944,11136,524864,64,target_handles
86,40,6425818049984,4,64,9383360,262400,65600,0,3520,11712,262464,64,target_locations.xs
86,41,6425818312448,4,64,9645824,262400,65600,0,3840,12032,262464,64,target_locations.ys
86,42,6425818574912,4,64,9908288,262400,65600,0,64,12352,262464,64,target_locations.zs
86,43,6425818837376,4,64,10170752,262400,65600,0,384,12672,262464,64,target_velocities.xs
86,44,6425819099840,4,64,10433216,262400,65600,0,704,12992,262464,64,target_velocities.ys
86,45,6425819362304,4,64,10695680,262400,65600,0,1024,13312,262464,64,target_velocities.zs
86,46,6425819624768,4,64,10958144,262400,65600,0,1344,13632,262464,64,target_directions.xs
86,47,6425819887232,4,64,11220608,262400,65600,0,1664,13952,262464,64,target_directions.ys
86,48,6425820149696,4,64,11483072,262400,65600,0,1984,14272,262464,64,target_directions.zs
86,49,6425820412160,4,64,11745536,262400,65600,0,2304,14592,262464,64,intercept_times
86,50,6425820674624,4,64,12008000,262400,65600,0,2624,14912,262464,64,target_distance_sq
86,51,6425820937088,4,64,12270464,262400,65600,0,2944,15232,262464,64,target_distances
86,52,6425821199552,4,64,12532928,262400,65600,0,3264,15552,,,target_radii
87,0,4348655108096,8,64,0,800256,100032,0,0,0,800256,0,entity_handles
87,1,4348655908352,4,64,800256,400128,100032,0,1536,13824,400128,0,integral_biases
87,2,4348656308480,4,64,1200384,400128,100032,0,256,20736,400128,0,float_biases
87,3,4348656708608,1,64,1600512,100032,100032,0,3072,27648,100032,0,tasks
87,4,4348656808640,4,64,1700544,400128,100032,0,704,62144,400128,0,locations.xs
87,5,4348657208768,4,64,2100672,400128,100032,0,3520,3520,400128,0,locations.ys
87,6,4348657608896,4,64,2500800,400128,100032,0,2240,10432,400128,0,locations.zs
87,7,4348658009024,4,64,2900928,400128,100032,0,960,17344,400128,0,desired_move_locations.xs
87,8,4348658409152,4,64,3301056,400128,100032,0,3776,24256,400128,0,desired_move_locations.ys
87,9,4348658809280,4,64,3701184,400128,100032,0,2496,31168,400128,0,desired_move_locations.zs
87,10,4348659209408,4,64,4101312,400128,100032,0,1216,38080,400128,0,aim_directions.xs
87,11,4348659609536,4,64,4501440,400128,100032,0,4032,44992,400128,0,aim_directions.ys
87,12,4348660009664,4,64,4901568,400128,100032,0,2752,51904,400128,0,aim_directions.zs
87,13,4348660409792,4,64,5301696,400128,100032,0,1472,58816,400128,0,desired_aiming_directions.xs
87,14,4348660809920,4,64,5701824,400128,100032,0,192,192,400128,0,desired_aiming_directions.ys
87,15,4348661210048,4,64,6101952,400128,100032,0,3008,7104,400128,0,desired_aiming_directions.zs
87,16,4348661610176,4,64,6502080,400128,100032,0,1728,14016,400128,0,movement_directions.xs
87,17,4348662010304,4,64,6902208,400128,100032,0,448,20928,400128,0,movement_directions.ys
87,18,4348662410432,4,64,7302336,400128,100032,0,3264,27840,400128,0,movement_directions.zs
87,19,4348662810560,4,64,7702464,400128,100032,0,1984,34752,400128,0,velocities.xs
87,20,4348663210688,4,64,8102592,400128,100032,0,704,41664,400128,0,velocities.ys
87,21,4348663610816,4,64,8502720,400128,100032,0,3520,48576,400128,0,velocities.zs
87,22,4348664010944,4,64,8902848,400128,100032,0,2240,55488,400128,0,move_distances
87,23,4348664411072,4,64,9302976,400128,100032,0,960,62400,400128,0,speeds
87,24,4348664811200,1,64,9703104,100032,100032,0,3776,3776,100032,0,teams
87,25,4348664911232,4,64,9803136,400128,100032,0,1408,38272,400128,0,healths
87,26,4348665311360,8,64,10203264,800256,100032,0,128,45184,800256,0,parent_handles
87,27,4348666111616,1,64,11003520,100032,100032,0,1664,59008,100032,0,awareness_scan_countdowns.counters
87,28,4348666211648,2,64,11103552,200064,100032,0,3392,27968,200064,0,navigation_update_countdowns.remaining_ticks
87,29,4348666411712,2,64,11303616,200064,100032,0,2752,31424,200064,0,navigation_update_countdowns.periods
87,30,4348666611776,4,64,11503680,400128,100032,0,2112,34880,400128,0,separation_steering.xs
87,31,4348667011904,4,64,11903808,400128,100032,0,832,41792,400128,0,separation_steering.ys
87,32,4348667412032,4,64,12303936,400128,100032,0,3648,48704,400128,0,separation_steering.zs
87,33,4348667812160,1,64,12704064,100032,100032,0,2368,55616,100032,0,navigation_risk_tiers
87,34,4348667912192,1,64,12804096,100032,100032,0,0,24576,100032,0,navigation_lower_risk_scan_counts
87,35,4348668012224,1,64,12904128,100032,100032,0,1728,59072,100032,0,avoidance_choice_indices
87,36,4348668112256,1,64,13004160,100032,100032,0,3456,28032,100032,0,avoidance_clear_scan_counts
87,37,4348668212288,2,64,13104192,200064,100032,0,1088,62528,200064,0,attack_reposition_countdowns.counters
87,38,4348668412352,2,64,13304256,200064,100032,0,448,448,200064,0,attack_cooldowns.counters
87,39,4348668612416,8,64,13504320,800256,100032,0,3904,3904,800256,0,target_handles
87,40,4348669412672,4,64,14304576,400128,100032,0,1344,17728,400128,0,target_locations.xs
87,41,4348669812800,4,64,14704704,400128,100032,0,64,24640,400128,0,target_locations.ys
87,42,4348670212928,4,64,15104832,400128,100032,0,2880,31552,400128,0,target_locations.zs
87,43,4348670613056,4,64,15504960,400128,100032,0,1600,38464,400128,0,target_velocities.xs
87,44,4348671013184,4,64,15905088,400128,100032,0,320,45376,400128,0,target_velocities.ys
87,45,4348671413312,4,64,16305216,400128,100032,0,3136,52288,400128,0,target_velocities.zs
87,46,4348671813440,4,64,16705344,400128,100032,0,1856,59200,400128,0,target_directions.xs
87,47,4348672213568,4,64,17105472,400128,100032,0,576,576,400128,0,target_directions.ys
87,48,4348672613696,4,64,17505600,400128,100032,0,3392,7488,400128,0,target_directions.zs
87,49,4348673013824,4,64,17905728,400128,100032,0,2112,14400,400128,0,intercept_times
87,50,4348673413952,4,64,18305856,400128,100032,0,832,21312,400128,0,target_distance_sq
87,51,4348673814080,4,64,18705984,400128,100032,0,3648,28224,400128,0,target_distances
87,52,4348674214208,4,64,19106112,400128,100032,0,2368,35136,,,target_radii
88,0,3350880518144,8,64,0,600064,75008,0,0,0,600256,192,entity_handles
88,1,3350881118400,4,64,600256,300032,75008,0,2240,10432,300224,192,integral_biases
88,2,3350881418624,4,64,900480,300032,75008,0,3456,48512,300224,192,float_biases
88,3,3350881718848,1,64,1200704,75008,75008,0,576,21056,75200,192,tasks
88,4,3350881794048,4,64,1275904,300032,75008,0,2048,30720,300224,192,locations.xs
88,5,3350882094272,4,64,1576128,300032,75008,0,3264,3264,300224,192,locations.ys
88,6,3350882394496,4,64,1876352,300032,75008,0,384,41344,300224,192,locations.zs
88,7,3350882694720,4,64,2176576,300032,75008,0,1600,13888,300224,192,desired_move_locations.xs
88,8,3350882994944,4,64,2476800,300032,75008,0,2816,51968,300224,192,desired_move_locations.ys
88,9,3350883295168,4,64,2777024,300032,75008,0,4032,24512,300224,192,desired_move_locations.zs
88,10,3350883595392,4,64,3077248,300032,75008,0,1152,62592,300224,192,aim_directions.xs
88,11,3350883895616,4,64,3377472,300032,75008,0,2368,35136,300224,192,aim_directions.ys
88,12,3350884195840,4,64,3677696,300032,75008,0,3584,7680,300224,192,aim_directions.zs
88,13,3350884496064,4,64,3977920,300032,75008,0,704,45760,300224,192,desired_aiming_directions.xs
88,14,3350884796288,4,64,4278144,300032,75008,0,1920,18304,300224,192,desired_aiming_directions.ys
88,15,3350885096512,4,64,4578368,300032,75008,0,3136,56384,300224,192,desired_aiming_directions.zs
88,16,3350885396736,4,64,4878592,300032,75008,0,256,28928,300224,192,movement_directions.xs
88,17,3350885696960,4,64,5178816,300032,75008,0,1472,1472,300224,192,movement_directions.ys
88,18,3350885997184,4,64,5479040,300032,75008,0,2688,39552,300224,192,movement_directions.zs
88,19,3350886297408,4,64,5779264,300032,75008,0,3904,12096,300224,192,velocities.xs
88,20,3350886597632,4,64,6079488,300032,75008,0,1024,50176,300224,192,velocities.ys
88,21,3350886897856,4,64,6379712,300032,75008,0,2240,22720,300224,192,velocities.zs
88,22,3350887198080,4,64,6679936,300032,75008,0,3456,60800,300224,192,move_distances
88,23,3350887498304,4,64,6980160,300032,75008,0,576,33344,300224,192,speeds
88,24,3350887798528,1,64,7280384,75008,75008,0,1792,5888,75200,192,teams
88,25,3350887873728,4,64,7355584,300032,75008,0,3264,15552,300224,192,healths
88,26,3350888173952,8,64,7655808,600064,75008,0,384,53632,600256,192,parent_handles
88,27,3350888774208,1,64,8256064,75008,75008,0,2624,64064,75200,192,awareness_scan_countdowns.counters
88,28,3350888849408,2,64,8331264,150016,75008,0,0,8192,150208,192,navigation_update_countdowns.remaining_ticks
88,29,3350888999616,2,64,8481472,150016,75008,0,2752,27328,150208,192,navigation_update_countdowns.periods
88,30,3350889149824,4,64,8631680,300032,75008,0,1408,46464,300224,192,separation_steering.xs
88,31,3350889450048,4,64,8931904,300032,75008,0,2624,19008,300224,192,separation_steering.ys
88,32,3350889750272,4,64,9232128,300032,75008,0,3840,57088,300224,192,separation_steering.zs
88,33,3350890050496,1,64,9532352,75008,75008,0,960,29632,75200,192,navigation_risk_tiers
88,34,3350890125696,1,64,9607552,75008,75008,0,2432,39296,75200,192,navigation_lower_risk_scan_counts
88,35,3350890200896,1,64,9682752,75008,75008,0,3904,48960,75200,192,avoidance_choice_indices
88,36,3350890276096,1,64,9757952,75008,75008,0,1280,58624,75200,192,avoidance_clear_scan_counts
88,37,3350890351296,2,64,9833152,150016,75008,0,2752,2752,150208,192,attack_reposition_countdowns.counters
88,38,3350890501504,2,64,9983360,150016,75008,0,1408,21888,150208,192,attack_cooldowns.counters
88,39,3350890651712,8,64,10133568,600064,75008,0,64,41024,600256,192,target_handles
88,40,3350891251968,4,64,10733824,300032,75008,0,2304,51456,300224,192,target_locations.xs
88,41,3350891552192,4,64,11034048,300032,75008,0,3520,24000,300224,192,target_locations.ys
88,42,3350891852416,4,64,11334272,300032,75008,0,640,62080,300224,192,target_locations.zs
88,43,3350892152640,4,64,11634496,300032,75008,0,1856,34624,300224,192,target_velocities.xs
88,44,3350892452864,4,64,11934720,300032,75008,0,3072,7168,300224,192,target_velocities.ys
88,45,3350892753088,4,64,12234944,300032,75008,0,192,45248,300224,192,target_velocities.zs
88,46,3350893053312,4,64,12535168,300032,75008,0,1408,17792,300224,192,target_directions.xs
88,47,3350893353536,4,64,12835392,300032,75008,0,2624,55872,300224,192,target_directions.ys
88,48,3350893653760,4,64,13135616,300032,75008,0,3840,28416,300224,192,target_directions.zs
88,49,3350893953984,4,64,13435840,300032,75008,0,960,960,300224,192,intercept_times
88,50,3350894254208,4,64,13736064,300032,75008,0,2176,39040,300224,192,target_distance_sq
88,51,3350894554432,4,64,14036288,300032,75008,0,3392,11584,300224,192,target_distances
88,52,3350894854656,4,64,14336512,300032,75008,0,512,49664,,,target_radii
89,0,6354136399872,8,64,0,1048576,131072,0,0,0,1048640,64,entity_handles
89,1,6354137448512,4,64,1048640,524288,131072,0,64,64,524352,64,integral_biases
89,2,6354137972864,4,64,1572992,524288,131072,0,128,128,524352,64,float_biases
89,3,6354138497216,1,64,2097344,131072,131072,0,192,192,131136,64,tasks
89,4,6354138628352,4,64,2228480,524288,131072,0,256,256,524352,64,locations.xs
89,5,6354139152704,4,64,2752832,524288,131072,0,320,320,524352,64,locations.ys
89,6,6354139677056,4,64,3277184,524288,131072,0,384,384,524352,64,locations.zs
89,7,6354140201408,4,64,3801536,524288,131072,0,448,448,524352,64,desired_move_locations.xs
89,8,6354140725760,4,64,4325888,524288,131072,0,512,512,524352,64,desired_move_locations.ys
89,9,6354141250112,4,64,4850240,524288,131072,0,576,576,524352,64,desired_move_locations.zs
89,10,6354141774464,4,64,5374592,524288,131072,0,640,640,524352,64,aim_directions.xs
89,11,6354142298816,4,64,5898944,524288,131072,0,704,704,524352,64,aim_directions.ys
89,12,6354142823168,4,64,6423296,524288,131072,0,768,768,524352,64,aim_directions.zs
89,13,6354143347520,4,64,6947648,524288,131072,0,832,832,524352,64,desired_aiming_directions.xs
89,14,6354143871872,4,64,7472000,524288,131072,0,896,896,524352,64,desired_aiming_directions.ys
89,15,6354144396224,4,64,7996352,524288,131072,0,960,960,524352,64,desired_aiming_directions.zs
89,16,6354144920576,4,64,8520704,524288,131072,0,1024,1024,524352,64,movement_directions.xs
89,17,6354145444928,4,64,9045056,524288,131072,0,1088,1088,524352,64,movement_directions.ys
89,18,6354145969280,4,64,9569408,524288,131072,0,1152,1152,524352,64,movement_directions.zs
89,19,6354146493632,4,64,10093760,524288,131072,0,1216,1216,524352,64,velocities.xs
89,20,6354147017984,4,64,10618112,524288,131072,0,1280,1280,524352,64,velocities.ys
89,21,6354147542336,4,64,11142464,524288,131072,0,1344,1344,524352,64,velocities.zs
89,22,6354148066688,4,64,11666816,524288,131072,0,1408,1408,524352,64,move_distances
89,23,6354148591040,4,64,12191168,524288,131072,0,1472,1472,524352,64,speeds
89,24,6354149115392,1,64,12715520,131072,131072,0,1536,1536,131136,64,teams
89,25,6354149246528,4,64,12846656,524288,131072,0,1600,1600,524352,64,healths
89,26,6354149770880,8,64,13371008,1048576,131072,0,1664,1664,1048640,64,parent_handles
89,27,6354150819520,1,64,14419648,131072,131072,0,1728,1728,131136,64,awareness_scan_countdowns.counters
89,28,6354150950656,2,64,14550784,262144,131072,0,1792,1792,262208,64,navigation_update_countdowns.remaining_ticks
89,29,6354151212864,2,64,14812992,262144,131072,0,1856,1856,262208,64,navigation_update_countdowns.periods
89,30,6354151475072,4,64,15075200,524288,131072,0,1920,1920,524352,64,separation_steering.xs
89,31,6354151999424,4,64,15599552,524288,131072,0,1984,1984,524352,64,separation_steering.ys
89,32,6354152523776,4,64,16123904,524288,131072,0,2048,2048,524352,64,separation_steering.zs
89,33,6354153048128,1,64,16648256,131072,131072,0,2112,2112,131136,64,navigation_risk_tiers
89,34,6354153179264,1,64,16779392,131072,131072,0,2176,2176,131136,64,navigation_lower_risk_scan_counts
89,35,6354153310400,1,64,16910528,131072,131072,0,2240,2240,131136,64,avoidance_choice_indices
89,36,6354153441536,1,64,17041664,131072,131072,0,2304,2304,131136,64,avoidance_clear_scan_counts
89,37,6354153572672,2,64,17172800,262144,131072,0,2368,2368,262208,64,attack_reposition_countdowns.counters
89,38,6354153834880,2,64,17435008,262144,131072,0,2432,2432,262208,64,attack_cooldowns.counters
89,39,6354154097088,8,64,17697216,1048576,131072,0,2496,2496,1048640,64,target_handles
89,40,6354155145728,4,64,18745856,524288,131072,0,2560,2560,524352,64,target_locations.xs
89,41,6354155670080,4,64,19270208,524288,131072,0,2624,2624,524352,64,target_locations.ys
89,42,6354156194432,4,64,19794560,524288,131072,0,2688,2688,524352,64,target_locations.zs
89,43,6354156718784,4,64,20318912,524288,131072,0,2752,2752,524352,64,target_velocities.xs
89,44,6354157243136,4,64,20843264,524288,131072,0,2816,2816,524352,64,target_velocities.ys
89,45,6354157767488,4,64,21367616,524288,131072,0,2880,2880,524352,64,target_velocities.zs
89,46,6354158291840,4,64,21891968,524288,131072,0,2944,2944,524352,64,target_directions.xs
89,47,6354158816192,4,64,22416320,524288,131072,0,3008,3008,524352,64,target_directions.ys
89,48,6354159340544,4,64,22940672,524288,131072,0,3072,3072,524352,64,target_directions.zs
89,49,6354159864896,4,64,23465024,524288,131072,0,3136,3136,524352,64,intercept_times
89,50,6354160389248,4,64,23989376,524288,131072,0,3200,3200,524352,64,target_distance_sq
89,51,6354160913600,4,64,24513728,524288,131072,0,3264,3264,524352,64,target_distances
89,52,6354161437952,4,64,25038080,524288,131072,0,3328,3328,,,target_radii
90,0,2827162943488,8,64,0,600064,75008,0,0,0,600256,192,entity_handles
90,1,2827163543744,4,64,600256,300032,75008,0,2240,10432,300224,192,integral_biases
90,2,2827163843968,4,64,900480,300032,75008,0,3456,48512,300224,192,float_biases
90,3,2827164144192,1,64,1200704,75008,75008,0,576,21056,75200,192,tasks
90,4,2827164219392,4,64,1275904,300032,75008,0,2048,30720,300224,192,locations.xs
90,5,2827164519616,4,64,1576128,300032,75008,0,3264,3264,300224,192,locations.ys
90,6,2827164819840,4,64,1876352,300032,75008,0,384,41344,300224,192,locations.zs
90,7,2827165120064,4,64,2176576,300032,75008,0,1600,13888,300224,192,desired_move_locations.xs
90,8,2827165420288,4,64,2476800,300032,75008,0,2816,51968,300224,192,desired_move_locations.ys
90,9,2827165720512,4,64,2777024,300032,75008,0,4032,24512,300224,192,desired_move_locations.zs
90,10,2827166020736,4,64,3077248,300032,75008,0,1152,62592,300224,192,aim_directions.xs
90,11,2827166320960,4,64,3377472,300032,75008,0,2368,35136,300224,192,aim_directions.ys
90,12,2827166621184,4,64,3677696,300032,75008,0,3584,7680,300224,192,aim_directions.zs
90,13,2827166921408,4,64,3977920,300032,75008,0,704,45760,300224,192,desired_aiming_directions.xs
90,14,2827167221632,4,64,4278144,300032,75008,0,1920,18304,300224,192,desired_aiming_directions.ys
90,15,2827167521856,4,64,4578368,300032,75008,0,3136,56384,300224,192,desired_aiming_directions.zs
90,16,2827167822080,4,64,4878592,300032,75008,0,256,28928,300224,192,movement_directions.xs
90,17,2827168122304,4,64,5178816,300032,75008,0,1472,1472,300224,192,movement_directions.ys
90,18,2827168422528,4,64,5479040,300032,75008,0,2688,39552,300224,192,movement_directions.zs
90,19,2827168722752,4,64,5779264,300032,75008,0,3904,12096,300224,192,velocities.xs
90,20,2827169022976,4,64,6079488,300032,75008,0,1024,50176,300224,192,velocities.ys
90,21,2827169323200,4,64,6379712,300032,75008,0,2240,22720,300224,192,velocities.zs
90,22,2827169623424,4,64,6679936,300032,75008,0,3456,60800,300224,192,move_distances
90,23,2827169923648,4,64,6980160,300032,75008,0,576,33344,300224,192,speeds
90,24,2827170223872,1,64,7280384,75008,75008,0,1792,5888,75200,192,teams
90,25,2827170299072,4,64,7355584,300032,75008,0,3264,15552,300224,192,healths
90,26,2827170599296,8,64,7655808,600064,75008,0,384,53632,600256,192,parent_handles
90,27,2827171199552,1,64,8256064,75008,75008,0,2624,64064,75200,192,awareness_scan_countdowns.counters
90,28,2827171274752,2,64,8331264,150016,75008,0,0,8192,150208,192,navigation_update_countdowns.remaining_ticks
90,29,2827171424960,2,64,8481472,150016,75008,0,2752,27328,150208,192,navigation_update_countdowns.periods
90,30,2827171575168,4,64,8631680,300032,75008,0,1408,46464,300224,192,separation_steering.xs
90,31,2827171875392,4,64,8931904,300032,75008,0,2624,19008,300224,192,separation_steering.ys
90,32,2827172175616,4,64,9232128,300032,75008,0,3840,57088,300224,192,separation_steering.zs
90,33,2827172475840,1,64,9532352,75008,75008,0,960,29632,75200,192,navigation_risk_tiers
90,34,2827172551040,1,64,9607552,75008,75008,0,2432,39296,75200,192,navigation_lower_risk_scan_counts
90,35,2827172626240,1,64,9682752,75008,75008,0,3904,48960,75200,192,avoidance_choice_indices
90,36,2827172701440,1,64,9757952,75008,75008,0,1280,58624,75200,192,avoidance_clear_scan_counts
90,37,2827172776640,2,64,9833152,150016,75008,0,2752,2752,150208,192,attack_reposition_countdowns.counters
90,38,2827172926848,2,64,9983360,150016,75008,0,1408,21888,150208,192,attack_cooldowns.counters
90,39,2827173077056,8,64,10133568,600064,75008,0,64,41024,600256,192,target_handles
90,40,2827173677312,4,64,10733824,300032,75008,0,2304,51456,300224,192,target_locations.xs
90,41,2827173977536,4,64,11034048,300032,75008,0,3520,24000,300224,192,target_locations.ys
90,42,2827174277760,4,64,11334272,300032,75008,0,640,62080,300224,192,target_locations.zs
90,43,2827174577984,4,64,11634496,300032,75008,0,1856,34624,300224,192,target_velocities.xs
90,44,2827174878208,4,64,11934720,300032,75008,0,3072,7168,300224,192,target_velocities.ys
90,45,2827175178432,4,64,12234944,300032,75008,0,192,45248,300224,192,target_velocities.zs
90,46,2827175478656,4,64,12535168,300032,75008,0,1408,17792,300224,192,target_directions.xs
90,47,2827175778880,4,64,12835392,300032,75008,0,2624,55872,300224,192,target_directions.ys
90,48,2827176079104,4,64,13135616,300032,75008,0,3840,28416,300224,192,target_directions.zs
90,49,2827176379328,4,64,13435840,300032,75008,0,960,960,300224,192,intercept_times
90,50,2827176679552,4,64,13736064,300032,75008,0,2176,39040,300224,192,target_distance_sq
90,51,2827176979776,4,64,14036288,300032,75008,0,3392,11584,300224,192,target_distances
90,52,2827177280000,4,64,14336512,300032,75008,0,512,49664,,,target_radii
91,0,5596611543040,8,64,0,1048576,131072,0,0,0,1048576,0,entity_handles
91,1,5596612591616,4,64,1048576,524288,131072,0,0,0,524288,0,integral_biases
91,2,5596613115904,4,64,1572864,524288,131072,0,0,0,524288,0,float_biases
91,3,5596613640192,1,64,2097152,131072,131072,0,0,0,131072,0,tasks
91,4,5596613771264,4,64,2228224,524288,131072,0,0,0,524288,0,locations.xs
91,5,5596614295552,4,64,2752512,524288,131072,0,0,0,524288,0,locations.ys
91,6,5596614819840,4,64,3276800,524288,131072,0,0,0,524288,0,locations.zs
91,7,5596615344128,4,64,3801088,524288,131072,0,0,0,524288,0,desired_move_locations.xs
91,8,5596615868416,4,64,4325376,524288,131072,0,0,0,524288,0,desired_move_locations.ys
91,9,5596616392704,4,64,4849664,524288,131072,0,0,0,524288,0,desired_move_locations.zs
91,10,5596616916992,4,64,5373952,524288,131072,0,0,0,524288,0,aim_directions.xs
91,11,5596617441280,4,64,5898240,524288,131072,0,0,0,524288,0,aim_directions.ys
91,12,5596617965568,4,64,6422528,524288,131072,0,0,0,524288,0,aim_directions.zs
91,13,5596618489856,4,64,6946816,524288,131072,0,0,0,524288,0,desired_aiming_directions.xs
91,14,5596619014144,4,64,7471104,524288,131072,0,0,0,524288,0,desired_aiming_directions.ys
91,15,5596619538432,4,64,7995392,524288,131072,0,0,0,524288,0,desired_aiming_directions.zs
91,16,5596620062720,4,64,8519680,524288,131072,0,0,0,524288,0,movement_directions.xs
91,17,5596620587008,4,64,9043968,524288,131072,0,0,0,524288,0,movement_directions.ys
91,18,5596621111296,4,64,9568256,524288,131072,0,0,0,524288,0,movement_directions.zs
91,19,5596621635584,4,64,10092544,524288,131072,0,0,0,524288,0,velocities.xs
91,20,5596622159872,4,64,10616832,524288,131072,0,0,0,524288,0,velocities.ys
91,21,5596622684160,4,64,11141120,524288,131072,0,0,0,524288,0,velocities.zs
91,22,5596623208448,4,64,11665408,524288,131072,0,0,0,524288,0,move_distances
91,23,5596623732736,4,64,12189696,524288,131072,0,0,0,524288,0,speeds
91,24,5596624257024,1,64,12713984,131072,131072,0,0,0,131072,0,teams
91,25,5596624388096,4,64,12845056,524288,131072,0,0,0,524288,0,healths
91,26,5596624912384,8,64,13369344,1048576,131072,0,0,0,1048576,0,parent_handles
91,27,5596625960960,1,64,14417920,131072,131072,0,0,0,131072,0,awareness_scan_countdowns.counters
91,28,5596626092032,2,64,14548992,262144,131072,0,0,0,262144,0,navigation_update_countdowns.remaining_ticks
91,29,5596626354176,2,64,14811136,262144,131072,0,0,0,262144,0,navigation_update_countdowns.periods
91,30,5596626616320,4,64,15073280,524288,131072,0,0,0,524288,0,separation_steering.xs
91,31,5596627140608,4,64,15597568,524288,131072,0,0,0,524288,0,separation_steering.ys
91,32,5596627664896,4,64,16121856,524288,131072,0,0,0,524288,0,separation_steering.zs
91,33,5596628189184,1,64,16646144,131072,131072,0,0,0,131072,0,navigation_risk_tiers
91,34,5596628320256,1,64,16777216,131072,131072,0,0,0,131072,0,navigation_lower_risk_scan_counts
91,35,5596628451328,1,64,16908288,131072,131072,0,0,0,131072,0,avoidance_choice_indices
91,36,5596628582400,1,64,17039360,131072,131072,0,0,0,131072,0,avoidance_clear_scan_counts
91,37,5596628713472,2,64,17170432,262144,131072,0,0,0,262144,0,attack_reposition_countdowns.counters
91,38,5596628975616,2,64,17432576,262144,131072,0,0,0,262144,0,attack_cooldowns.counters
91,39,5596629237760,8,64,17694720,1048576,131072,0,0,0,1048576,0,target_handles
91,40,5596630286336,4,64,18743296,524288,131072,0,0,0,524288,0,target_locations.xs
91,41,5596630810624,4,64,19267584,524288,131072,0,0,0,524288,0,target_locations.ys
91,42,5596631334912,4,64,19791872,524288,131072,0,0,0,524288,0,target_locations.zs
91,43,5596631859200,4,64,20316160,524288,131072,0,0,0,524288,0,target_velocities.xs
91,44,5596632383488,4,64,20840448,524288,131072,0,0,0,524288,0,target_velocities.ys
91,45,5596632907776,4,64,21364736,524288,131072,0,0,0,524288,0,target_velocities.zs
91,46,5596633432064,4,64,21889024,524288,131072,0,0,0,524288,0,target_directions.xs
91,47,5596633956352,4,64,22413312,524288,131072,0,0,0,524288,0,target_directions.ys
91,48,5596634480640,4,64,22937600,524288,131072,0,0,0,524288,0,target_directions.zs
91,49,5596635004928,4,64,23461888,524288,131072,0,0,0,524288,0,intercept_times
91,50,5596635529216,4,64,23986176,524288,131072,0,0,0,524288,0,target_distance_sq
91,51,5596636053504,4,64,24510464,524288,131072,0,0,0,524288,0,target_distances
91,52,5596636577792,4,64,25034752,524288,131072,0,0,0,,,target_radii
92,0,2702340456448,8,64,0,524800,65600,0,0,0,524992,192,entity_handles
92,1,2702340981440,4,64,524992,262400,65600,0,704,704,262592,192,integral_biases
92,2,2702341244032,4,64,787584,262400,65600,0,1152,1152,262592,192,float_biases
92,3,2702341506624,1,64,1050176,65600,65600,0,1600,1600,65792,192,tasks
92,4,2702341572416,4,64,1115968,262400,65600,0,1856,1856,262592,192,locations.xs
92,5,2702341835008,4,64,1378560,262400,65600,0,2304,2304,262592,192,locations.ys
92,6,2702342097600,4,64,1641152,262400,65600,0,2752,2752,262592,192,locations.zs
92,7,2702342360192,4,64,1903744,262400,65600,0,3200,3200,262592,192,desired_move_locations.xs
92,8,2702342622784,4,64,2166336,262400,65600,0,3648,3648,262592,192,desired_move_locations.ys
92,9,2702342885376,4,64,2428928,262400,65600,0,0,4096,262592,192,desired_move_locations.zs
92,10,2702343147968,4,64,2691520,262400,65600,0,448,4544,262592,192,aim_directions.xs
92,11,2702343410560,4,64,2954112,262400,65600,0,896,4992,262592,192,aim_directions.ys
92,12,2702343673152,4,64,3216704,262400,65600,0,1344,5440,262592,192,aim_directions.zs
92,13,2702343935744,4,64,3479296,262400,65600,0,1792,5888,262592,192,desired_aiming_directions.xs
92,14,2702344198336,4,64,3741888,262400,65600,0,2240,6336,262592,192,desired_aiming_directions.ys
92,15,2702344460928,4,64,4004480,262400,65600,0,2688,6784,262592,192,desired_aiming_directions.zs
92,16,2702344723520,4,64,4267072,262400,65600,0,3136,7232,262592,192,movement_directions.xs
92,17,2702344986112,4,64,4529664,262400,65600,0,3584,7680,262592,192,movement_directions.ys
92,18,2702345248704,4,64,4792256,262400,65600,0,4032,8128,262592,192,movement_directions.zs
92,19,2702345511296,4,64,5054848,262400,65600,0,384,8576,262592,192,velocities.xs
92,20,2702345773888,4,64,5317440,262400,65600,0,832,9024,262592,192,velocities.ys
92,21,2702346036480,4,64,5580032,262400,65600,0,1280,9472,262592,192,velocities.zs
92,22,2702346299072,4,64,5842624,262400,65600,0,1728,9920,262592,192,move_distances
92,23,2702346561664,4,64,6105216,262400,65600,0,2176,10368,262592,192,speeds
92,24,2702346824256,1,64,6367808,65600,65600,0,2624,10816,65792,192,teams
92,25,2702346890048,4,64,6433600,262400,65600,0,2880,11072,262592,192,healths
92,26,2702347152640,8,64,6696192,524800,65600,0,3328,11520,524992,192,parent_handles
92,27,2702347677632,1,64,7221184,65600,65600,0,4032,12224,65792,192,awareness_scan_countdowns.counters
92,28,2702347743424,2,64,7286976,131200,65600,0,192,12480,131392,192,navigation_update_countdowns.remaining_ticks
92,29,2702347874816,2,64,7418368,131200,65600,0,512,12800,131392,192,navigation_update_countdowns.periods
92,30,2702348006208,4,64,7549760,262400,65600,0,832,13120,262592,192,separation_steering.xs
92,31,2702348268800,4,64,7812352,262400,65600,0,1280,13568,262592,192,separation_steering.ys
92,32,2702348531392,4,64,8074944,262400,65600,0,1728,14016,262592,192,separation_steering.zs
92,33,2702348793984,1,64,8337536,65600,65600,0,2176,14464,65792,192,navigation_risk_tiers
92,34,2702348859776,1,64,8403328,65600,65600,0,2432,14720,65792,192,navigation_lower_risk_scan_counts
92,35,2702348925568,1,64,8469120,65600,65600,0,2688,14976,65792,192,avoidance_choice_indices
92,36,2702348991360,1,64,8534912,65600,65600,0,2944,15232,65792,192,avoidance_clear_scan_counts
92,37,2702349057152,2,64,8600704,131200,65600,0,3200,15488,131392,192,attack_reposition_countdowns.counters
92,38,2702349188544,2,64,8732096,131200,65600,0,3520,15808,131392,192,attack_cooldowns.counters
92,39,2702349319936,8,64,8863488,524800,65600,0,3840,16128,524992,192,target_handles
92,40,2702349844928,4,64,9388480,262400,65600,0,448,16832,262592,192,target_locations.xs
92,41,2702350107520,4,64,9651072,262400,65600,0,896,17280,262592,192,target_locations.ys
92,42,2702350370112,4,64,9913664,262400,65600,0,1344,17728,262592,192,target_locations.zs
92,43,2702350632704,4,64,10176256,262400,65600,0,1792,18176,262592,192,target_velocities.xs
92,44,2702350895296,4,64,10438848,262400,65600,0,2240,18624,262592,192,target_velocities.ys
92,45,2702351157888,4,64,10701440,262400,65600,0,2688,19072,262592,192,target_velocities.zs
92,46,2702351420480,4,64,10964032,262400,65600,0,3136,19520,262592,192,target_directions.xs
92,47,2702351683072,4,64,11226624,262400,65600,0,3584,19968,262592,192,target_directions.ys
92,48,2702351945664,4,64,11489216,262400,65600,0,4032,20416,262592,192,target_directions.zs
92,49,2702352208256,4,64,11751808,262400,65600,0,384,20864,262592,192,intercept_times
92,50,2702352470848,4,64,12014400,262400,65600,0,832,21312,262592,192,target_distance_sq
92,51,2702352733440,4,64,12276992,262400,65600,0,1280,21760,262592,192,target_distances
92,52,2702352996032,4,64,12539584,262400,65600,0,1728,22208,,,target_radii
93,0,3453422862336,8,64,0,524288,65536,0,0,0,524288,0,positions0.xs
93,1,3453423386624,8,64,524288,524288,65536,0,0,0,524288,0,positions0.ys
93,2,3453423910912,8,64,1048576,524288,65536,0,0,0,524288,0,positions0.zs
93,3,3453424435200,8,64,1572864,524288,65536,0,0,0,524288,0,velocities0.xs
93,4,3453424959488,8,64,2097152,524288,65536,0,0,0,524288,0,velocities0.ys
93,5,3453425483776,8,64,2621440,524288,65536,0,0,0,524288,0,velocities0.zs
93,6,3453426008064,8,64,3145728,524288,65536,0,0,0,524288,0,positions1.xs
93,7,3453426532352,8,64,3670016,524288,65536,0,0,0,524288,0,positions1.ys
93,8,3453427056640,8,64,4194304,524288,65536,0,0,0,524288,0,positions1.zs
93,9,3453427580928,8,64,4718592,524288,65536,0,0,0,524288,0,velocities1.xs
93,10,3453428105216,8,64,5242880,524288,65536,0,0,0,524288,0,velocities1.ys
93,11,3453428629504,8,64,5767168,524288,65536,0,0,0,524288,0,velocities1.zs
93,12,3453429153792,8,64,6291456,524288,65536,0,0,0,524288,0,positions2.xs
93,13,3453429678080,8,64,6815744,524288,65536,0,0,0,524288,0,positions2.ys
93,14,3453430202368,8,64,7340032,524288,65536,0,0,0,524288,0,positions2.zs
93,15,3453430726656,8,64,7864320,524288,65536,0,0,0,524288,0,velocities2.xs
93,16,3453431250944,8,64,8388608,524288,65536,0,0,0,524288,0,velocities2.ys
93,17,3453431775232,8,64,8912896,524288,65536,0,0,0,524288,0,velocities2.zs
93,18,3453432299520,8,64,9437184,524288,65536,0,0,0,524288,0,positions3.xs
93,19,3453432823808,8,64,9961472,524288,65536,0,0,0,524288,0,positions3.ys
93,20,3453433348096,8,64,10485760,524288,65536,0,0,0,524288,0,positions3.zs
93,21,3453433872384,8,64,11010048,524288,65536,0,0,0,524288,0,velocities3.xs
93,22,3453434396672,8,64,11534336,524288,65536,0,0,0,524288,0,velocities3.ys
93,23,3453434920960,8,64,12058624,524288,65536,0,0,0,,,velocities3.zs
94,0,2632278802432,8,64,0,800256,100032,0,0,0,800448,192,entity_handles
94,1,2632279602880,4,64,800448,400128,100032,0,1728,14016,400320,192,integral_biases
94,2,2632280003200,4,64,1200768,400128,100032,0,640,21120,400320,192,float_biases
94,3,2632280403520,1,64,1601088,100032,100032,0,3648,28224,100224,192,tasks
94,4,2632280503744,4,64,1701312,400128,100032,0,1472,62912,400320,192,locations.xs
94,5,2632280904064,4,64,2101632,400128,100032,0,384,4480,400320,192,locations.ys
94,6,2632281304384,4,64,2501952,400128,100032,0,3392,11584,400320,192,locations.zs
94,7,2632281704704,4,64,2902272,400128,100032,0,2304,18688,400320,192,desired_move_locations.xs
94,8,2632282105024,4,64,3302592,400128,100032,0,1216,25792,400320,192,desired_move_locations.ys
94,9,2632282505344,4,64,3702912,400128,100032,0,128,32896,400320,192,desired_move_locations.zs
94,10,2632282905664,4,64,4103232,400128,100032,0,3136,40000,400320,192,aim_directions.xs
94,11,2632283305984,4,64,4503552,400128,100032,0,2048,47104,400320,192,aim_directions.ys
94,12,2632283706304,4,64,4903872,400128,100032,0,960,54208,400320,192,aim_directions.zs
94,13,2632284106624,4,64,5304192,400128,100032,0,3968,61312,400320,192,desired_aiming_directions.xs
94,14,2632284506944,4,64,5704512,400128,100032,0,2880,2880,400320,192,desired_aiming_directions.ys
94,15,2632284907264,4,64,6104832,400128,100032,0,1792,9984,400320,192,desired_aiming_directions.zs
94,16,2632285307584,4,64,6505152,400128,100032,0,704,17088,400320,192,movement_directions.xs
94,17,2632285707904,4,64,6905472,400128,100032,0,3712,24192,400320,192,movement_directions.ys
94,18,2632286108224,4,64,7305792,400128,100032,0,2624,31296,400320,192,movement_directions.zs
94,19,2632286508544,4,64,7706112,400128,100032,0,1536,38400,400320,192,velocities.xs
94,20,2632286908864,4,64,8106432,400128,100032,0,448,45504,400320,192,velocities.ys
94,21,2632287309184,4,64,8506752,400128,100032,0,3456,52608,400320,192,velocities.zs
94,22,2632287709504,4,64,8907072,400128,100032,0,2368,59712,400320,192,move_distances
94,23,2632288109824,4,64,9307392,400128,100032,0,1280,1280,400320,192,speeds
94,24,2632288510144,1,64,9707712,100032,100032,0,192,8384,100224,192,teams
94,25,2632288610368,4,64,9807936,400128,100032,0,2112,43072,400320,192,healths
94,26,2632289010688,8,64,10208256,800256,100032,0,1024,50176,800448,192,parent_handles
94,27,2632289811136,1,64,11008704,100032,100032,0,2752,64192,100224,192,awareness_scan_countdowns.counters
94,28,2632289911360,2,64,11108928,200064,100032,0,576,33344,200256,192,navigation_update_countdowns.remaining_ticks
94,29,2632290111616,2,64,11309184,200064,100032,0,128,36992,200256,192,navigation_update_countdowns.periods
94,30,2632290311872,4,64,11509440,400128,100032,0,3776,40640,400320,192,separation_steering.xs
94,31,2632290712192,4,64,11909760,400128,100032,0,2688,47744,400320,192,separation_steering.ys
94,32,2632291112512,4,64,12310080,400128,100032,0,1600,54848,400320,192,separation_steering.zs
94,33,2632291512832,1,64,12710400,100032,100032,0,512,61952,100224,192,navigation_risk_tiers
94,34,2632291613056,1,64,12810624,100032,100032,0,2432,31104,100224,192,navigation_lower_risk_scan_counts
94,35,2632291713280,1,64,12910848,100032,100032,0,256,256,100224,192,avoidance_choice_indices
94,36,2632291813504,1,64,13011072,100032,100032,0,2176,34944,100224,192,avoidance_clear_scan_counts
94,37,2632291913728,2,64,13111296,200064,100032,0,0,4096,200256,192,attack_reposition_countdowns.counters
94,38,2632292113984,2,64,13311552,200064,100032,0,3648,7744,200256,192,attack_cooldowns.counters
94,39,2632292314240,8,64,13511808,800256,100032,0,3200,11392,800448,192,target_handles
94,40,2632293114688,4,64,14312256,400128,100032,0,832,25408,400320,192,target_locations.xs
94,41,2632293515008,4,64,14712576,400128,100032,0,3840,32512,400320,192,target_locations.ys
94,42,2632293915328,4,64,15112896,400128,100032,0,2752,39616,400320,192,target_locations.zs
94,43,2632294315648,4,64,15513216,400128,100032,0,1664,46720,400320,192,target_velocities.xs
94,44,2632294715968,4,64,15913536,400128,100032,0,576,53824,400320,192,target_velocities.ys
94,45,2632295116288,4,64,16313856,400128,100032,0,3584,60928,400320,192,target_velocities.zs
94,46,2632295516608,4,64,16714176,400128,100032,0,2496,2496,400320,192,target_directions.xs
94,47,2632295916928,4,64,17114496,400128,100032,0,1408,9600,400320,192,target_directions.ys
94,48,2632296317248,4,64,17514816,400128,100032,0,320,16704,400320,192,target_directions.zs
94,49,2632296717568,4,64,17915136,400128,100032,0,3328,23808,400320,192,intercept_times
94,50,2632297117888,4,64,18315456,400128,100032,0,2240,30912,400320,192,target_distance_sq
94,51,2632297518208,4,64,18715776,400128,100032,0,1152,38016,400320,192,target_distances
94,52,2632297918528,4,64,19116096,400128,100032,0,64,45120,,,target_radii
95,0,5664290111488,4,64,0,262144,65536,0,0,0,262208,64,bundle0.positions
95,1,5664290373696,4,64,262208,262144,65536,0,64,64,262208,64,bundle0.velocities
95,2,5664290635904,32,64,524416,2097152,65536,0,128,128,2097216,64,bundle0.aligned32
95,3,5664292733120,64,64,2621632,4194304,65536,0,192,192,4194368,64,bundle0.aligned64
95,4,5664296927488,256,256,6816000,16777216,65536,0,256,256,16777280,64,bundle0.aligned256
95,5,5664313704768,4,64,23593280,262144,65536,0,320,320,262208,64,bundle1.positions
95,6,5664313966976,4,64,23855488,262144,65536,0,384,384,262208,64,bundle1.velocities
95,7,5664314229184,32,64,24117696,2097152,65536,0,448,448,2097216,64,bundle1.aligned32
95,8,5664316326400,64,64,26214912,4194304,65536,0,512,512,4194560,256,bundle1.aligned64
95,9,5664320520960,256,256,30409472,16777216,65536,0,768,768,16777280,64,bundle1.aligned256
95,10,5664337298240,4,64,47186752,262144,65536,0,832,832,262208,64,bundle2.positions
95,11,5664337560448,4,64,47448960,262144,65536,0,896,896,262208,64,bundle2.velocities
95,12,5664337822656,32,64,47711168,2097152,65536,0,960,960,2097216,64,bundle2.aligned32
95,13,5664339919872,64,64,49808384,4194304,65536,0,1024,1024,4194560,256,bundle2.aligned64
95,14,5664344114432,256,256,54002944,16777216,65536,0,1280,1280,,,bundle2.aligned256
96,0,5450314219520,8,64,0,600064,75008,0,0,0,600256,192,positions0.xs
96,1,5450314819776,8,64,600256,600064,75008,0,2240,10432,600256,192,positions0.ys
96,2,5450315420032,8,64,1200512,600064,75008,0,384,20864,600256,192,positions0.zs
96,3,5450316020288,8,64,1800768,600064,75008,0,2624,31296,600256,192,velocities0.xs
96,4,5450316620544,8,64,2401024,600064,75008,0,768,41728,600256,192,velocities0.ys
96,5,5450317220800,8,64,3001280,600064,75008,0,3008,52160,600256,192,velocities0.zs
96,6,5450317821056,8,64,3601536,600064,75008,0,1152,62592,600256,192,positions1.xs
96,7,5450318421312,8,64,4201792,600064,75008,0,3392,7488,600256,192,positions1.ys
96,8,5450319021568,8,64,4802048,600064,75008,0,1536,17920,600256,192,positions1.zs
96,9,5450319621824,8,64,5402304,600064,75008,0,3776,28352,600256,192,velocities1.xs
96,10,5450320222080,8,64,6002560,600064,75008,0,1920,38784,600256,192,velocities1.ys
96,11,5450320822336,8,64,6602816,600064,75008,0,64,49216,600256,192,velocities1.zs
96,12,5450321422592,8,64,7203072,600064,75008,0,2304,59648,600256,192,positions2.xs
96,13,5450322022848,8,64,7803328,600064,75008,0,448,4544,600256,192,positions2.ys
96,14,5450322623104,8,64,8403584,600064,75008,0,2688,14976,600256,192,positions2.zs
96,15,5450323223360,8,64,9003840,600064,75008,0,832,25408,600256,192,velocities2.xs
96,16,5450323823616,8,64,9604096,600064,75008,0,3072,35840,600256,192,velocities2.ys
96,17,5450324423872,8,64,10204352,600064,75008,0,1216,46272,600256,192,velocities2.zs
96,18,5450325024128,8,64,10804608,600064,75008,0,3456,56704,600256,192,positions3.xs
96,19,5450325624384,8,64,11404864,600064,75008,0,1600,1600,600256,192,positions3.ys
96,20,5450326224640,8,64,12005120,600064,75008,0,3840,12032,600256,192,positions3.zs
96,21,5450326824896,8,64,12605376,600064,75008,0,1984,22464,600256,192,velocities3.xs
96,22,5450327425152,8,64,13205632,600064,75008,0,128,32896,600256,192,velocities3.ys
96,23,5450328025408,8,64,13805888,600064,75008,0,2368,43328,,,velocities3.zs
97,0,4561288822784,4,64,0,262144,65536,0,0,0,262336,192,bundle0.positions
97,1,4561289085120,4,64,262336,262144,65536,0,192,192,262336,192,bundle0.velocities
97,2,4561289347456,32,64,524672,2097152,65536,0,384,384,2097344,192,bundle0.aligned32
97,3,4561291444800,64,64,2622016,4194304,65536,0,576,576,4194496,192,bundle0.aligned64
97,4,4561295639296,256,256,6816512,16777216,65536,0,768,768,16777408,192,bundle0.aligned256
97,5,4561312416704,4,64,23593920,262144,65536,0,960,960,262336,192,bundle1.positions
97,6,4561312679040,4,64,23856256,262144,65536,0,1152,1152,262336,192,bundle1.velocities
97,7,4561312941376,32,64,24118592,2097152,65536,0,1344,1344,2097344,192,bundle1.aligned32
97,8,4561315038720,64,64,26215936,4194304,65536,0,1536,1536,4194560,256,bundle1.aligned64
97,9,4561319233280,256,256,30410496,16777216,65536,0,1792,1792,16777408,192,bundle1.aligned256
97,10,4561336010688,4,64,47187904,262144,65536,0,1984,1984,262336,192,bundle2.positions
97,11,4561336273024,4,64,47450240,262144,65536,0,2176,2176,262336,192,bundle2.velocities
97,12,4561336535360,32,64,47712576,2097152,65536,0,2368,2368,2097344,192,bundle2.aligned32
97,13,4561338632704,64,64,49809920,4194304,65536,0,2560,2560,4194560,256,bundle2.aligned64
97,14,4561342827264,256,256,54004480,16777216,65536,0,2816,2816,,,bundle2.aligned256
98,0,6372658446336,8,64,0,1048576,131072,0,0,0,1048768,192,positions0.xs
98,1,6372659495104,8,64,1048768,1048576,131072,0,192,192,1048768,192,positions0.ys
98,2,6372660543872,8,64,2097536,1048576,131072,0,384,384,1048768,192,positions0.zs
98,3,6372661592640,8,64,3146304,1048576,131072,0,576,576,1048768,192,velocities0.xs
98,4,6372662641408,8,64,4195072,1048576,131072,0,768,768,1048768,192,velocities0.ys
98,5,6372663690176,8,64,5243840,1048576,131072,0,960,960,1048768,192,velocities0.zs
98,6,6372664738944,8,64,6292608,1048576,131072,0,1152,1152,1048768,192,positions1.xs
98,7,6372665787712,8,64,7341376,1048576,131072,0,1344,1344,1048768,192,positions1.ys
98,8,6372666836480,8,64,8390144,1048576,131072,0,1536,1536,1048768,192,positions1.zs
98,9,6372667885248,8,64,9438912,1048576,131072,0,1728,1728,1048768,192,velocities1.xs
98,10,6372668934016,8,64,10487680,1048576,131072,0,1920,1920,1048768,192,velocities1.ys
98,11,6372669982784,8,64,11536448,1048576,131072,0,2112,2112,1048768,192,velocities1.zs
98,12,6372671031552,8,64,12585216,1048576,131072,0,2304,2304,1048768,192,positions2.xs
98,13,6372672080320,8,64,13633984,1048576,131072,0,2496,2496,1048768,192,positions2.ys
98,14,6372673129088,8,64,14682752,1048576,131072,0,2688,2688,1048768,192,positions2.zs
98,15,6372674177856,8,64,15731520,1048576,131072,0,2880,2880,1048768,192,velocities2.xs
98,16,6372675226624,8,64,16780288,1048576,131072,0,3072,3072,1048768,192,velocities2.ys
98,17,6372676275392,8,64,17829056,1048576,131072,0,3264,3264,1048768,192,velocities2.zs
98,18,6372677324160,8,64,18877824,1048576,131072,0,3456,3456,1048768,192,positions3.xs
98,19,6372678372928,8,64,19926592,1048576,131072,0,3648,3648,1048768,192,positions3.ys
98,20,6372679421696,8,64,20975360,1048576,131072,0,3840,3840,1048768,192,positions3.zs
98,21,6372680470464,8,64,22024128,1048576,131072,0,4032,4032,1048768,192,velocities3.xs
98,22,6372681519232,8,64,23072896,1048576,131072,0,128,4224,1048768,192,velocities3.ys
98,23,6372682568000,8,64,24121664,1048576,131072,0,320,4416,,,velocities3.zs
99,0,2450312396800,4,64,0,262144,65536,0,0,0,262208,64,bundle0.positions
99,1,2450312659008,4,64,262208,262144,65536,0,64,64,262208,64,bundle0.velocities
99,2,2450312921216,32,64,524416,2097152,65536,0,128,128,2097216,64,bundle0.aligned32
99,3,2450315018432,64,64,2621632,4194304,65536,0,192,192,4194368,64,bundle0.aligned64
99,4,2450319212800,256,256,6816000,16777216,65536,0,256,256,16777280,64,bundle0.aligned256
99,5,2450335990080,4,64,23593280,262144,65536,0,320,320,262208,64,bundle1.positions
99,6,2450336252288,4,64,23855488,262144,65536,0,384,384,262208,64,bundle1.velocities
99,7,2450336514496,32,64,24117696,2097152,65536,0,448,448,2097216,64,bundle1.aligned32
99,8,2450338611712,64,64,26214912,4194304,65536,0,512,512,4194560,256,bundle1.aligned64
99,9,2450342806272,256,256,30409472,16777216,65536,0,768,768,16777280,64,bundle1.aligned256
99,10,2450359583552,4,64,47186752,262144,65536,0,832,832,262208,64,bundle2.positions
99,11,2450359845760,4,64,47448960,262144,65536,0,896,896,262208,64,bundle2.velocities
99,12,2450360107968,32,64,47711168,2097152,65536,0,960,960,2097216,64,bundle2.aligned32
99,13,2450362205184,64,64,49808384,4194304,65536,0,1024,1024,4194560,256,bundle2.aligned64
99,14,2450366399744,256,256,54002944,16777216,65536,0,1280,1280,,,bundle2.aligned256
100,0,5166309507072,8,64,0,600064,75008,0,0,0,600128,64,entity_handles
100,1,5166310107200,4,64,600128,300032,75008,0,2112,10304,300096,64,integral_biases
100,2,5166310407296,4,64,900224,300032,75008,0,3200,48256,300096,64,float_biases
100,3,5166310707392,1,64,1200320,75008,75008,0,192,20672,75072,64,tasks
100,4,5166310782464,4,64,1275392,300032,75008,0,1536,30208,300096,64,locations.xs
100,5,5166311082560,4,64,1575488,300032,75008,0,2624,2624,300096,64,locations.ys
100,6,5166311382656,4,64,1875584,300032,75008,0,3712,40576,300096,64,locations.zs
100,7,5166311682752,4,64,2175680,300032,75008,0,704,12992,300096,64,desired_move_locations.xs
100,8,5166311982848,4,64,2475776,300032,75008,0,1792,50944,300096,64,desired_move_locations.ys
100,9,5166312282944,4,64,2775872,300032,75008,0,2880,23360,300096,64,desired_move_locations.zs
100,10,5166312583040,4,64,3075968,300032,75008,0,3968,61312,300096,64,aim_directions.xs
100,11,5166312883136,4,64,3376064,300032,75008,0,960,33728,300096,64,aim_directions.ys
100,12,5166313183232,4,64,3676160,300032,75008,0,2048,6144,300096,64,aim_directions.zs
100,13,5166313483328,4,64,3976256,300032,75008,0,3136,44096,300096,64,desired_aiming_directions.xs
100,14,5166313783424,4,64,4276352,300032,75008,0,128,16512,300096,64,desired_aiming_directions.ys
100,15,5166314083520,4,64,4576448,300032,75008,0,1216,54464,300096,64,desired_aiming_directions.zs
100,16,5166314383616,4,64,4876544,300032,75008,0,2304,26880,300096,64,movement_directions.xs
100,17,5166314683712,4,64,5176640,300032,75008,0,3392,64832,300096,64,movement_directions.ys
100,18,5166314983808,4,64,5476736,300032,75008,0,384,37248,300096,64,movement_directions.zs
100,19,5166315283904,4,64,5776832,300032,75008,0,1472,9664,300096,64,velocities.xs
100,20,5166315584000,4,64,6076928,300032,75008,0,2560,47616,300096,64,velocities.ys
100,21,5166315884096,4,64,6377024,300032,75008,0,3648,20032,300096,64,velocities.zs
100,22,5166316184192,4,64,6677120,300032,75008,0,640,57984,300096,64,move_distances
100,23,5166316484288,4,64,6977216,300032,75008,0,1728,30400,300096,64,speeds
100,24,5166316784384,1,64,7277312,75008,75008,0,2816,2816,75072,64,teams
100,25,5166316859456,4,64,7352384,300032,75008,0,64,12352,300096,64,healths
100,26,5166317159552,8,64,7652480,600064,75008,0,1152,50304,600128,64,parent_handles
100,27,5166317759680,1,64,8252608,75008,75008,0,3264,60608,75072,64,awareness_scan_countdowns.counters
100,28,5166317834752,2,64,8327680,150016,75008,0,512,4608,150080,64,navigation_update_countdowns.remaining_ticks
100,29,5166317984832,2,64,8477760,150016,75008,0,3136,23616,150080,64,navigation_update_countdowns.periods
100,30,5166318134912,4,64,8627840,300032,75008,0,1664,42624,300096,64,separation_steering.xs
100,31,5166318435008,4,64,8927936,300032,75008,0,2752,15040,300096,64,separation_steering.ys
100,32,5166318735104,4,64,9228032,300032,75008,0,3840,52992,300096,64,separation_steering.zs
100,33,5166319035200,1,64,9528128,75008,75008,0,832,25408,75072,64,navigation_risk_tiers
100,34,5166319110272,1,64,9603200,75008,75008,0,2176,34944,75072,64,navigation_lower_risk_scan_counts
100,35,5166319185344,1,64,9678272,75008,75008,0,3520,44480,75072,64,avoidance_choice_indices
100,36,5166319260416,1,64,9753344,75008,75008,0,768,54016,75072,64,avoidance_clear_scan_counts
100,37,5166319335488,2,64,9828416,150016,75008,0,2112,63552,150080,64,attack_reposition_countdowns.counters
100,38,5166319485568,2,64,9978496,150016,75008,0,640,17024,150080,64,attack_cooldowns.counters
100,39,5166319635648,8,64,10128576,600064,75008,0,3264,36032,600128,64,target_handles
100,40,5166320235776,4,64,10728704,300032,75008,0,1280,46336,300096,64,target_locations.xs
100,41,5166320535872,4,64,11028800,300032,75008,0,2368,18752,300096,64,target_locations.ys
100,42,5166320835968,4,64,11328896,300032,75008,0,3456,56704,300096,64,target_locations.zs
100,43,5166321136064,4,64,11628992,300032,75008,0,448,29120,300096,64,target_velocities.xs
100,44,5166321436160,4,64,11929088,300032,75008,0,1536,1536,300096,64,target_velocities.ys
100,45,5166321736256,4,64,12229184,300032,75008,0,2624,39488,300096,64,target_velocities.zs
100,46,5166322036352,4,64,12529280,300032,75008,0,3712,11904,300096,64,target_directions.xs
100,47,5166322336448,4,64,12829376,300032,75008,0,704,49856,300096,64,target_directions.ys
100,48,5166322636544,4,64,13129472,300032,75008,0,1792,22272,300096,64,target_directions.zs
100,49,5166322936640,4,64,13429568,300032,75008,0,2880,60224,300096,64,intercept_times
100,50,5166323236736,4,64,13729664,300032,75008,0,3968,32640,300096,64,target_distance_sq
100,51,5166323536832,4,64,14029760,300032,75008,0,960,5056,300096,64,target_distances
100,52,5166323836928,4,64,14329856,300032,75008,0,2048,43008,,,target_radii
101,0,6225824251904,8,64,0,524288,65536,0,0,0,524352,64,positions0.xs
101,1,6225824776256,8,64,524352,524288,65536,0,64,64,524352,64,positions0.ys
101,2,6225825300608,8,64,1048704,524288,65536,0,128,128,524352,64,positions0.zs
101,3,6225825824960,8,64,1573056,524288,65536,0,192,192,524352,64,velocities0.xs
101,4,6225826349312,8,64,2097408,524288,65536,0,256,256,524352,64,velocities0.ys
101,5,6225826873664,8,64,2621760,524288,65536,0,320,320,524352,64,velocities0.zs
101,6,6225827398016,8,64,3146112,524288,65536,0,384,384,524352,64,positions1.xs
101,7,6225827922368,8,64,3670464,524288,65536,0,448,448,524352,64,positions1.ys
101,8,6225828446720,8,64,4194816,524288,65536,0,512,512,524352,64,positions1.zs
101,9,6225828971072,8,64,4719168,524288,65536,0,576,576,524352,64,velocities1.xs
101,10,6225829495424,8,64,5243520,524288,65536,0,640,640,524352,64,velocities1.ys
101,11,6225830019776,8,64,5767872,524288,65536,0,704,704,524352,64,velocities1.zs
101,12,6225830544128,8,64,6292224,524288,65536,0,768,768,524352,64,positions2.xs
101,13,6225831068480,8,64,6816576,524288,65536,0,832,832,524352,64,positions2.ys
101,14,6225831592832,8,64,7340928,524288,65536,0,896,896,524352,64,positions2.zs
101,15,6225832117184,8,64,7865280,524288,65536,0,960,960,524352,64,velocities2.xs
101,16,6225832641536,8,64,8389632,524288,65536,0,1024,1024,524352,64,velocities2.ys
101,17,6225833165888,8,64,8913984,524288,65536,0,1088,1088,524352,64,velocities2.zs
101,18,6225833690240,8,64,9438336,524288,65536,0,1152,1152,524352,64,positions3.xs
101,19,6225834214592,8,64,9962688,524288,65536,0,1216,1216,524352,64,positions3.ys
101,20,6225834738944,8,64,10487040,524288,65536,0,1280,1280,524352,64,positions3.zs
101,21,6225835263296,8,64,11011392,524288,65536,0,1344,1344,524352,64,velocities3.xs
101,22,6225835787648,8,64,11535744,524288,65536,0,1408,1408,524352,64,velocities3.ys
101,23,6225836312000,8,64,12060096,524288,65536,0,1472,1472,,,velocities3.zs
102,0,5674726260736,8,64,0,524288,65536,0,0,0,524288,0,entity_handles
102,1,5674726785024,4,64,524288,262144,65536,0,0,0,262144,0,integral_biases
102,2,5674727047168,4,64,786432,262144,65536,0,0,0,262144,0,float_biases
102,3,5674727309312,1,64,1048576,65536,65536,0,0,0,65536,0,tasks
102,4,5674727374848,4,64,1114112,262144,65536,0,0,0,262144,0,locations.xs
102,5,5674727636992,4,64,1376256,262144,65536,0,0,0,262144,0,locations.ys
102,6,5674727899136,4,64,1638400,262144,65536,0,0,0,262144,0,locations.zs
102,7,5674728161280,4,64,1900544,262144,65536,0,0,0,262144,0,desired_move_locations.xs
102,8,5674728423424,4,64,2162688,262144,65536,0,0,0,262144,0,desired_move_locations.ys
102,9,5674728685568,4,64,2424832,262144,65536,0,0,0,262144,0,desired_move_locations.zs
102,10,5674728947712,4,64,2686976,262144,65536,0,0,0,262144,0,aim_directions.xs
102,11,5674729209856,4,64,2949120,262144,65536,0,0,0,262144,0,aim_directions.ys
102,12,5674729472000,4,64,3211264,262144,65536,0,0,0,262144,0,aim_directions.zs
102,13,5674729734144,4,64,3473408,262144,65536,0,0,0,262144,0,desired_aiming_directions.xs
102,14,5674729996288,4,64,3735552,262144,65536,0,0,0,262144,0,desired_aiming_directions.ys
102,15,5674730258432,4,64,3997696,262144,65536,0,0,0,262144,0,desired_aiming_directions.zs
102,16,5674730520576,4,64,4259840,262144,65536,0,0,0,262144,0,movement_directions.xs
102,17,5674730782720,4,64,4521984,262144,65536,0,0,0,262144,0,movement_directions.ys
102,18,5674731044864,4,64,4784128,262144,65536,0,0,0,262144,0,movement_directions.zs
102,19,5674731307008,4,64,5046272,262144,65536,0,0,0,262144,0,velocities.xs
102,20,5674731569152,4,64,5308416,262144,65536,0,0,0,262144,0,velocities.ys
102,21,5674731831296,4,64,5570560,262144,65536,0,0,0,262144,0,velocities.zs
102,22,5674732093440,4,64,5832704,262144,65536,0,0,0,262144,0,move_distances
102,23,5674732355584,4,64,6094848,262144,65536,0,0,0,262144,0,speeds
102,24,5674732617728,1,64,6356992,65536,65536,0,0,0,65536,0,teams
102,25,5674732683264,4,64,6422528,262144,65536,0,0,0,262144,0,healths
102,26,5674732945408,8,64,6684672,524288,65536,0,0,0,524288,0,parent_handles
102,27,5674733469696,1,64,7208960,65536,65536,0,0,0,65536,0,awareness_scan_countdowns.counters
102,28,5674733535232,2,64,7274496,131072,65536,0,0,0,131072,0,navigation_update_countdowns.remaining_ticks
102,29,5674733666304,2,64,7405568,131072,65536,0,0,0,131072,0,navigation_update_countdowns.periods
102,30,5674733797376,4,64,7536640,262144,65536,0,0,0,262144,0,separation_steering.xs
102,31,5674734059520,4,64,7798784,262144,65536,0,0,0,262144,0,separation_steering.ys
102,32,5674734321664,4,64,8060928,262144,65536,0,0,0,262144,0,separation_steering.zs
102,33,5674734583808,1,64,8323072,65536,65536,0,0,0,65536,0,navigation_risk_tiers
102,34,5674734649344,1,64,8388608,65536,65536,0,0,0,65536,0,navigation_lower_risk_scan_counts
102,35,5674734714880,1,64,8454144,65536,65536,0,0,0,65536,0,avoidance_choice_indices
102,36,5674734780416,1,64,8519680,65536,65536,0,0,0,65536,0,avoidance_clear_scan_counts
102,37,5674734845952,2,64,8585216,131072,65536,0,0,0,131072,0,attack_reposition_countdowns.counters
102,38,5674734977024,2,64,8716288,131072,65536,0,0,0,131072,0,attack_cooldowns.counters
102,39,5674735108096,8,64,8847360,524288,65536,0,0,0,524288,0,target_handles
102,40,5674735632384,4,64,9371648,262144,65536,0,0,0,262144,0,target_locations.xs
102,41,5674735894528,4,64,9633792,262144,65536,0,0,0,262144,0,target_locations.ys
102,42,5674736156672,4,64,9895936,262144,65536,0,0,0,262144,0,target_locations.zs
102,43,5674736418816,4,64,10158080,262144,65536,0,0,0,262144,0,target_velocities.xs
102,44,5674736680960,4,64,10420224,262144,65536,0,0,0,262144,0,target_velocities.ys
102,45,5674736943104,4,64,10682368,262144,65536,0,0,0,262144,0,target_velocities.zs
102,46,5674737205248,4,64,10944512,262144,65536,0,0,0,262144,0,target_directions.xs
102,47,5674737467392,4,64,11206656,262144,65536,0,0,0,262144,0,target_directions.ys
102,48,5674737729536,4,64,11468800,262144,65536,0,0,0,262144,0,target_directions.zs
102,49,5674737991680,4,64,11730944,262144,65536,0,0,0,262144,0,intercept_times
102,50,5674738253824,4,64,11993088,262144,65536,0,0,0,262144,0,target_distance_sq
102,51,5674738515968,4,64,12255232,262144,65536,0,0,0,262144,0,target_distances
102,52,5674738778112,4,64,12517376,262144,65536,0,0,0,,,target_radii
103,0,2455916707840,8,64,0,524288,65536,0,0,0,524480,192,entity_handles
103,1,2455917232320,4,64,524480,262144,65536,0,192,192,262336,192,integral_biases
103,2,2455917494656,4,64,786816,262144,65536,0,384,384,262336,192,float_biases
103,3,2455917756992,1,64,1049152,65536,65536,0,576,576,65728,192,tasks
103,4,2455917822720,4,64,1114880,262144,65536,0,768,768,262336,192,locations.xs
103,5,2455918085056,4,64,1377216,262144,65536,0,960,960,262336,192,locations.ys
103,6,2455918347392,4,64,1639552,262144,65536,0,1152,1152,262336,192,locations.zs
103,7,2455918609728,4,64,1901888,262144,65536,0,1344,1344,262336,192,desired_move_locations.xs
103,8,2455918872064,4,64,2164224,262144,65536,0,1536,1536,262336,192,desired_move_locations.ys
103,9,2455919134400,4,64,2426560,262144,65536,0,1728,1728,262336,192,desired_move_locations.zs
103,10,2455919396736,4,64,2688896,262144,65536,0,1920,1920,262336,192,aim_directions.xs
103,11,2455919659072,4,64,2951232,262144,65536,0,2112,2112,262336,192,aim_directions.ys
103,12,2455919921408,4,64,3213568,262144,65536,0,2304,2304,262336,192,aim_directions.zs
103,13,2455920183744,4,64,3475904,262144,65536,0,2496,2496,262336,192,desired_aiming_directions.xs
103,14,2455920446080,4,64,3738240,262144,65536,0,2688,2688,262336,192,desired_aiming_directions.ys
103,15,2455920708416,4,64,4000576,262144,65536,0,2880,2880,262336,192,desired_aiming_directions.zs
103,16,2455920970752,4,64,4262912,262144,65536,0,3072,3072,262336,192,movement_directions.xs
103,17,2455921233088,4,64,4525248,262144,65536,0,3264,3264,262336,192,movement_directions.ys
103,18,2455921495424,4,64,4787584,262144,65536,0,3456,3456,262336,192,movement_directions.zs
103,19,2455921757760,4,64,5049920,262144,65536,0,3648,3648,262336,192,velocities.xs
103,20,2455922020096,4,64,5312256,262144,65536,0,3840,3840,262336,192,velocities.ys
103,21,2455922282432,4,64,5574592,262144,65536,0,4032,4032,262336,192,velocities.zs
103,22,2455922544768,4,64,5836928,262144,65536,0,128,4224,262336,192,move_distances
103,23,2455922807104,4,64,6099264,262144,65536,0,320,4416,262336,192,speeds
103,24,2455923069440,1,64,6361600,65536,65536,0,512,4608,65728,192,teams
103,25,2455923135168,4,64,6427328,262144,65536,0,704,4800,262336,192,healths
103,26,2455923397504,8,64,6689664,524288,65536,0,896,4992,524480,192,parent_handles
103,27,2455923921984,1,64,7214144,65536,65536,0,1088,5184,65728,192,awareness_scan_countdowns.counters
103,28,2455923987712,2,64,7279872,131072,65536,0,1280,5376,131264,192,navigation_update_countdowns.remaining_ticks
103,29,2455924118976,2,64,7411136,131072,65536,0,1472,5568,131264,192,navigation_update_countdowns.periods
103,30,2455924250240,4,64,7542400,262144,65536,0,1664,5760,262336,192,separation_steering.xs
103,31,2455924512576,4,64,7804736,262144,65536,0,1856,5952,262336,192,separation_steering.ys
103,32,2455924774912,4,64,8067072,262144,65536,0,2048,6144,262336,192,separation_steering.zs
103,33,2455925037248,1,64,8329408,65536,65536,0,2240,6336,65728,192,navigation_risk_tiers
103,34,2455925102976,1,64,8395136,65536,65536,0,2432,6528,65728,192,navigation_lower_risk_scan_counts
103,35,2455925168704,1,64,8460864,65536,65536,0,2624,6720,65728,192,avoidance_choice_indices
103,36,2455925234432,1,64,8526592,65536,65536,0,2816,6912,65728,192,avoidance_clear_scan_counts
103,37,2455925300160,2,64,8592320,131072,65536,0,3008,7104,131264,192,attack_reposition_countdowns.counters
103,38,2455925431424,2,64,8723584,131072,65536,0,3200,7296,131264,192,attack_cooldowns.counters
103,39,2455925562688,8,64,8854848,524288,65536,0,3392,7488,524480,192,target_handles
103,40,2455926087168,4,64,9379328,262144,65536,0,3584,7680,262336,192,target_locations.xs
103,41,2455926349504,4,64,9641664,262144,65536,0,3776,7872,262336,192,target_locations.ys
103,42,2455926611840,4,64,9904000,262144,65536,0,3968,8064,262336,192,target_locations.zs
103,43,2455926874176,4,64,10166336,262144,65536,0,64,8256,262336,192,target_velocities.xs
103,44,2455927136512,4,64,10428672,262144,65536,0,256,8448,262336,192,target_velocities.ys
103,45,2455927398848,4,64,10691008,262144,65536,0,448,8640,262336,192,target_velocities.zs
103,46,2455927661184,4,64,10953344,262144,65536,0,640,8832,262336,192,target_directions.xs
103,47,2455927923520,4,64,11215680,262144,65536,0,832,9024,262336,192,target_directions.ys
103,48,2455928185856,4,64,11478016,262144,65536,0,1024,9216,262336,192,target_directions.zs
103,49,2455928448192,4,64,11740352,262144,65536,0,1216,9408,262336,192,intercept_times
103,50,2455928710528,4,64,12002688,262144,65536,0,1408,9600,262336,192,target_distance_sq
103,51,2455928972864,4,64,12265024,262144,65536,0,1600,9792,262336,192,target_distances
103,52,2455929235200,4,64,12527360,262144,65536,0,1792,9984,,,target_radii
104,0,2738310807552,1,64,0,75008,75008,0,0,0,75200,192,bundle0.flags
104,1,2738310882752,2,64,75200,150016,75008,0,1472,9664,150208,192,bundle0.counters
104,2,2738311032960,4,64,225408,300032,75008,0,128,28800,300224,192,bundle0.counts
104,3,2738311333184,8,64,525632,600064,75008,0,1344,1344,600256,192,bundle0.totals
104,4,2738311933440,3,64,1125888,225024,75008,0,3584,11776,225216,192,bundle0.payloads
104,5,2738312158656,4,64,1351104,300032,75008,0,3520,40384,300224,192,bundle0.values
104,6,2738312458880,8,64,1651328,600064,75008,0,640,12928,600256,192,bundle0.rates
104,7,2738313059136,1,64,2251584,75008,75008,0,2880,23360,75200,192,bundle1.flags
104,8,2738313134336,2,64,2326784,150016,75008,0,256,33024,150208,192,bundle1.counters
104,9,2738313284544,4,64,2476992,300032,75008,0,3008,52160,300224,192,bundle1.counts
104,10,2738313584768,8,64,2777216,600064,75008,0,128,24704,600256,192,bundle1.totals
104,11,2738314185024,3,64,3377472,225024,75008,0,2368,35136,225216,192,bundle1.payloads
104,12,2738314410240,4,64,3602688,300032,75008,0,2304,63744,300224,192,bundle1.values
104,13,2738314710464,8,64,3902912,600064,75008,0,3520,36288,600256,192,bundle1.rates
104,14,2738315310720,1,64,4503168,75008,75008,0,1664,46720,75200,192,bundle2.flags
104,15,2738315385920,2,64,4578368,150016,75008,0,3136,56384,150208,192,bundle2.counters
104,16,2738315536128,4,64,4728576,300032,75008,0,1792,9984,300224,192,bundle2.counts
104,17,2738315836352,8,64,5028800,600064,75008,0,3008,48064,600256,192,bundle2.totals
104,18,2738316436608,3,64,5629056,225024,75008,0,1152,58496,225216,192,bundle2.payloads
104,19,2738316661824,4,64,5854272,300032,75008,0,1088,21568,300224,192,bundle2.values
104,20,2738316962048,8,64,6154496,600064,75008,0,2304,59648,600256,192,bundle2.rates
104,21,2738317562304,1,64,6754752,75008,75008,0,448,4544,75200,192,bundle3.flags
104,22,2738317637504,2,64,6829952,150016,75008,0,1920,14208,150208,192,bundle3.counters
104,23,2738317787712,4,64,6980160,300032,75008,0,576,33344,300224,192,bundle3.counts
104,24,2738318087936,8,64,7280384,600064,75008,0,1792,5888,600256,192,bundle3.totals
104,25,2738318688192,3,64,7880640,225024,75008,0,4032,16320,225216,192,bundle3.payloads
104,26,2738318913408,4,64,8105856,300032,75008,0,3968,44928,300224,192,bundle3.values
104,27,2738319213632,8,64,8406080,600064,75008,0,1088,17472,600256,192,bundle3.rates
104,28,2738319813888,1,64,9006336,75008,75008,0,3328,27904,75200,192,bundle4.flags
104,29,2738319889088,2,64,9081536,150016,75008,0,704,37568,150208,192,bundle4.counters
104,30,2738320039296,4,64,9231744,300032,75008,0,3456,56704,300224,192,bundle4.counts
104,31,2738320339520,8,64,9531968,600064,75008,0,576,29248,600256,192,bundle4.totals
104,32,2738320939776,3,64,10132224,225024,75008,0,2816,39680,225216,192,bundle4.payloads
104,33,2738321164992,4,64,10357440,300032,75008,0,2752,2752,300224,192,bundle4.values
104,34,2738321465216,8,64,10657664,600064,75008,0,3968,40832,600256,192,bundle4.rates
104,35,2738322065472,1,64,11257920,75008,75008,0,2112,51264,75200,192,bundle5.flags
104,36,2738322140672,2,64,11333120,150016,75008,0,3584,60928,150208,192,bundle5.counters
104,37,2738322290880,4,64,11483328,300032,75008,0,2240,14528,300224,192,bundle5.counts
104,38,2738322591104,8,64,11783552,600064,75008,0,3456,52608,600256,192,bundle5.totals
104,39,2738323191360,3,64,12383808,225024,75008,0,1600,63040,225216,192,bundle5.payloads
104,40,2738323416576,4,64,12609024,300032,75008,0,1536,26112,300224,192,bundle5.values
104,41,2738323716800,8,64,12909248,600064,75008,0,2752,64192,,,bundle5.rates
105,0,4233260695552,4,64,0,524288,131072,0,0,0,524288,0,bundle0.positions
105,1,4233261219840,4,64,524288,524288,131072,0,0,0,524288,0,bundle0.velocities
105,2,4233261744128,32,64,1048576,4194304,131072,0,0,0,4194304,0,bundle0.aligned32
105,3,4233265938432,64,64,5242880,8388608,131072,0,0,0,8388608,0,bundle0.aligned64
105,4,4233274327040,256,256,13631488,33554432,131072,0,0,0,33554432,0,bundle0.aligned256
105,5,4233307881472,4,64,47185920,524288,131072,0,0,0,524288,0,bundle1.positions
105,6,4233308405760,4,64,47710208,524288,131072,0,0,0,524288,0,bundle1.velocities
105,7,4233308930048,32,64,48234496,4194304,131072,0,0,0,4194304,0,bundle1.aligned32
105,8,4233313124352,64,64,52428800,8388608,131072,0,0,0,8388608,0,bundle1.aligned64
105,9,4233321512960,256,256,60817408,33554432,131072,0,0,0,33554432,0,bundle1.aligned256
105,10,4233355067392,4,64,94371840,524288,131072,0,0,0,524288,0,bundle2.positions
105,11,4233355591680,4,64,94896128,524288,131072,0,0,0,524288,0,bundle2.velocities
105,12,4233356115968,32,64,95420416,4194304,131072,0,0,0,4194304,0,bundle2.aligned32
105,13,4233360310272,64,64,99614720,8388608,131072,0,0,0,8388608,0,bundle2.aligned64
105,14,4233368698880,256,256,108003328,33554432,131072,0,0,0,,,bundle2.aligned256
106,0,5434208092160,1,64,0,75008,75008,0,0,0,75072,64,bundle0.flags
106,1,5434208167232,2,64,75072,150016,75008,0,1344,9536,150080,64,bundle0.counters
106,2,5434208317312,4,64,225152,300032,75008,0,3968,28544,300096,64,bundle0.counts
106,3,5434208617408,8,64,525248,600064,75008,0,960,960,600128,64,bundle0.totals
106,4,5434209217536,3,64,1125376,225024,75008,0,3072,11264,225088,64,bundle0.payloads
106,5,5434209442624,4,64,1350464,300032,75008,0,2880,39744,300096,64,bundle0.values
106,6,5434209742720,8,64,1650560,600064,75008,0,3968,12160,600128,64,bundle0.rates
106,7,5434210342848,1,64,2250688,75008,75008,0,1984,22464,75072,64,bundle1.flags
106,8,5434210417920,2,64,2325760,150016,75008,0,3328,32000,150080,64,bundle1.counters
106,9,5434210568000,4,64,2475840,300032,75008,0,1856,51008,300096,64,bundle1.counts
106,10,5434210868096,8,64,2775936,600064,75008,0,2944,23424,600128,64,bundle1.totals
106,11,5434211468224,3,64,3376064,225024,75008,0,960,33728,225088,64,bundle1.payloads
106,12,5434211693312,4,64,3601152,300032,75008,0,768,62208,300096,64,bundle1.values
106,13,5434211993408,8,64,3901248,600064,75008,0,1856,34624,600128,64,bundle1.rates
106,14,5434212593536,1,64,4501376,75008,75008,0,3968,44928,75072,64,bundle2.flags
106,15,5434212668608,2,64,4576448,150016,75008,0,1216,54464,150080,64,bundle2.counters
106,16,5434212818688,4,64,4726528,300032,75008,0,3840,7936,300096,64,bundle2.counts
106,17,5434213118784,8,64,5026624,600064,75008,0,832,45888,600128,64,bundle2.totals
106,18,5434213718912,3,64,5626752,225024,75008,0,2944,56192,225088,64,bundle2.payloads
106,19,5434213944000,4,64,5851840,300032,75008,0,2752,19136,300096,64,bundle2.values
106,20,5434214244096,8,64,6151936,600064,75008,0,3840,57088,600128,64,bundle2.rates
106,21,5434214844224,1,64,6752064,75008,75008,0,1856,1856,75072,64,bundle3.flags
106,22,5434214919296,2,64,6827136,150016,75008,0,3200,11392,150080,64,bundle3.counters
106,23,5434215069376,4,64,6977216,300032,75008,0,1728,30400,300096,64,bundle3.counts
106,24,5434215369472,8,64,7277312,600064,75008,0,2816,2816,600128,64,bundle3.totals
106,25,5434215969600,3,64,7877440,225024,75008,0,832,13120,225088,64,bundle3.payloads
106,26,5434216194688,4,64,8102528,300032,75008,0,640,41600,300096,64,bundle3.values
106,27,5434216494784,8,64,8402624,600064,75008,0,1728,14016,600128,64,bundle3.rates
106,28,5434217094912,1,64,9002752,75008,75008,0,3840,24320,75072,64,bundle4.flags
106,29,5434217169984,2,64,9077824,150016,75008,0,1088,33856,150080,64,bundle4.counters
106,30,5434217320064,4,64,9227904,300032,75008,0,3712,52864,300096,64,bundle4.counts
106,31,5434217620160,8,64,9528000,600064,75008,0,704,25280,600128,64,bundle4.totals
106,32,5434218220288,3,64,10128128,225024,75008,0,2816,35584,225088,64,bundle4.payloads
106,33,5434218445376,4,64,10353216,300032,75008,0,2624,64064,300096,64,bundle4.values
106,34,5434218745472,8,64,10653312,600064,75008,0,3712,36480,600128,64,bundle4.rates
106,35,5434219345600,1,64,11253440,75008,75008,0,1728,46784,75072,64,bundle5.flags
106,36,5434219420672,2,64,11328512,150016,75008,0,3072,56320,150080,64,bundle5.counters
106,37,5434219570752,4,64,11478592,300032,75008,0,1600,9792,300096,64,bundle5.counts
106,38,5434219870848,8,64,11778688,600064,75008,0,2688,47744,600128,64,bundle5.totals
106,39,5434220470976,3,64,12378816,225024,75008,0,704,58048,225088,64,bundle5.payloads
106,40,5434220696064,4,64,12603904,300032,75008,0,512,20992,300096,64,bundle5.values
106,41,5434220996160,8,64,12904000,600064,75008,0,1600,58944,,,bundle5.rates
107,0,2906652672000,4,64,0,300032,75008,0,0,0,300096,64,bundle0.positions
107,1,2906652972096,4,64,300096,300032,75008,0,1088,37952,300096,64,bundle0.velocities
107,2,2906653272192,32,64,600192,2400256,75008,0,2176,10368,2400320,64,bundle0.aligned32
107,3,2906655672512,64,64,3000512,4800512,75008,0,2240,51392,4800576,64,bundle0.aligned64
107,4,2906660473088,256,256,7801088,19202048,75008,0,2304,2304,19202112,64,bundle0.aligned256
107,5,2906679675200,4,64,27003200,300032,75008,0,2368,2368,300096,64,bundle1.positions
107,6,2906679975296,4,64,27303296,300032,75008,0,3456,40320,300096,64,bundle1.velocities
107,7,2906680275392,32,64,27603392,2400256,75008,0,448,12736,2400320,64,bundle1.aligned32
107,8,2906682675712,64,64,30003712,4800512,75008,0,512,53760,4800768,256,bundle1.aligned64
107,9,2906687476480,256,256,34804480,19202048,75008,0,768,4864,19202112,64,bundle1.aligned256
107,10,2906706678592,4,64,54006592,300032,75008,0,832,4928,300096,64,bundle2.positions
107,11,2906706978688,4,64,54306688,300032,75008,0,1920,42880,300096,64,bundle2.velocities
107,12,2906707278784,32,64,54606784,2400256,75008,0,3008,15296,2400320,64,bundle2.aligned32
107,13,2906709679104,64,64,57007104,4800512,75008,0,3072,56320,4800768,256,bundle2.aligned64
107,14,2906714479872,256,256,61807872,19202048,75008,0,3328,7424,,,bundle2.aligned256
108,0,3788967182336,8,64,0,600064,75008,0,0,0,600128,64,entity_handles
108,1,3788967782464,4,64,600128,300032,75008,0,2112,10304,300096,64,integral_biases
108,2,3788968082560,4,64,900224,300032,75008,0,3200,48256,300096,64,float_biases
108,3,3788968382656,1,64,1200320,75008,75008,0,192,20672,75072,64,tasks
108,4,3788968457728,4,64,1275392,300032,75008,0,1536,30208,300096,64,locations.xs
108,5,3788968757824,4,64,1575488,300032,75008,0,2624,2624,300096,64,locations.ys
108,6,3788969057920,4,64,1875584,300032,75008,0,3712,40576,300096,64,locations.zs
108,7,3788969358016,4,64,2175680,300032,75008,0,704,12992,300096,64,desired_move_locations.xs
108,8,3788969658112,4,64,2475776,300032,75008,0,1792,50944,300096,64,desired_move_locations.ys
108,9,3788969958208,4,64,2775872,300032,75008,0,2880,23360,300096,64,desired_move_locations.zs
108,10,3788970258304,4,64,3075968,300032,75008,0,3968,61312,300096,64,aim_directions.xs
108,11,3788970558400,4,64,3376064,300032,75008,0,960,33728,300096,64,aim_directions.ys
108,12,3788970858496,4,64,3676160,300032,75008,0,2048,6144,300096,64,aim_directions.zs
108,13,3788971158592,4,64,3976256,300032,75008,0,3136,44096,300096,64,desired_aiming_directions.xs
108,14,3788971458688,4,64,4276352,300032,75008,0,128,16512,300096,64,desired_aiming_directions.ys
108,15,3788971758784,4,64,4576448,300032,75008,0,1216,54464,300096,64,desired_aiming_directions.zs
108,16,3788972058880,4,64,4876544,300032,75008,0,2304,26880,300096,64,movement_directions.xs
108,17,3788972358976,4,64,5176640,300032,75008,0,3392,64832,300096,64,movement_directions.ys
108,18,3788972659072,4,64,5476736,300032,75008,0,384,37248,300096,64,movement_directions.zs
108,19,3788972959168,4,64,5776832,300032,75008,0,1472,9664,300096,64,velocities.xs
108,20,3788973259264,4,64,6076928,300032,75008,0,2560,47616,300096,64,velocities.ys
108,21,3788973559360,4,64,6377024,300032,75008,0,3648,20032,300096,64,velocities.zs
108,22,3788973859456,4,64,6677120,300032,75008,0,640,57984,300096,64,move_distances
108,23,3788974159552,4,64,6977216,300032,75008,0,1728,30400,300096,64,speeds
108,24,3788974459648,1,64,7277312,75008,75008,0,2816,2816,75072,64,teams
108,25,3788974534720,4,64,7352384,300032,75008,0,64,12352,300096,64,healths
108,26,3788974834816,8,64,7652480,600064,75008,0,1152,50304,600128,64,parent_handles
108,27,3788975434944,1,64,8252608,75008,75008,0,3264,60608,75072,64,awareness_scan_countdowns.counters
108,28,3788975510016,2,64,8327680,150016,75008,0,512,4608,150080,64,navigation_update_countdowns.remaining_ticks
108,29,3788975660096,2,64,8477760,150016,75008,0,3136,23616,150080,64,navigation_update_countdowns.periods
108,30,3788975810176,4,64,8627840,300032,75008,0,1664,42624,300096,64,separation_steering.xs
108,31,3788976110272,4,64,8927936,300032,75008,0,2752,15040,300096,64,separation_steering.ys
108,32,3788976410368,4,64,9228032,300032,75008,0,3840,52992,300096,64,separation_steering.zs
108,33,3788976710464,1,64,9528128,75008,75008,0,832,25408,75072,64,navigation_risk_tiers
108,34,3788976785536,1,64,9603200,75008,75008,0,2176,34944,75072,64,navigation_lower_risk_scan_counts
108,35,3788976860608,1,64,9678272,75008,75008,0,3520,44480,75072,64,avoidance_choice_indices
108,36,3788976935680,1,64,9753344,75008,75008,0,768,54016,75072,64,avoidance_clear_scan_counts
108,37,3788977010752,2,64,9828416,150016,75008,0,2112,63552,150080,64,attack_reposition_countdowns.counters
108,38,3788977160832,2,64,9978496,150016,75008,0,640,17024,150080,64,attack_cooldowns.counters
108,39,3788977310912,8,64,10128576,600064,75008,0,3264,36032,600128,64,target_handles
108,40,3788977911040,4,64,10728704,300032,75008,0,1280,46336,300096,64,target_locations.xs
108,41,3788978211136,4,64,11028800,300032,75008,0,2368,18752,300096,64,target_locations.ys
108,42,3788978511232,4,64,11328896,300032,75008,0,3456,56704,300096,64,target_locations.zs
108,43,3788978811328,4,64,11628992,300032,75008,0,448,29120,300096,64,target_velocities.xs
108,44,3788979111424,4,64,11929088,300032,75008,0,1536,1536,300096,64,target_velocities.ys
108,45,3788979411520,4,64,12229184,300032,75008,0,2624,39488,300096,64,target_velocities.zs
108,46,3788979711616,4,64,12529280,300032,75008,0,3712,11904,300096,64,target_directions.xs
108,47,3788980011712,4,64,12829376,300032,75008,0,704,49856,300096,64,target_directions.ys
108,48,3788980311808,4,64,13129472,300032,75008,0,1792,22272,300096,64,target_directions.zs
108,49,3788980611904,4,64,13429568,300032,75008,0,2880,60224,300096,64,intercept_times
108,50,3788980912000,4,64,13729664,300032,75008,0,3968,32640,300096,64,target_distance_sq
108,51,3788981212096,4,64,14029760,300032,75008,0,960,5056,300096,64,target_distances
108,52,3788981512192,4,64,14329856,300032,75008,0,2048,43008,,,target_radii
109,0,3920232120320,8,64,0,1048576,131072,0,0,0,1048768,192,entity_handles
109,1,3920233169088,4,64,1048768,524288,131072,0,192,192,524480,192,integral_biases
109,2,3920233693568,4,64,1573248,524288,131072,0,384,384,524480,192,float_biases
109,3,3920234218048,1,64,2097728,131072,131072,0,576,576,131264,192,tasks
109,4,3920234349312,4,64,2228992,524288,131072,0,768,768,524480,192,locations.xs
109,5,3920234873792,4,64,2753472,524288,131072,0,960,960,524480,192,locations.ys
109,6,3920235398272,4,64,3277952,524288,131072,0,1152,1152,524480,192,locations.zs
109,7,3920235922752,4,64,3802432,524288,131072,0,1344,1344,524480,192,desired_move_locations.xs
109,8,3920236447232,4,64,4326912,524288,131072,0,1536,1536,524480,192,desired_move_locations.ys
109,9,3920236971712,4,64,4851392,524288,131072,0,1728,1728,524480,192,desired_move_locations.zs
109,10,3920237496192,4,64,5375872,524288,131072,0,1920,1920,524480,192,aim_directions.xs
109,11,3920238020672,4,64,5900352,524288,131072,0,2112,2112,524480,192,aim_directions.ys
109,12,3920238545152,4,64,6424832,524288,131072,0,2304,2304,524480,192,aim_directions.zs
109,13,3920239069632,4,64,6949312,524288,131072,0,2496,2496,524480,192,desired_aiming_directions.xs
109,14,3920239594112,4,64,7473792,524288,131072,0,2688,2688,524480,192,desired_aiming_directions.ys
109,15,3920240118592,4,64,7998272,524288,131072,0,2880,2880,524480,192,desired_aiming_directions.zs
109,16,3920240643072,4,64,8522752,524288,131072,0,3072,3072,524480,192,movement_directions.xs
109,17,3920241167552,4,64,9047232,524288,131072,0,3264,3264,524480,192,movement_directions.ys
109,18,3920241692032,4,64,9571712,524288,131072,0,3456,3456,524480,192,movement_directions.zs
109,19,3920242216512,4,64,10096192,524288,131072,0,3648,3648,524480,192,velocities.xs
109,20,3920242740992,4,64,10620672,524288,131072,0,3840,3840,524480,192,velocities.ys
109,21,3920243265472,4,64,11145152,524288,131072,0,4032,4032,524480,192,velocities.zs
109,22,3920243789952,4,64,11669632,524288,131072,0,128,4224,524480,192,move_distances
109,23,3920244314432,4,64,12194112,524288,131072,0,320,4416,524480,192,speeds
109,24,3920244838912,1,64,12718592,131072,131072,0,512,4608,131264,192,teams
109,25,3920244970176,4,64,12849856,524288,131072,0,704,4800,524480,192,healths
109,26,3920245494656,8,64,13374336,1048576,131072,0,896,4992,1048768,192,parent_handles
109,27,3920246543424,1,64,14423104,131072,131072,0,1088,5184,131264,192,awareness_scan_countdowns.counters
109,28,3920246674688,2,64,14554368,262144,131072,0,1280,5376,262336,192,navigation_update_countdowns.remaining_ticks
109,29,3920246937024,2,64,14816704,262144,131072,0,1472,5568,262336,192,navigation_update_countdowns.periods
109,30,3920247199360,4,64,15079040,524288,131072,0,1664,5760,524480,192,separation_steering.xs
109,31,3920247723840,4,64,15603520,524288,131072,0,1856,5952,524480,192,separation_steering.ys
109,32,3920248248320,4,64,16128000,524288,131072,0,2048,6144,524480,192,separation_steering.zs
109,33,3920248772800,1,64,16652480,131072,131072,0,2240,6336,131264,192,navigation_risk_tiers
109,34,3920248904064,1,64,16783744,131072,131072,0,2432,6528,131264,192,navigation_lower_risk_scan_counts
109,35,3920249035328,1,64,16915008,131072,131072,0,2624,6720,131264,192,avoidance_choice_indices
109,36,3920249166592,1,64,17046272,131072,131072,0,2816,6912,131264,192,avoidance_clear_scan_counts
109,37,3920249297856,2,64,17177536,262144,131072,0,3008,7104,262336,192,attack_reposition_countdowns.counters
109,38,3920249560192,2,64,17439872,262144,131072,0,3200,7296,262336,192,attack_cooldowns.counters
109,39,3920249822528,8,64,17702208,1048576,131072,0,3392,7488,1048768,192,target_handles
109,40,3920250871296,4,64,18750976,524288,131072,0,3584,7680,524480,192,target_locations.xs
109,41,3920251395776,4,64,19275456,524288,131072,0,3776,7872,524480,192,target_locations.ys
109,42,3920251920256,4,64,19799936,524288,131072,0,3968,8064,524480,192,target_locations.zs
109,43,3920252444736,4,64,20324416,524288,131072,0,64,8256,524480,192,target_velocities.xs
109,44,3920252969216,4,64,20848896,524288,131072,0,256,8448,524480,192,target_velocities.ys
109,45,3920253493696,4,64,21373376,524288,131072,0,448,8640,524480,192,target_velocities.zs
109,46,3920254018176,4,64,21897856,524288,131072,0,640,8832,524480,192,target_directions.xs
109,47,3920254542656,4,64,22422336,524288,131072,0,832,9024,524480,192,target_directions.ys
109,48,3920255067136,4,64,22946816,524288,131072,0,1024,9216,524480,192,target_directions.zs
109,49,3920255591616,4,64,23471296,524288,131072,0,1216,9408,524480,192,intercept_times
109,50,3920256116096,4,64,23995776,524288,131072,0,1408,9600,524480,192,target_distance_sq
109,51,3920256640576,4,64,24520256,524288,131072,0,1600,9792,524480,192,target_distances
109,52,3920257165056,4,64,25044736,524288,131072,0,1792,9984,,,target_radii
110,0,5654089564160,4,64,0,300032,75008,0,0,0,300096,64,bundle0.positions
110,1,5654089864256,4,64,300096,300032,75008,0,1088,37952,300096,64,bundle0.velocities
110,2,5654090164352,32,64,600192,2400256,75008,0,2176,10368,2400320,64,bundle0.aligned32
110,3,5654092564672,64,64,3000512,4800512,75008,0,2240,51392,4800576,64,bundle0.aligned64
110,4,5654097365248,256,256,7801088,19202048,75008,0,2304,2304,19202112,64,bundle0.aligned256
110,5,5654116567360,4,64,27003200,300032,75008,0,2368,2368,300096,64,bundle1.positions
110,6,5654116867456,4,64,27303296,300032,75008,0,3456,40320,300096,64,bundle1.velocities
110,7,5654117167552,32,64,27603392,2400256,75008,0,448,12736,2400320,64,bundle1.aligned32
110,8,5654119567872,64,64,30003712,4800512,75008,0,512,53760,4800768,256,bundle1.aligned64
110,9,5654124368640,256,256,34804480,19202048,75008,0,768,4864,19202112,64,bundle1.aligned256
110,10,5654143570752,4,64,54006592,300032,75008,0,832,4928,300096,64,bundle2.positions
110,11,5654143870848,4,64,54306688,300032,75008,0,1920,42880,300096,64,bundle2.velocities
110,12,5654144170944,32,64,54606784,2400256,75008,0,3008,15296,2400320,64,bundle2.aligned32
110,13,5654146571264,64,64,57007104,4800512,75008,0,3072,56320,4800768,256,bundle2.aligned64
110,14,5654151372032,256,256,61807872,19202048,75008,0,3328,7424,,,bundle2.aligned256
111,0,3077344788480,8,64,0,524288,65536,0,0,0,524288,0,entity_handles
111,1,3077345312768,4,64,524288,262144,65536,0,0,0,262144,0,integral_biases
111,2,3077345574912,4,64,786432,262144,65536,0,0,0,262144,0,float_biases
111,3,3077345837056,1,64,1048576,65536,65536,0,0,0,65536,0,tasks
111,4,3077345902592,4,64,1114112,262144,65536,0,0,0,262144,0,locations.xs
111,5,3077346164736,4,64,1376256,262144,65536,0,0,0,262144,0,locations.ys
111,6,3077346426880,4,64,1638400,262144,65536,0,0,0,262144,0,locations.zs
111,7,3077346689024,4,64,1900544,262144,65536,0,0,0,262144,0,desired_move_locations.xs
111,8,3077346951168,4,64,2162688,262144,65536,0,0,0,262144,0,desired_move_locations.ys
111,9,3077347213312,4,64,2424832,262144,65536,0,0,0,262144,0,desired_move_locations.zs
111,10,3077347475456,4,64,2686976,262144,65536,0,0,0,262144,0,aim_directions.xs
111,11,3077347737600,4,64,2949120,262144,65536,0,0,0,262144,0,aim_directions.ys
111,12,3077347999744,4,64,3211264,262144,65536,0,0,0,262144,0,aim_directions.zs
111,13,3077348261888,4,64,3473408,262144,65536,0,0,0,262144,0,desired_aiming_directions.xs
111,14,3077348524032,4,64,3735552,262144,65536,0,0,0,262144,0,desired_aiming_directions.ys
111,15,3077348786176,4,64,3997696,262144,65536,0,0,0,262144,0,desired_aiming_directions.zs
111,16,3077349048320,4,64,4259840,262144,65536,0,0,0,262144,0,movement_directions.xs
111,17,3077349310464,4,64,4521984,262144,65536,0,0,0,262144,0,movement_directions.ys
111,18,3077349572608,4,64,4784128,262144,65536,0,0,0,262144,0,movement_directions.zs
111,19,3077349834752,4,64,5046272,262144,65536,0,0,0,262144,0,velocities.xs
111,20,3077350096896,4,64,5308416,262144,65536,0,0,0,262144,0,velocities.ys
111,21,3077350359040,4,64,5570560,262144,65536,0,0,0,262144,0,velocities.zs
111,22,3077350621184,4,64,5832704,262144,65536,0,0,0,262144,0,move_distances
111,23,3077350883328,4,64,6094848,262144,65536,0,0,0,262144,0,speeds
111,24,3077351145472,1,64,6356992,65536,65536,0,0,0,65536,0,teams
111,25,3077351211008,4,64,6422528,262144,65536,0,0,0,262144,0,healths
111,26,3077351473152,8,64,6684672,524288,65536,0,0,0,524288,0,parent_handles
111,27,3077351997440,1,64,7208960,65536,65536,0,0,0,65536,0,awareness_scan_countdowns.counters
111,28,3077352062976,2,64,7274496,131072,65536,0,0,0,131072,0,navigation_update_countdowns.remaining_ticks
111,29,3077352194048,2,64,7405568,131072,65536,0,0,0,131072,0,navigation_update_countdowns.periods
111,30,3077352325120,4,64,7536640,262144,65536,0,0,0,262144,0,separation_steering.xs
111,31,3077352587264,4,64,7798784,262144,65536,0,0,0,262144,0,separation_steering.ys
111,32,3077352849408,4,64,8060928,262144,65536,0,0,0,262144,0,separation_steering.zs
111,33,3077353111552,1,64,8323072,65536,65536,0,0,0,65536,0,navigation_risk_tiers
111,34,3077353177088,1,64,8388608,65536,65536,0,0,0,65536,0,navigation_lower_risk_scan_counts
111,35,3077353242624,1,64,8454144,65536,65536,0,0,0,65536,0,avoidance_choice_indices
111,36,3077353308160,1,64,8519680,65536,65536,0,0,0,65536,0,avoidance_clear_scan_counts
111,37,3077353373696,2,64,8585216,131072,65536,0,0,0,131072,0,attack_reposition_countdowns.counters
111,38,3077353504768,2,64,8716288,131072,65536,0,0,0,131072,0,attack_cooldowns.counters
111,39,3077353635840,8,64,8847360,524288,65536,0,0,0,524288,0,target_handles
111,40,3077354160128,4,64,9371648,262144,65536,0,0,0,262144,0,target_locations.xs
111,41,3077354422272,4,64,9633792,262144,65536,0,0,0,262144,0,target_locations.ys
111,42,3077354684416,4,64,9895936,262144,65536,0,0,0,262144,0,target_locations.zs
111,43,3077354946560,4,64,10158080,262144,65536,0,0,0,262144,0,target_velocities.xs
111,44,3077355208704,4,64,10420224,262144,65536,0,0,0,262144,0,target_velocities.ys
111,45,3077355470848,4,64,10682368,262144,65536,0,0,0,262144,0,target_velocities.zs
111,46,3077355732992,4,64,10944512,262144,65536,0,0,0,262144,0,target_directions.xs
111,47,3077355995136,4,64,11206656,262144,65536,0,0,0,262144,0,target_directions.ys
111,48,3077356257280,4,64,11468800,262144,65536,0,0,0,262144,0,target_directions.zs
111,49,3077356519424,4,64,11730944,262144,65536,0,0,0,262144,0,intercept_times
111,50,3077356781568,4,64,11993088,262144,65536,0,0,0,262144,0,target_distance_sq
111,51,3077357043712,4,64,12255232,262144,65536,0,0,0,262144,0,target_distances
111,52,3077357305856,4,64,12517376,262144,65536,0,0,0,,,target_radii
112,0,5348577181696,1,64,0,131072,131072,0,0,0,131072,0,bundle0.flags
112,1,5348577312768,2,64,131072,262144,131072,0,0,0,262144,0,bundle0.counters
112,2,5348577574912,4,64,393216,524288,131072,0,0,0,524288,0,bundle0.counts
112,3,5348578099200,8,64,917504,1048576,131072,0,0,0,1048576,0,bundle0.totals
112,4,5348579147776,3,64,1966080,393216,131072,0,0,0,393216,0,bundle0.payloads
112,5,5348579540992,4,64,2359296,524288,131072,0,0,0,524288,0,bundle0.values
112,6,5348580065280,8,64,2883584,1048576,131072,0,0,0,1048576,0,bundle0.rates
112,7,5348581113856,1,64,3932160,131072,131072,0,0,0,131072,0,bundle1.flags
112,8,5348581244928,2,64,4063232,262144,131072,0,0,0,262144,0,bundle1.counters
112,9,5348581507072,4,64,4325376,524288,131072,0,0,0,524288,0,bundle1.counts
112,10,5348582031360,8,64,4849664,1048576,131072,0,0,0,1048576,0,bundle1.totals
112,11,5348583079936,3,64,5898240,393216,131072,0,0,0,393216,0,bundle1.payloads
112,12,5348583473152,4,64,6291456,524288,131072,0,0,0,524288,0,bundle1.values
112,13,5348583997440,8,64,6815744,1048576,131072,0,0,0,1048576,0,bundle1.rates
112,14,5348585046016,1,64,7864320,131072,131072,0,0,0,131072,0,bundle2.flags
112,15,5348585177088,2,64,7995392,262144,131072,0,0,0,262144,0,bundle2.counters
112,16,5348585439232,4,64,8257536,524288,131072,0,0,0,524288,0,bundle2.counts
112,17,5348585963520,8,64,8781824,1048576,131072,0,0,0,1048576,0,bundle2.totals
112,18,5348587012096,3,64,9830400,393216,131072,0,0,0,393216,0,bundle2.payloads
112,19,5348587405312,4,64,10223616,524288,131072,0,0,0,524288,0,bundle2.values
112,20,5348587929600,8,64,10747904,1048576,131072,0,0,0,1048576,0,bundle2.rates
112,21,5348588978176,1,64,11796480,131072,131072,0,0,0,131072,0,bundle3.flags
112,22,5348589109248,2,64,11927552,262144,131072,0,0,0,262144,0,bundle3.counters
112,23,5348589371392,4,64,12189696,524288,131072,0,0,0,524288,0,bundle3.counts
112,24,5348589895680,8,64,12713984,1048576,131072,0,0,0,1048576,0,bundle3.totals
112,25,5348590944256,3,64,13762560,393216,131072,0,0,0,393216,0,bundle3.payloads
112,26,5348591337472,4,64,14155776,524288,131072,0,0,0,524288,0,bundle3.values
112,27,5348591861760,8,64,14680064,1048576,131072,0,0,0,1048576,0,bundle3.rates
112,28,5348592910336,1,64,15728640,131072,131072,0,0,0,131072,0,bundle4.flags
112,29,5348593041408,2,64,15859712,262144,131072,0,0,0,262144,0,bundle4.counters
112,30,5348593303552,4,64,16121856,524288,131072,0,0,0,524288,0,bundle4.counts
112,31,5348593827840,8,64,16646144,1048576,131072,0,0,0,1048576,0,bundle4.totals
112,32,5348594876416,3,64,17694720,393216,131072,0,0,0,393216,0,bundle4.payloads
112,33,5348595269632,4,64,18087936,524288,131072,0,0,0,524288,0,bundle4.values
112,34,5348595793920,8,64,18612224,1048576,131072,0,0,0,1048576,0,bundle4.rates
112,35,5348596842496,1,64,19660800,131072,131072,0,0,0,131072,0,bundle5.flags
112,36,5348596973568,2,64,19791872,262144,131072,0,0,0,262144,0,bundle5.counters
112,37,5348597235712,4,64,20054016,524288,131072,0,0,0,524288,0,bundle5.counts
112,38,5348597760000,8,64,20578304,1048576,131072,0,0,0,1048576,0,bundle5.totals
112,39,5348598808576,3,64,21626880,393216,131072,0,0,0,393216,0,bundle5.payloads
112,40,5348599201792,4,64,22020096,524288,131072,0,0,0,524288,0,bundle5.values
112,41,5348599726080,8,64,22544384,1048576,131072,0,0,0,,,bundle5.rates
113,0,4652792479744,8,64,0,1048576,131072,0,0,0,1048768,192,entity_handles
113,1,4652793528512,4,64,1048768,524288,131072,0,192,192,524480,192,integral_biases
113,2,4652794052992,4,64,1573248,524288,131072,0,384,384,524480,192,float_biases
113,3,4652794577472,1,64,2097728,131072,131072,0,576,576,131264,192,tasks
113,4,4652794708736,4,64,2228992,524288,131072,0,768,768,524480,192,locations.xs
113,5,4652795233216,4,64,2753472,524288,131072,0,960,960,524480,192,locations.ys
113,6,4652795757696,4,64,3277952,524288,131072,0,1152,1152,524480,192,locations.zs
113,7,4652796282176,4,64,3802432,524288,131072,0,1344,1344,524480,192,desired_move_locations.xs
113,8,4652796806656,4,64,4326912,524288,131072,0,1536,1536,524480,192,desired_move_locations.ys
113,9,4652797331136,4,64,4851392,524288,131072,0,1728,1728,524480,192,desired_move_locations.zs
113,10,4652797855616,4,64,5375872,524288,131072,0,1920,1920,524480,192,aim_directions.xs
113,11,4652798380096,4,64,5900352,524288,131072,0,2112,2112,524480,192,aim_directions.ys
113,12,4652798904576,4,64,6424832,524288,131072,0,2304,2304,524480,192,aim_directions.zs
113,13,4652799429056,4,64,6949312,524288,131072,0,2496,2496,524480,192,desired_aiming_directions.xs
113,14,4652799953536,4,64,7473792,524288,131072,0,2688,2688,524480,192,desired_aiming_directions.ys
113,15,4652800478016,4,64,7998272,524288,131072,0,2880,2880,524480,192,desired_aiming_directions.zs
113,16,4652801002496,4,64,8522752,524288,131072,0,3072,3072,524480,192,movement_directions.xs
113,17,4652801526976,4,64,9047232,524288,131072,0,3264,3264,524480,192,movement_directions.ys
113,18,4652802051456,4,64,9571712,524288,131072,0,3456,3456,524480,192,movement_directions.zs
113,19,4652802575936,4,64,10096192,524288,131072,0,3648,3648,524480,192,velocities.xs
113,20,4652803100416,4,64,10620672,524288,131072,0,3840,3840,524480,192,velocities.ys
113,21,4652803624896,4,64,11145152,524288,131072,0,4032,4032,524480,192,velocities.zs
113,22,4652804149376,4,64,11669632,524288,131072,0,128,4224,524480,192,move_distances
113,23,4652804673856,4,64,12194112,524288,131072,0,320,4416,524480,192,speeds
113,24,4652805198336,1,64,12718592,131072,131072,0,512,4608,131264,192,teams
113,25,4652805329600,4,64,12849856,524288,131072,0,704,4800,524480,192,healths
113,26,4652805854080,8,64,13374336,1048576,131072,0,896,4992,1048768,192,parent_handles
113,27,4652806902848,1,64,14423104,131072,131072,0,1088,5184,131264,192,awareness_scan_countdowns.counters
113,28,4652807034112,2,64,14554368,262144,131072,0,1280,5376,262336,192,navigation_update_countdowns.remaining_ticks
113,29,4652807296448,2,64,14816704,262144,131072,0,1472,5568,262336,192,navigation_update_countdowns.periods
113,30,4652807558784,4,64,15079040,524288,131072,0,1664,5760,524480,192,separation_steering.xs
113,31,4652808083264,4,64,15603520,524288,131072,0,1856,5952,524480,192,separation_steering.ys
113,32,4652808607744,4,64,16128000,524288,131072,0,2048,6144,524480,192,separation_steering.zs
113,33,4652809132224,1,64,16652480,131072,131072,0,2240,6336,131264,192,navigation_risk_tiers
113,34,4652809263488,1,64,16783744,131072,131072,0,2432,6528,131264,192,navigation_lower_risk_scan_counts
113,35,4652809394752,1,64,16915008,131072,131072,0,2624,6720,131264,192,avoidance_choice_indices
113,36,4652809526016,1,64,17046272,131072,131072,0,2816,6912,131264,192,avoidance_clear_scan_counts
113,37,4652809657280,2,64,17177536,262144,131072,0,3008,7104,262336,192,attack_reposition_countdowns.counters
113,38,4652809919616,2,64,17439872,262144,131072,0,3200,7296,262336,192,attack_cooldowns.counters
113,39,4652810181952,8,64,17702208,1048576,131072,0,3392,7488,1048768,192,target_handles
113,40,4652811230720,4,64,18750976,524288,131072,0,3584,7680,524480,192,target_locations.xs
113,41,4652811755200,4,64,19275456,524288,131072,0,3776,7872,524480,192,target_locations.ys
113,42,4652812279680,4,64,19799936,524288,131072,0,3968,8064,524480,192,target_locations.zs
113,43,4652812804160,4,64,20324416,524288,131072,0,64,8256,524480,192,target_velocities.xs
113,44,4652813328640,4,64,20848896,524288,131072,0,256,8448,524480,192,target_velocities.ys
113,45,4652813853120,4,64,21373376,524288,131072,0,448,8640,524480,192,target_velocities.zs
113,46,4652814377600,4,64,21897856,524288,131072,0,640,8832,524480,192,target_directions.xs
113,47,4652814902080,4,64,22422336,524288,131072,0,832,9024,524480,192,target_directions.ys
113,48,4652815426560,4,64,22946816,524288,131072,0,1024,9216,524480,192,target_directions.zs
113,49,4652815951040,4,64,23471296,524288,131072,0,1216,9408,524480,192,intercept_times
113,50,4652816475520,4,64,23995776,524288,131072,0,1408,9600,524480,192,target_distance_sq
113,51,4652817000000,4,64,24520256,524288,131072,0,1600,9792,524480,192,target_distances
113,52,4652817524480,4,64,25044736,524288,131072,0,1792,9984,,,target_radii
114,0,2616441110528,8,64,0,800256,100032,0,0,0,800448,192,entity_handles
114,1,2616441910976,4,64,800448,400128,100032,0,1728,14016,400320,192,integral_biases
114,2,2616442311296,4,64,1200768,400128,100032,0,640,21120,400320,192,float_biases
114,3,2616442711616,1,64,1601088,100032,100032,0,3648,28224,100224,192,tasks
114,4,2616442811840,4,64,1701312,400128,100032,0,1472,62912,400320,192,locations.xs
114,5,2616443212160,4,64,2101632,400128,100032,0,384,4480,400320,192,locations.ys
114,6,2616443612480,4,64,2501952,400128,100032,0,3392,11584,400320,192,locations.zs
114,7,2616444012800,4,64,2902272,400128,100032,0,2304,18688,400320,192,desired_move_locations.xs
114,8,2616444413120,4,64,3302592,400128,100032,0,1216,25792,400320,192,desired_move_locations.ys
114,9,2616444813440,4,64,3702912,400128,100032,0,128,32896,400320,192,desired_move_locations.zs
114,10,2616445213760,4,64,4103232,400128,100032,0,3136,40000,400320,192,aim_directions.xs
114,11,2616445614080,4,64,4503552,400128,100032,0,2048,47104,400320,192,aim_directions.ys
114,12,2616446014400,4,64,4903872,400128,100032,0,960,54208,400320,192,aim_directions.zs
114,13,2616446414720,4,64,5304192,400128,100032,0,3968,61312,400320,192,desired_aiming_directions.xs
114,14,2616446815040,4,64,5704512,400128,100032,0,2880,2880,400320,192,desired_aiming_directions.ys
114,15,2616447215360,4,64,6104832,400128,100032,0,1792,9984,400320,192,desired_aiming_directions.zs
114,16,2616447615680,4,64,6505152,400128,100032,0,704,17088,400320,192,movement_directions.xs
114,17,2616448016000,4,64,6905472,400128,100032,0,3712,24192,400320,192,movement_directions.ys
114,18,2616448416320,4,64,7305792,400128,100032,0,2624,31296,400320,192,movement_directions.zs
114,19,2616448816640,4,64,7706112,400128,100032,0,1536,38400,400320,192,velocities.xs
114,20,2616449216960,4,64,8106432,400128,100032,0,448,45504,400320,192,velocities.ys
114,21,2616449617280,4,64,8506752,400128,100032,0,3456,52608,400320,192,velocities.zs
114,22,2616450017600,4,64,8907072,400128,100032,0,2368,59712,400320,192,move_distances
114,23,2616450417920,4,64,9307392,400128,100032,0,1280,1280,400320,192,speeds
114,24,2616450818240,1,64,9707712,100032,100032,0,192,8384,100224,192,teams
114,25,2616450918464,4,64,9807936,400128,100032,0,2112,43072,400320,192,healths
114,26,2616451318784,8,64,10208256,800256,100032,0,1024,50176,800448,192,parent_handles
114,27,2616452119232,1,64,11008704,100032,100032,0,2752,64192,100224,192,awareness_scan_countdowns.counters
114,28,2616452219456,2,64,11108928,200064,100032,0,576,33344,200256,192,navigation_update_countdowns.remaining_ticks
114,29,2616452419712,2,64,11309184,200064,100032,0,128,36992,200256,192,navigation_update_countdowns.periods
114,30,2616452619968,4,64,11509440,400128,100032,0,3776,40640,400320,192,separation_steering.xs
114,31,2616453020288,4,64,11909760,400128,100032,0,2688,47744,400320,192,separation_steering.ys
114,32,2616453420608,4,64,12310080,400128,100032,0,1600,54848,400320,192,separation_steering.zs
114,33,2616453820928,1,64,12710400,100032,100032,0,512,61952,100224,192,navigation_risk_tiers
114,34,2616453921152,1,64,12810624,100032,100032,0,2432,31104,100224,192,navigation_lower_risk_scan_counts
114,35,2616454021376,1,64,12910848,100032,100032,0,256,256,100224,192,avoidance_choice_indices
114,36,2616454121600,1,64,13011072,100032,100032,0,2176,34944,100224,192,avoidance_clear_scan_counts
114,37,2616454221824,2,64,13111296,200064,100032,0,0,4096,200256,192,attack_reposition_countdowns.counters
114,38,2616454422080,2,64,13311552,200064,100032,0,3648,7744,200256,192,attack_cooldowns.counters
114,39,2616454622336,8,64,13511808,800256,100032,0,3200,11392,800448,192,target_handles
114,40,2616455422784,4,64,14312256,400128,100032,0,832,25408,400320,192,target_locations.xs
114,41,2616455823104,4,64,14712576,400128,100032,0,3840,32512,400320,192,target_locations.ys
114,42,2616456223424,4,64,15112896,400128,100032,0,2752,39616,400320,192,target_locations.zs
114,43,2616456623744,4,64,15513216,400128,100032,0,1664,46720,400320,192,target_velocities.xs
114,44,2616457024064,4,64,15913536,400128,100032,0,576,53824,400320,192,target_velocities.ys
114,45,2616457424384,4,64,16313856,400128,100032,0,3584,60928,400320,192,target_velocities.zs
114,46,2616457824704,4,64,16714176,400128,100032,0,2496,2496,400320,192,target_directions.xs
114,47,2616458225024,4,64,17114496,400128,100032,0,1408,9600,400320,192,target_directions.ys
114,48,2616458625344,4,64,17514816,400128,100032,0,320,16704,400320,192,target_directions.zs
114,49,2616459025664,4,64,17915136,400128,100032,0,3328,23808,400320,192,intercept_times
114,50,2616459425984,4,64,18315456,400128,100032,0,2240,30912,400320,192,target_distance_sq
114,51,2616459826304,4,64,18715776,400128,100032,0,1152,38016,400320,192,target_distances
114,52,2616460226624,4,64,19116096,400128,100032,0,64,45120,,,target_radii
115,0,3920768991232,8,64,0,524800,65600,0,0,0,524864,64,entity_handles
115,1,3920769516096,4,64,524864,262400,65600,0,576,576,262464,64,integral_biases
115,2,3920769778560,4,64,787328,262400,65600,0,896,896,262464,64,float_biases
115,3,3920770041024,1,64,1049792,65600,65600,0,1216,1216,65664,64,tasks
115,4,3920770106688,4,64,1115456,262400,65600,0,1344,1344,262464,64,locations.xs
115,5,3920770369152,4,64,1377920,262400,65600,0,1664,1664,262464,64,locations.ys
115,6,3920770631616,4,64,1640384,262400,65600,0,1984,1984,262464,64,locations.zs
115,7,3920770894080,4,64,1902848,262400,65600,0,2304,2304,262464,64,desired_move_locations.xs
115,8,3920771156544,4,64,2165312,262400,65600,0,2624,2624,262464,64,desired_move_locations.ys
115,9,3920771419008,4,64,2427776,262400,65600,0,2944,2944,262464,64,desired_move_locations.zs
115,10,3920771681472,4,64,2690240,262400,65600,0,3264,3264,262464,64,aim_directions.xs
115,11,3920771943936,4,64,2952704,262400,65600,0,3584,3584,262464,64,aim_directions.ys
115,12,3920772206400,4,64,3215168,262400,65600,0,3904,3904,262464,64,aim_directions.zs
115,13,3920772468864,4,64,3477632,262400,65600,0,128,4224,262464,64,desired_aiming_directions.xs
115,14,3920772731328,4,64,3740096,262400,65600,0,448,4544,262464,64,desired_aiming_directions.ys
115,15,3920772993792,4,64,4002560,262400,65600,0,768,4864,262464,64,desired_aiming_directions.zs
115,16,3920773256256,4,64,4265024,262400,65600,0,1088,5184,262464,64,movement_directions.xs
115,17,3920773518720,4,64,4527488,262400,65600,0,1408,5504,262464,64,movement_directions.ys
115,18,3920773781184,4,64,4789952,262400,65600,0,1728,5824,262464,64,movement_directions.zs
115,19,3920774043648,4,64,5052416,262400,65600,0,2048,6144,262464,64,velocities.xs
115,20,3920774306112,4,64,5314880,262400,65600,0,2368,6464,262464,64,velocities.ys
115,21,3920774568576,4,64,5577344,262400,65600,0,2688,6784,262464,64,velocities.zs
115,22,3920774831040,4,64,5839808,262400,65600,0,3008,7104,262464,64,move_distances
115,23,3920775093504,4,64,6102272,262400,65600,0,3328,7424,262464,64,speeds
115,24,3920775355968,1,64,6364736,65600,65600,0,3648,7744,65664,64,teams
115,25,3920775421632,4,64,6430400,262400,65600,0,3776,7872,262464,64,healths
115,26,3920775684096,8,64,6692864,524800,65600,0,0,8192,524864,64,parent_handles
115,27,3920776208960,1,64,7217728,65600,65600,0,576,8768,65664,64,awareness_scan_countdowns.counters
115,28,3920776274624,2,64,7283392,131200,65600,0,704,8896,131264,64,navigation_update_countdowns.remaining_ticks
115,29,3920776405888,2,64,7414656,131200,65600,0,896,9088,131264,64,navigation_update_countdowns.periods
115,30,3920776537152,4,64,7545920,262400,65600,0,1088,9280,262464,64,separation_steering.xs
115,31,3920776799616,4,64,7808384,262400,65600,0,1408,9600,262464,64,separation_steering.ys
115,32,3920777062080,4,64,8070848,262400,65600,0,1728,9920,262464,64,separation_steering.zs
115,33,3920777324544,1,64,8333312,65600,65600,0,2048,10240,65664,64,navigation_risk_tiers
115,34,3920777390208,1,64,8398976,65600,65600,0,2176,10368,65664,64,navigation_lower_risk_scan_counts
115,35,3920777455872,1,64,8464640,65600,65600,0,2304,10496,65664,64,avoidance_choice_indices
115,36,3920777521536,1,64,8530304,65600,65600,0,2432,10624,65664,64,avoidance_clear_scan_counts
115,37,3920777587200,2,64,8595968,131200,65600,0,2560,10752,131264,64,attack_reposition_countdowns.counters
115,38,3920777718464,2,64,8727232,131200,65600,0,2752,10944,131264,64,attack_cooldowns.counters
115,39,3920777849728,8,64,8858496,524800,65600,0,2944,11136,524864,64,target_handles
115,40,3920778374592,4,64,9383360,262400,65600,0,3520,11712,262464,64,target_locations.xs
115,41,3920778637056,4,64,9645824,262400,65600,0,3840,12032,262464,64,target_locations.ys
115,42,3920778899520,4,64,9908288,262400,65600,0,64,12352,262464,64,target_locations.zs
115,43,3920779161984,4,64,10170752,262400,65600,0,384,12672,262464,64,target_velocities.xs
115,44,3920779424448,4,64,10433216,262400,65600,0,704,12992,262464,64,target_velocities.ys
115,45,3920779686912,4,64,10695680,262400,65600,0,1024,13312,262464,64,target_velocities.zs
115,46,3920779949376,4,64,10958144,262400,65600,0,1344,13632,262464,64,target_directions.xs
115,47,3920780211840,4,64,11220608,262400,65600,0,1664,13952,262464,64,target_directions.ys
115,48,3920780474304,4,64,11483072,262400,65600,0,1984,14272,262464,64,target_directions.zs
115,49,3920780736768,4,64,11745536,262400,65600,0,2304,14592,262464,64,intercept_times
115,50,3920780999232,4,64,12008000,262400,65600,0,2624,14912,262464,64,target_distance_sq
115,51,3920781261696,4,64,12270464,262400,65600,0,2944,15232,262464,64,target_distances
115,52,3920781524160,4,64,12532928,262400,65600,0,3264,15552,,,target_radii
116,0,6095633055744,8,64,0,524288,65536,0,0,0,524352,64,entity_handles
116,1,6095633580096,4,64,524352,262144,65536,0,64,64,262208,64,integral_biases
116,2,6095633842304,4,64,786560,262144,65536,0,128,128,262208,64,float_biases
116,3,6095634104512,1,64,1048768,65536,65536,0,192,192,65600,64,tasks
116,4,6095634170112,4,64,1114368,262144,65536,0,256,256,262208,64,locations.xs
116,5,6095634432320,4,64,1376576,262144,65536,0,320,320,262208,64,locations.ys
116,6,6095634694528,4,64,1638784,262144,65536,0,384,384,262208,64,locations.zs
116,7,6095634956736,4,64,1900992,262144,65536,0,448,448,262208,64,desired_move_locations.xs
116,8,6095635218944,4,64,2163200,262144,65536,0,512,512,262208,64,desired_move_locations.ys
116,9,6095635481152,4,64,2425408,262144,65536,0,576,576,262208,64,desired_move_locations.zs
116,10,6095635743360,4,64,2687616,262144,65536,0,640,640,262208,64,aim_directions.xs
116,11,6095636005568,4,64,2949824,262144,65536,0,704,704,262208,64,aim_directions.ys
116,12,6095636267776,4,64,3212032,262144,65536,0,768,768,262208,64,aim_directions.zs
116,13,6095636529984,4,64,3474240,262144,65536,0,832,832,262208,64,desired_aiming_directions.xs
116,14,6095636792192,4,64,3736448,262144,65536,0,896,896,262208,64,desired_aiming_directions.ys
116,15,6095637054400,4,64,3998656,262144,65536,0,960,960,262208,64,desired_aiming_directions.zs
116,16,6095637316608,4,64,4260864,262144,65536,0,1024,1024,262208,64,movement_directions.xs
116,17,6095637578816,4,64,4523072,262144,65536,0,1088,1088,262208,64,movement_directions.ys
116,18,6095637841024,4,64,4785280,262144,65536,0,1152,1152,262208,64,movement_directions.zs
116,19,6095638103232,4,64,5047488,262144,65536,0,1216,1216,262208,64,velocities.xs
116,20,6095638365440,4,64,5309696,262144,65536,0,1280,1280,262208,64,velocities.ys
116,21,6095638627648,4,64,5571904,262144,65536,0,1344,1344,262208,64,velocities.zs
116,22,6095638889856,4,64,5834112,262144,65536,0,1408,1408,262208,64,move_distances
116,23,6095639152064,4,64,6096320,262144,65536,0,1472,1472,262208,64,speeds
116,24,6095639414272,1,64,6358528,65536,65536,0,1536,1536,65600,64,teams
116,25,6095639479872,4,64,6424128,262144,65536,0,1600,1600,262208,64,healths
116,26,6095639742080,8,64,6686336,524288,65536,0,1664,1664,524352,64,parent_handles
116,27,6095640266432,1,64,7210688,65536,65536,0,1728,1728,65600,64,awareness_scan_countdowns.counters
116,28,6095640332032,2,64,7276288,131072,65536,0,1792,1792,131136,64,navigation_update_countdowns.remaining_ticks
116,29,6095640463168,2,64,7407424,131072,65536,0,1856,1856,131136,64,navigation_update_countdowns.periods
116,30,6095640594304,4,64,7538560,262144,65536,0,1920,1920,262208,64,separation_steering.xs
116,31,6095640856512,4,64,7800768,262144,65536,0,1984,1984,262208,64,separation_steering.ys
116,32,6095641118720,4,64,8062976,262144,65536,0,2048,2048,262208,64,separation_steering.zs
116,33,6095641380928,1,64,8325184,65536,65536,0,2112,2112,65600,64,navigation_risk_tiers
116,34,6095641446528,1,64,8390784,65536,65536,0,2176,2176,65600,64,navigation_lower_risk_scan_counts
116,35,6095641512128,1,64,8456384,65536,65536,0,2240,2240,65600,64,avoidance_choice_indices
116,36,6095641577728,1,64,8521984,65536,65536,0,2304,2304,65600,64,avoidance_clear_scan_counts
116,37,6095641643328,2,64,8587584,131072,65536,0,2368,2368,131136,64,attack_reposition_countdowns.counters
116,38,6095641774464,2,64,8718720,131072,65536,0,2432,2432,131136,64,attack_cooldowns.counters
116,39,6095641905600,8,64,8849856,524288,65536,0,2496,2496,524352,64,target_handles
116,40,6095642429952,4,64,9374208,262144,65536,0,2560,2560,262208,64,target_locations.xs
116,41,6095642692160,4,64,9636416,262144,65536,0,2624,2624,262208,64,target_locations.ys
116,42,6095642954368,4,64,9898624,262144,65536,0,2688,2688,262208,64,target_locations.zs
116,43,6095643216576,4,64,10160832,262144,65536,0,2752,2752,262208,64,target_velocities.xs
116,44,6095643478784,4,64,10423040,262144,65536,0,2816,2816,262208,64,target_velocities.ys
116,45,6095643740992,4,64,10685248,262144,65536,0,2880,2880,262208,64,target_velocities.zs
116,46,6095644003200,4,64,10947456,262144,65536,0,2944,2944,262208,64,target_directions.xs
116,47,6095644265408,4,64,11209664,262144,65536,0,3008,3008,262208,64,target_directions.ys
116,48,6095644527616,4,64,11471872,262144,65536,0,3072,3072,262208,64,target_directions.zs
116,49,6095644789824,4,64,11734080,262144,65536,0,3136,3136,262208,64,intercept_times
116,50,6095645052032,4,64,11996288,262144,65536,0,3200,3200,262208,64,target_distance_sq
116,51,6095645314240,4,64,12258496,262144,65536,0,3264,3264,262208,64,target_distances
116,52,6095645576448,4,64,12520704,262144,65536,0,3328,3328,,,target_radii
117,0,5331934183424,8,64,0,800256,100032,0,0,0,800256,0,entity_handles
117,1,5331934983680,4,64,800256,400128,100032,0,1536,13824,400128,0,integral_biases
117,2,5331935383808,4,64,1200384,400128,100032,0,256,20736,400128,0,float_biases
117,3,5331935783936,1,64,1600512,100032,100032,0,3072,27648,100032,0,tasks
117,4,5331935883968,4,64,1700544,400128,100032,0,704,62144,400128,0,locations.xs
117,5,5331936284096,4,64,2100672,400128,100032,0,3520,3520,400128,0,locations.ys
117,6,5331936684224,4,64,2500800,400128,100032,0,2240,10432,400128,0,locations.zs
117,7,5331937084352,4,64,2900928,400128,100032,0,960,17344,400128,0,desired_move_locations.xs
117,8,5331937484480,4,64,3301056,400128,100032,0,3776,24256,400128,0,desired_move_locations.ys
117,9,5331937884608,4,64,3701184,400128,100032,0,2496,31168,400128,0,desired_move_locations.zs
117,10,5331938284736,4,64,4101312,400128,100032,0,1216,38080,400128,0,aim_directions.xs
117,11,5331938684864,4,64,4501440,400128,100032,0,4032,44992,400128,0,aim_directions.ys
117,12,5331939084992,4,64,4901568,400128,100032,0,2752,51904,400128,0,aim_directions.zs
117,13,5331939485120,4,64,5301696,400128,100032,0,1472,58816,400128,0,desired_aiming_directions.xs
117,14,5331939885248,4,64,5701824,400128,100032,0,192,192,400128,0,desired_aiming_directions.ys
117,15,5331940285376,4,64,6101952,400128,100032,0,3008,7104,400128,0,desired_aiming_directions.zs
117,16,5331940685504,4,64,6502080,400128,100032,0,1728,14016,400128,0,movement_directions.xs
117,17,5331941085632,4,64,6902208,400128,100032,0,448,20928,400128,0,movement_directions.ys
117,18,5331941485760,4,64,7302336,400128,100032,0,3264,27840,400128,0,movement_directions.zs
117,19,5331941885888,4,64,7702464,400128,100032,0,1984,34752,400128,0,velocities.xs
117,20,5331942286016,4,64,8102592,400128,100032,0,704,41664,400128,0,velocities.ys
117,21,5331942686144,4,64,8502720,400128,100032,0,3520,48576,400128,0,velocities.zs
117,22,5331943086272,4,64,8902848,400128,100032,0,2240,55488,400128,0,move_distances
117,23,5331943486400,4,64,9302976,400128,100032,0,960,62400,400128,0,speeds
117,24,5331943886528,1,64,9703104,100032,100032,0,3776,3776,100032,0,teams
117,25,5331943986560,4,64,9803136,400128,100032,0,1408,38272,400128,0,healths
117,26,5331944386688,8,64,10203264,800256,100032,0,128,45184,800256,0,parent_handles
117,27,5331945186944,1,64,11003520,100032,100032,0,1664,59008,100032,0,awareness_scan_countdowns.counters
117,28,5331945286976,2,64,11103552,200064,100032,0,3392,27968,200064,0,navigation_update_countdowns.remaining_ticks
117,29,5331945487040,2,64,11303616,200064,100032,0,2752,31424,200064,0,navigation_update_countdowns.periods
117,30,5331945687104,4,64,11503680,400128,100032,0,2112,34880,400128,0,separation_steering.xs
117,31,5331946087232,4,64,11903808,400128,100032,0,832,41792,400128,0,separation_steering.ys
117,32,5331946487360,4,64,12303936,400128,100032,0,3648,48704,400128,0,separation_steering.zs
117,33,5331946887488,1,64,12704064,100032,100032,0,2368,55616,100032,0,navigation_risk_tiers
117,34,5331946987520,1,64,12804096,100032,100032,0,0,24576,100032,0,navigation_lower_risk_scan_counts
117,35,5331947087552,1,64,12904128,100032,100032,0,1728,59072,100032,0,avoidance_choice_indices
117,36,5331947187584,1,64,13004160,100032,100032,0,3456,28032,100032,0,avoidance_clear_scan_counts
117,37,5331947287616,2,64,13104192,200064,100032,0,1088,62528,200064,0,attack_reposition_countdowns.counters
117,38,5331947487680,2,64,13304256,200064,100032,0,448,448,200064,0,attack_cooldowns.counters
117,39,5331947687744,8,64,13504320,800256,100032,0,3904,3904,800256,0,target_handles
117,40,5331948488000,4,64,14304576,400128,100032,0,1344,17728,400128,0,target_locations.xs
117,41,5331948888128,4,64,14704704,400128,100032,0,64,24640,400128,0,target_locations.ys
117,42,5331949288256,4,64,15104832,400128,100032,0,2880,31552,400128,0,target_locations.zs
117,43,5331949688384,4,64,15504960,400128,100032,0,1600,38464,400128,0,target_velocities.xs
117,44,5331950088512,4,64,15905088,400128,100032,0,320,45376,400128,0,target_velocities.ys
117,45,5331950488640,4,64,16305216,400128,100032,0,3136,52288,400128,0,target_velocities.zs
117,46,5331950888768,4,64,16705344,400128,100032,0,1856,59200,400128,0,target_directions.xs
117,47,5331951288896,4,64,17105472,400128,100032,0,576,576,400128,0,target_directions.ys
117,48,5331951689024,4,64,17505600,400128,100032,0,3392,7488,400128,0,target_directions.zs
117,49,5331952089152,4,64,17905728,400128,100032,0,2112,14400,400128,0,intercept_times
117,50,5331952489280,4,64,18305856,400128,100032,0,832,21312,400128,0,target_distance_sq
117,51,5331952889408,4,64,18705984,400128,100032,0,3648,28224,400128,0,target_distances
117,52,5331953289536,4,64,19106112,400128,100032,0,2368,35136,,,target_radii
118,0,4695473717248,1,64,0,75008,75008,0,0,0,75200,192,bundle0.flags
118,1,4695473792448,2,64,75200,150016,75008,0,1472,9664,150208,192,bundle0.counters
118,2,4695473942656,4,64,225408,300032,75008,0,128,28800,300224,192,bundle0.counts
118,3,4695474242880,8,64,525632,600064,75008,0,1344,1344,600256,192,bundle0.totals
118,4,4695474843136,3,64,1125888,225024,75008,0,3584,11776,225216,192,bundle0.payloads
118,5,4695475068352,4,64,1351104,300032,75008,0,3520,40384,300224,192,bundle0.values
118,6,4695475368576,8,64,1651328,600064,75008,0,640,12928,600256,192,bundle0.rates
118,7,4695475968832,1,64,2251584,75008,75008,0,2880,23360,75200,192,bundle1.flags
118,8,4695476044032,2,64,2326784,150016,75008,0,256,33024,150208,192,bundle1.counters
118,9,4695476194240,4,64,2476992,300032,75008,0,3008,52160,300224,192,bundle1.counts
118,10,4695476494464,8,64,2777216,600064,75008,0,128,24704,600256,192,bundle1.totals
118,11,4695477094720,3,64,3377472,225024,75008,0,2368,35136,225216,192,bundle1.payloads
118,12,4695477319936,4,64,3602688,300032,75008,0,2304,63744,300224,192,bundle1.values
118,13,4695477620160,8,64,3902912,600064,75008,0,3520,36288,600256,192,bundle1.rates
118,14,4695478220416,1,64,4503168,75008,75008,0,1664,46720,75200,192,bundle2.flags
118,15,4695478295616,2,64,4578368,150016,75008,0,3136,56384,150208,192,bundle2.counters
118,16,4695478445824,4,64,4728576,300032,75008,0,1792,9984,300224,192,bundle2.counts
118,17,4695478746048,8,64,5028800,600064,75008,0,3008,48064,600256,192,bundle2.totals
118,18,4695479346304,3,64,5629056,225024,75008,0,1152,58496,225216,192,bundle2.payloads
118,19,4695479571520,4,64,5854272,300032,75008,0,1088,21568,300224,192,bundle2.values
118,20,4695479871744,8,64,6154496,600064,75008,0,2304,59648,600256,192,bundle2.rates
118,21,4695480472000,1,64,6754752,75008,75008,0,448,4544,75200,192,bundle3.flags
118,22,4695480547200,2,64,6829952,150016,75008,0,1920,14208,150208,192,bundle3.counters
118,23,4695480697408,4,64,6980160,300032,75008,0,576,33344,300224,192,bundle3.counts
118,24,4695480997632,8,64,7280384,600064,75008,0,1792,5888,600256,192,bundle3.totals
118,25,4695481597888,3,64,7880640,225024,75008,0,4032,16320,225216,192,bundle3.payloads
118,26,4695481823104,4,64,8105856,300032,75008,0,3968,44928,300224,192,bundle3.values
118,27,4695482123328,8,64,8406080,600064,75008,0,1088,17472,600256,192,bundle3.rates
118,28,4695482723584,1,64,9006336,75008,75008,0,3328,27904,75200,192,bundle4.flags
118,29,4695482798784,2,64,9081536,150016,75008,0,704,37568,150208,192,bundle4.counters
118,30,4695482948992,4,64,9231744,300032,75008,0,3456,56704,300224,192,bundle4.counts
118,31,4695483249216,8,64,9531968,600064,75008,0,576,29248,600256,192,bundle4.totals
118,32,4695483849472,3,64,10132224,225024,75008,0,2816,39680,225216,192,bundle4.payloads
118,33,4695484074688,4,64,10357440,300032,75008,0,2752,2752,300224,192,bundle4.values
118,34,4695484374912,8,64,10657664,600064,75008,0,3968,40832,600256,192,bundle4.rates
118,35,4695484975168,1,64,11257920,75008,75008,0,2112,51264,75200,192,bundle5.flags
118,36,4695485050368,2,64,11333120,150016,75008,0,3584,60928,150208,192,bundle5.counters
118,37,4695485200576,4,64,11483328,300032,75008,0,2240,14528,300224,192,bundle5.counts
118,38,4695485500800,8,64,11783552,600064,75008,0,3456,52608,600256,192,bundle5.totals
118,39,4695486101056,3,64,12383808,225024,75008,0,1600,63040,225216,192,bundle5.payloads
118,40,4695486326272,4,64,12609024,300032,75008,0,1536,26112,300224,192,bundle5.values
118,41,4695486626496,8,64,12909248,600064,75008,0,2752,64192,,,bundle5.rates
119,0,4581120212992,8,64,0,524800,65600,0,0,0,524992,192,entity_handles
119,1,4581120737984,4,64,524992,262400,65600,0,704,704,262592,192,integral_biases
119,2,4581121000576,4,64,787584,262400,65600,0,1152,1152,262592,192,float_biases
119,3,4581121263168,1,64,1050176,65600,65600,0,1600,1600,65792,192,tasks
119,4,4581121328960,4,64,1115968,262400,65600,0,1856,1856,262592,192,locations.xs
119,5,4581121591552,4,64,1378560,262400,65600,0,2304,2304,262592,192,locations.ys
119,6,4581121854144,4,64,1641152,262400,65600,0,2752,2752,262592,192,locations.zs
119,7,4581122116736,4,64,1903744,262400,65600,0,3200,3200,262592,192,desired_move_locations.xs
119,8,4581122379328,4,64,2166336,262400,65600,0,3648,3648,262592,192,desired_move_locations.ys
119,9,4581122641920,4,64,2428928,262400,65600,0,0,4096,262592,192,desired_move_locations.zs
119,10,4581122904512,4,64,2691520,262400,65600,0,448,4544,262592,192,aim_directions.xs
119,11,4581123167104,4,64,2954112,262400,65600,0,896,4992,262592,192,aim_directions.ys
119,12,4581123429696,4,64,3216704,262400,65600,0,1344,5440,262592,192,aim_directions.zs
119,13,4581123692288,4,64,3479296,262400,65600,0,1792,5888,262592,192,desired_aiming_directions.xs
119,14,4581123954880,4,64,3741888,262400,65600,0,2240,6336,262592,192,desired_aiming_directions.ys
119,15,4581124217472,4,64,4004480,262400,65600,0,2688,6784,262592,192,desired_aiming_directions.zs
119,16,4581124480064,4,64,4267072,262400,65600,0,3136,7232,262592,192,movement_directions.xs
119,17,4581124742656,4,64,4529664,262400,65600,0,3584,7680,262592,192,movement_directions.ys
119,18,4581125005248,4,64,4792256,262400,65600,0,4032,8128,262592,192,movement_directions.zs
119,19,4581125267840,4,64,5054848,262400,65600,0,384,8576,262592,192,velocities.xs
119,20,4581125530432,4,64,5317440,262400,65600,0,832,9024,262592,192,velocities.ys
119,21,4581125793024,4,64,5580032,262400,65600,0,1280,9472,262592,192,velocities.zs
119,22,4581126055616,4,64,5842624,262400,65600,0,1728,9920,262592,192,move_distances
119,23,4581126318208,4,64,6105216,262400,65600,0,2176,10368,262592,192,speeds
119,24,4581126580800,1,64,6367808,65600,65600,0,2624,10816,65792,192,teams
119,25,4581126646592,4,64,6433600,262400,65600,0,2880,11072,262592,192,healths
119,26,4581126909184,8,64,6696192,524800,65600,0,3328,11520,524992,192,parent_handles
119,27,4581127434176,1,64,7221184,65600,65600,0,4032,12224,65792,192,awareness_scan_countdowns.counters
119,28,4581127499968,2,64,7286976,131200,65600,0,192,12480,131392,192,navigation_update_countdowns.remaining_ticks
119,29,4581127631360,2,64,7418368,131200,65600,0,512,12800,131392,192,navigation_update_countdowns.periods
119,30,4581127762752,4,64,7549760,262400,65600,0,832,13120,262592,192,separation_steering.xs
119,31,4581128025344,4,64,7812352,262400,65600,0,1280,13568,262592,192,separation_steering.ys
119,32,4581128287936,4,64,8074944,262400,65600,0,1728,14016,262592,192,separation_steering.zs
119,33,4581128550528,1,64,8337536,65600,65600,0,2176,14464,65792,192,navigation_risk_tiers
119,34,4581128616320,1,64,8403328,65600,65600,0,2432,14720,65792,192,navigation_lower_risk_scan_counts
119,35,4581128682112,1,64,8469120,65600,65600,0,2688,14976,65792,192,avoidance_choice_indices
119,36,4581128747904,1,64,8534912,65600,65600,0,2944,15232,65792,192,avoidance_clear_scan_counts
119,37,4581128813696,2,64,8600704,131200,65600,0,3200,15488,131392,192,attack_reposition_countdowns.counters
119,38,4581128945088,2,64,8732096,131200,65600,0,3520,15808,131392,192,attack_cooldowns.counters
119,39,4581129076480,8,64,8863488,524800,65600,0,3840,16128,524992,192,target_handles
119,40,4581129601472,4,64,9388480,262400,65600,0,448,16832,262592,192,target_locations.xs
119,41,4581129864064,4,64,9651072,262400,65600,0,896,17280,262592,192,target_locations.ys
119,42,4581130126656,4,64,9913664,262400,65600,0,1344,17728,262592,192,target_locations.zs
119,43,4581130389248,4,64,10176256,262400,65600,0,1792,18176,262592,192,target_velocities.xs
119,44,4581130651840,4,64,10438848,262400,65600,0,2240,18624,262592,192,target_velocities.ys
119,45,4581130914432,4,64,10701440,262400,65600,0,2688,19072,262592,192,target_velocities.zs
119,46,4581131177024,4,64,10964032,262400,65600,0,3136,19520,262592,192,target_directions.xs
119,47,4581131439616,4,64,11226624,262400,65600,0,3584,19968,262592,192,target_directions.ys
119,48,4581131702208,4,64,11489216,262400,65600,0,4032,20416,262592,192,target_directions.zs
119,49,4581131964800,4,64,11751808,262400,65600,0,384,20864,262592,192,intercept_times
119,50,4581132227392,4,64,12014400,262400,65600,0,832,21312,262592,192,target_distance_sq
119,51,4581132489984,4,64,12276992,262400,65600,0,1280,21760,262592,192,target_distances
119,52,4581132752576,4,64,12539584,262400,65600,0,1728,22208,,,target_radii
120,0,3493956616192,1,64,0,131072,131072,0,0,0,131136,64,bundle0.flags
120,1,3493956747328,2,64,131136,262144,131072,0,64,64,262208,64,bundle0.counters
120,2,3493957009536,4,64,393344,524288,131072,0,128,128,524352,64,bundle0.counts
120,3,3493957533888,8,64,917696,1048576,131072,0,192,192,1048640,64,bundle0.totals
120,4,3493958582528,3,64,1966336,393216,131072,0,256,256,393280,64,bundle0.payloads
120,5,3493958975808,4,64,2359616,524288,131072,0,320,320,524352,64,bundle0.values
120,6,3493959500160,8,64,2883968,1048576,131072,0,384,384,1048640,64,bundle0.rates
120,7,3493960548800,1,64,3932608,131072,131072,0,448,448,131136,64,bundle1.flags
120,8,3493960679936,2,64,4063744,262144,131072,0,512,512,262208,64,bundle1.counters
120,9,3493960942144,4,64,4325952,524288,131072,0,576,576,524352,64,bundle1.counts
120,10,3493961466496,8,64,4850304,1048576,131072,0,640,640,1048640,64,bundle1.totals
120,11,3493962515136,3,64,5898944,393216,131072,0,704,704,393280,64,bundle1.payloads
120,12,3493962908416,4,64,6292224,524288,131072,0,768,768,524352,64,bundle1.values
120,13,3493963432768,8,64,6816576,1048576,131072,0,832,832,1048640,64,bundle1.rates
120,14,3493964481408,1,64,7865216,131072,131072,0,896,896,131136,64,bundle2.flags
120,15,3493964612544,2,64,7996352,262144,131072,0,960,960,262208,64,bundle2.counters
120,16,3493964874752,4,64,8258560,524288,131072,0,1024,1024,524352,64,bundle2.counts
120,17,3493965399104,8,64,8782912,1048576,131072,0,1088,1088,1048640,64,bundle2.totals
120,18,3493966447744,3,64,9831552,393216,131072,0,1152,1152,393280,64,bundle2.payloads
120,19,3493966841024,4,64,10224832,524288,131072,0,1216,1216,524352,64,bundle2.values
120,20,3493967365376,8,64,10749184,1048576,131072,0,1280,1280,1048640,64,bundle2.rates
120,21,3493968414016,1,64,11797824,131072,131072,0,1344,1344,131136,64,bundle3.flags
120,22,3493968545152,2,64,11928960,262144,131072,0,1408,1408,262208,64,bundle3.counters
120,23,3493968807360,4,64,12191168,524288,131072,0,1472,1472,524352,64,bundle3.counts
120,24,3493969331712,8,64,12715520,1048576,131072,0,1536,1536,1048640,64,bundle3.totals
120,25,3493970380352,3,64,13764160,393216,131072,0,1600,1600,393280,64,bundle3.payloads
120,26,3493970773632,4,64,14157440,524288,131072,0,1664,1664,524352,64,bundle3.values
120,27,3493971297984,8,64,14681792,1048576,131072,0,1728,1728,1048640,64,bundle3.rates
120,28,3493972346624,1,64,15730432,131072,131072,0,1792,1792,131136,64,bundle4.flags
120,29,3493972477760,2,64,15861568,262144,131072,0,1856,1856,262208,64,bundle4.counters
120,30,3493972739968,4,64,16123776,524288,131072,0,1920,1920,524352,64,bundle4.counts
120,31,3493973264320,8,64,16648128,1048576,131072,0,1984,1984,1048640,64,bundle4.totals
120,32,3493974312960,3,64,17696768,393216,131072,0,2048,2048,393280,64,bundle4.payloads
120,33,3493974706240,4,64,18090048,524288,131072,0,2112,2112,524352,64,bundle4.values
120,34,3493975230592,8,64,18614400,1048576,131072,0,2176,2176,1048640,64,bundle4.rates
120,35,3493976279232,1,64,19663040,131072,131072,0,2240,2240,131136,64,bundle5.flags
120,36,3493976410368,2,64,19794176,262144,131072,0,2304,2304,262208,64,bundle5.counters
120,37,3493976672576,4,64,20056384,524288,131072,0,2368,2368,524352,64,bundle5.counts
120,38,3493977196928,8,64,20580736,1048576,131072,0,2432,2432,1048640,64,bundle5.totals
120,39,3493978245568,3,64,21629376,393216,131072,0,2496,2496,393280,64,bundle5.payloads
120,40,3493978638848,4,64,22022656,524288,131072,0,2560,2560,524352,64,bundle5.values
120,41,3493979163200,8,64,22547008,1048576,131072,0,2624,2624,,,bundle5.rates
121,0,6474428317696,4,64,0,300032,75008,0,0,0,300032,0,bundle0.positions
121,1,6474428617728,4,64,300032,300032,75008,0,1024,37888,300032,0,bundle0.velocities
121,2,6474428917760,32,64,600064,2400256,75008,0,2048,10240,2400256,0,bundle0.aligned32
121,3,6474431318016,64,64,3000320,4800512,75008,0,2048,51200,4800512,0,bundle0.aligned64
121,4,6474436118528,256,256,7800832,19202048,75008,0,2048,2048,19202048,0,bundle0.aligned256
121,5,6474455320576,4,64,27002880,300032,75008,0,2048,2048,300032,0,bundle1.positions
121,6,6474455620608,4,64,27302912,300032,75008,0,3072,39936,300032,0,bundle1.velocities
121,7,6474455920640,32,64,27602944,2400256,75008,0,0,12288,2400256,0,bundle1.aligned32
121,8,6474458320896,64,64,30003200,4800512,75008,0,0,53248,4800512,0,bundle1.aligned64
121,9,6474463121408,256,256,34803712,19202048,75008,0,0,4096,19202048,0,bundle1.aligned256
121,10,6474482323456,4,64,54005760,300032,75008,0,0,4096,300032,0,bundle2.positions
121,11,6474482623488,4,64,54305792,300032,75008,0,1024,41984,300032,0,bundle2.velocities
121,12,6474482923520,32,64,54605824,2400256,75008,0,2048,14336,2400256,0,bundle2.aligned32
121,13,6474485323776,64,64,57006080,4800512,75008,0,2048,55296,4800512,0,bundle2.aligned64
121,14,6474490124288,256,256,61806592,19202048,75008,0,2048,6144,,,bundle2.aligned256
122,0,4874520166400,1,64,0,131072,131072,0,0,0,131264,192,bundle0.flags
122,1,4874520297664,2,64,131264,262144,131072,0,192,192,262336,192,bundle0.counters
122,2,4874520560000,4,64,393600,524288,131072,0,384,384,524480,192,bundle0.counts
122,3,4874521084480,8,64,918080,1048576,131072,0,576,576,1048768,192,bundle0.totals
122,4,4874522133248,3,64,1966848,393216,131072,0,768,768,393408,192,bundle0.payloads
122,5,4874522526656,4,64,2360256,524288,131072,0,960,960,524480,192,bundle0.values
122,6,4874523051136,8,64,2884736,1048576,131072,0,1152,1152,1048768,192,bundle0.rates
122,7,4874524099904,1,64,3933504,131072,131072,0,1344,1344,131264,192,bundle1.flags
122,8,4874524231168,2,64,4064768,262144,131072,0,1536,1536,262336,192,bundle1.counters
122,9,4874524493504,4,64,4327104,524288,131072,0,1728,1728,524480,192,bundle1.counts
122,10,4874525017984,8,64,4851584,1048576,131072,0,1920,1920,1048768,192,bundle1.totals
122,11,4874526066752,3,64,5900352,393216,131072,0,2112,2112,393408,192,bundle1.payloads
122,12,4874526460160,4,64,6293760,524288,131072,0,2304,2304,524480,192,bundle1.values
122,13,4874526984640,8,64,6818240,1048576,131072,0,2496,2496,1048768,192,bundle1.rates
122,14,4874528033408,1,64,7867008,131072,131072,0,2688,2688,131264,192,bundle2.flags
122,15,4874528164672,2,64,7998272,262144,131072,0,2880,2880,262336,192,bundle2.counters
122,16,4874528427008,4,64,8260608,524288,131072,0,3072,3072,524480,192,bundle2.counts
122,17,4874528951488,8,64,8785088,1048576,131072,0,3264,3264,1048768,192,bundle2.totals
122,18,4874530000256,3,64,9833856,393216,131072,0,3456,3456,393408,192,bundle2.payloads
122,19,4874530393664,4,64,10227264,524288,131072,0,3648,3648,524480,192,bundle2.values
122,20,4874530918144,8,64,10751744,1048576,131072,0,3840,3840,1048768,192,bundle2.rates
122,21,4874531966912,1,64,11800512,131072,131072,0,4032,4032,131264,192,bundle3.flags
122,22,4874532098176,2,64,11931776,262144,131072,0,128,4224,262336,192,bundle3.counters
122,23,4874532360512,4,64,12194112,524288,131072,0,320,4416,524480,192,bundle3.counts
122,24,4874532884992,8,64,12718592,1048576,131072,0,512,4608,1048768,192,bundle3.totals
122,25,4874533933760,3,64,13767360,393216,131072,0,704,4800,393408,192,bundle3.payloads
122,26,4874534327168,4,64,14160768,524288,131072,0,896,4992,524480,192,bundle3.values
122,27,4874534851648,8,64,14685248,1048576,131072,0,1088,5184,1048768,192,bundle3.rates
122,28,4874535900416,1,64,15734016,131072,131072,0,1280,5376,131264,192,bundle4.flags
122,29,4874536031680,2,64,15865280,262144,131072,0,1472,5568,262336,192,bundle4.counters
122,30,4874536294016,4,64,16127616,524288,131072,0,1664,5760,524480,192,bundle4.counts
122,31,4874536818496,8,64,16652096,1048576,131072,0,1856,5952,1048768,192,bundle4.totals
122,32,4874537867264,3,64,17700864,393216,131072,0,2048,6144,393408,192,bundle4.payloads
122,33,4874538260672,4,64,18094272,524288,131072,0,2240,6336,524480,192,bundle4.values
122,34,4874538785152,8,64,18618752,1048576,131072,0,2432,6528,1048768,192,bundle4.rates
122,35,4874539833920,1,64,19667520,131072,131072,0,2624,6720,131264,192,bundle5.flags
122,36,4874539965184,2,64,19798784,262144,131072,0,2816,6912,262336,192,bundle5.counters
122,37,4874540227520,4,64,20061120,524288,131072,0,3008,7104,524480,192,bundle5.counts
122,38,4874540752000,8,64,20585600,1048576,131072,0,3200,7296,1048768,192,bundle5.totals
122,39,4874541800768,3,64,21634368,393216,131072,0,3392,7488,393408,192,bundle5.payloads
122,40,4874542194176,4,64,22027776,524288,131072,0,3584,7680,524480,192,bundle5.values
122,41,4874542718656,8,64,22552256,1048576,131072,0,3776,7872,,,bundle5.rates
123,0,2546379456512,8,64,0,800256,100032,0,0,0,800256,0,entity_handles
123,1,2546380256768,4,64,800256,400128,100032,0,1536,13824,400128,0,integral_biases
123,2,2546380656896,4,64,1200384,400128,100032,0,256,20736,400128,0,float_biases
123,3,2546381057024,1,64,1600512,100032,100032,0,3072,27648,100032,0,tasks
123,4,2546381157056,4,64,1700544,400128,100032,0,704,62144,400128,0,locations.xs
123,5,2546381557184,4,64,2100672,400128,100032,0,3520,3520,400128,0,locations.ys
123,6,2546381957312,4,64,2500800,400128,100032,0,2240,10432,400128,0,locations.zs
123,7,2546382357440,4,64,2900928,400128,100032,0,960,17344,400128,0,desired_move_locations.xs
123,8,2546382757568,4,64,3301056,400128,100032,0,3776,24256,400128,0,desired_move_locations.ys
123,9,2546383157696,4,64,3701184,400128,100032,0,2496,31168,400128,0,desired_move_locations.zs
123,10,2546383557824,4,64,4101312,400128,100032,0,1216,38080,400128,0,aim_directions.xs
123,11,2546383957952,4,64,4501440,400128,100032,0,4032,44992,400128,0,aim_directions.ys
123,12,2546384358080,4,64,4901568,400128,100032,0,2752,51904,400128,0,aim_directions.zs
123,13,2546384758208,4,64,5301696,400128,100032,0,1472,58816,400128,0,desired_aiming_directions.xs
123,14,2546385158336,4,64,5701824,400128,100032,0,192,192,400128,0,desired_aiming_directions.ys
123,15,2546385558464,4,64,6101952,400128,100032,0,3008,7104,400128,0,desired_aiming_directions.zs
123,16,2546385958592,4,64,6502080,400128,100032,0,1728,14016,400128,0,movement_directions.xs
123,17,2546386358720,4,64,6902208,400128,100032,0,448,20928,400128,0,movement_directions.ys
123,18,2546386758848,4,64,7302336,400128,100032,0,3264,27840,400128,0,movement_directions.zs
123,19,2546387158976,4,64,7702464,400128,100032,0,1984,34752,400128,0,velocities.xs
123,20,2546387559104,4,64,8102592,400128,100032,0,704,41664,400128,0,velocities.ys
123,21,2546387959232,4,64,8502720,400128,100032,0,3520,48576,400128,0,velocities.zs
123,22,2546388359360,4,64,8902848,400128,100032,0,2240,55488,400128,0,move_distances
123,23,2546388759488,4,64,9302976,400128,100032,0,960,62400,400128,0,speeds
123,24,2546389159616,1,64,9703104,100032,100032,0,3776,3776,100032,0,teams
123,25,2546389259648,4,64,9803136,400128,100032,0,1408,38272,400128,0,healths
123,26,2546389659776,8,64,10203264,800256,100032,0,128,45184,800256,0,parent_handles
123,27,2546390460032,1,64,11003520,100032,100032,0,1664,59008,100032,0,awareness_scan_countdowns.counters
123,28,2546390560064,2,64,11103552,200064,100032,0,3392,27968,200064,0,navigation_update_countdowns.remaining_ticks
123,29,2546390760128,2,64,11303616,200064,100032,0,2752,31424,200064,0,navigation_update_countdowns.periods
123,30,2546390960192,4,64,11503680,400128,100032,0,2112,34880,400128,0,separation_steering.xs
123,31,2546391360320,4,64,11903808,400128,100032,0,832,41792,400128,0,separation_steering.ys
123,32,2546391760448,4,64,12303936,400128,100032,0,3648,48704,400128,0,separation_steering.zs
123,33,2546392160576,1,64,12704064,100032,100032,0,2368,55616,100032,0,navigation_risk_tiers
123,34,2546392260608,1,64,12804096,100032,100032,0,0,24576,100032,0,navigation_lower_risk_scan_counts
123,35,2546392360640,1,64,12904128,100032,100032,0,1728,59072,100032,0,avoidance_choice_indices
123,36,2546392460672,1,64,13004160,100032,100032,0,3456,28032,100032,0,avoidance_clear_scan_counts
123,37,2546392560704,2,64,13104192,200064,100032,0,1088,62528,200064,0,attack_reposition_countdowns.counters
123,38,2546392760768,2,64,13304256,200064,100032,0,448,448,200064,0,attack_cooldowns.counters
123,39,2546392960832,8,64,13504320,800256,100032,0,3904,3904,800256,0,target_handles
123,40,2546393761088,4,64,14304576,400128,100032,0,1344,17728,400128,0,target_locations.xs
123,41,2546394161216,4,64,14704704,400128,100032,0,64,24640,400128,0,target_locations.ys
123,42,2546394561344,4,64,15104832,400128,100032,0,2880,31552,400128,0,target_locations.zs
123,43,2546394961472,4,64,15504960,400128,100032,0,1600,38464,400128,0,target_velocities.xs
123,44,2546395361600,4,64,15905088,400128,100032,0,320,45376,400128,0,target_velocities.ys
123,45,2546395761728,4,64,16305216,400128,100032,0,3136,52288,400128,0,target_velocities.zs
123,46,2546396161856,4,64,16705344,400128,100032,0,1856,59200,400128,0,target_directions.xs
123,47,2546396561984,4,64,17105472,400128,100032,0,576,576,400128,0,target_directions.ys
123,48,2546396962112,4,64,17505600,400128,100032,0,3392,7488,400128,0,target_directions.zs
123,49,2546397362240,4,64,17905728,400128,100032,0,2112,14400,400128,0,intercept_times
123,50,2546397762368,4,64,18305856,400128,100032,0,832,21312,400128,0,target_distance_sq
123,51,2546398162496,4,64,18705984,400128,100032,0,3648,28224,400128,0,target_distances
123,52,2546398562624,4,64,19106112,400128,100032,0,2368,35136,,,target_radii
124,0,4520722235392,8,64,0,524288,65536,0,0,0,524480,192,positions0.xs
124,1,4520722759872,8,64,524480,524288,65536,0,192,192,524480,192,positions0.ys
124,2,4520723284352,8,64,1048960,524288,65536,0,384,384,524480,192,positions0.zs
124,3,4520723808832,8,64,1573440,524288,65536,0,576,576,524480,192,velocities0.xs
124,4,4520724333312,8,64,2097920,524288,65536,0,768,768,524480,192,velocities0.ys
124,5,4520724857792,8,64,2622400,524288,65536,0,960,960,524480,192,velocities0.zs
124,6,4520725382272,8,64,3146880,524288,65536,0,1152,1152,524480,192,positions1.xs
124,7,4520725906752,8,64,3671360,524288,65536,0,1344,1344,524480,192,positions1.ys
124,8,4520726431232,8,64,4195840,524288,65536,0,1536,1536,524480,192,positions1.zs
124,9,4520726955712,8,64,4720320,524288,65536,0,1728,1728,524480,192,velocities1.xs
124,10,4520727480192,8,64,5244800,524288,65536,0,1920,1920,524480,192,velocities1.ys
124,11,4520728004672,8,64,5769280,524288,65536,0,2112,2112,524480,192,velocities1.zs
124,12,4520728529152,8,64,6293760,524288,65536,0,2304,2304,524480,192,positions2.xs
124,13,4520729053632,8,64,6818240,524288,65536,0,2496,2496,524480,192,positions2.ys
124,14,4520729578112,8,64,7342720,524288,65536,0,2688,2688,524480,192,positions2.zs
124,15,4520730102592,8,64,7867200,524288,65536,0,2880,2880,524480,192,velocities2.xs
124,16,4520730627072,8,64,8391680,524288,65536,0,3072,3072,524480,192,velocities2.ys
124,17,4520731151552,8,64,8916160,524288,65536,0,3264,3264,524480,192,velocities2.zs
124,18,4520731676032,8,64,9440640,524288,65536,0,3456,3456,524480,192,positions3.xs
124,19,4520732200512,8,64,9965120,524288,65536,0,3648,3648,524480,192,positions3.ys
124,20,4520732724992,8,64,10489600,524288,65536,0,3840,3840,524480,192,positions3.zs
124,21,4520733249472,8,64,11014080,524288,65536,0,4032,4032,524480,192,velocities3.xs
124,22,4520733773952,8,64,11538560,524288,65536,0,128,4224,524480,192,velocities3.ys
124,23,4520734298432,8,64,12063040,524288,65536,0,320,4416,,,velocities3.zs
125,0,2863412871168,8,4,0,524288,65536,0,0,0,1048576,524288,entity_handles
125,1,2863413919744,4,4,0,262144,65536,0,0,0,327680,65536,integral_biases
125,2,2863414247424,4,4,0,262144,65536,0,0,0,-2293760,-2555904,float_biases
125,3,2863411953664,1,1,0,65536,65536,0,0,0,2621440,2555904,tasks
125,4,2863414575104,4,4,0,262144,65536,0,0,0,327680,65536,locations.xs
125,5,2863414902784,4,4,0,262144,65536,0,0,0,327680,65536,locations.ys
125,6,2863415230464,4,4,0,262144,65536,0,0,0,327680,65536,locations.zs
125,7,2863415558144,4,4,0,262144,65536,0,0,0,327680,65536,desired_move_locations.xs
125,8,2863415885824,4,4,0,262144,65536,0,0,0,327680,65536,desired_move_locations.ys
125,9,2863416213504,4,4,0,262144,65536,0,0,0,327680,65536,desired_move_locations.zs
125,10,2863416541184,4,4,0,262144,65536,0,0,0,327680,65536,aim_directions.xs
125,11,2863416868864,4,4,0,262144,65536,0,0,0,327680,65536,aim_directions.ys
125,12,2863417196544,4,4,0,262144,65536,0,0,0,655360,393216,aim_directions.zs
125,13,2863417851904,4,4,0,262144,65536,0,0,0,327680,65536,desired_aiming_directions.xs
125,14,2863418179584,4,4,0,262144,65536,0,0,0,327680,65536,desired_aiming_directions.ys
125,15,2863418507264,4,4,0,262144,65536,0,0,0,327680,65536,desired_aiming_directions.zs
125,16,2863418834944,4,4,0,262144,65536,0,0,0,327680,65536,movement_directions.xs
125,17,2863419162624,4,4,0,262144,65536,0,0,0,327680,65536,movement_directions.ys
125,18,2863419490304,4,4,0,262144,65536,0,0,0,327680,65536,movement_directions.zs
125,19,2863419817984,4,4,0,262144,65536,0,0,0,327680,65536,velocities.xs
125,20,2863420145664,4,4,0,262144,65536,0,0,0,327680,65536,velocities.ys
125,21,2863420473344,4,4,0,262144,65536,0,0,0,327680,65536,velocities.zs
125,22,2863420801024,4,4,0,262144,65536,0,0,0,327680,65536,move_distances
125,23,2863421128704,4,4,0,262144,65536,0,0,0,-9109504,-9371648,speeds
125,24,2863412019200,1,1,0,65536,65536,0,0,0,9437184,9371648,teams
125,25,2863421456384,4,4,0,262144,65536,0,0,0,327680,65536,healths
125,26,2863421784064,8,4,0,524288,65536,0,0,0,-9699328,-10223616,parent_handles
125,27,2863412084736,1,1,0,65536,65536,0,0,0,-1114112,-1179648,awareness_scan_countdowns.counters
125,28,2863410970624,2,2,0,131072,65536,0,0,0,131072,0,navigation_update_countdowns.remaining_ticks
125,29,2863411101696,2,2,0,131072,65536,0,0,0,11730944,11599872,navigation_update_countdowns.periods
125,30,2863422832640,4,4,0,262144,65536,0,0,0,327680,65536,separation_steering.xs
125,31,2863423160320,4,4,0,262144,65536,0,0,0,327680,65536,separation_steering.ys
125,32,2863423488000,4,4,0,262144,65536,0,0,0,-11337728,-11599872,separation_steering.zs
125,33,2863412150272,1,1,0,65536,65536,0,0,0,65536,0,navigation_risk_tiers
125,34,2863412215808,1,1,0,65536,65536,0,0,0,65536,0,navigation_lower_risk_scan_counts
125,35,2863412281344,1,1,0,65536,65536,0,0,0,11534336,11468800,avoidance_choice_indices
125,36,2863423815680,1,1,0,65536,65536,0,0,0,524288,458752,avoidance_clear_scan_counts
125,37,2863424339968,2,2,0,131072,65536,0,0,0,131072,0,attack_reposition_countdowns.counters
125,38,2863424471040,2,2,0,131072,65536,0,0,0,393216,262144,attack_cooldowns.counters
125,39,2863424864256,8,4,0,524288,65536,0,0,0,1376256,851968,target_handles
125,40,2863426240512,4,4,0,262144,65536,0,0,0,327680,65536,target_locations.xs
125,41,2863426568192,4,4,0,262144,65536,0,0,0,327680,65536,target_locations.ys
125,42,2863426895872,4,4,0,262144,65536,0,0,0,327680,65536,target_locations.zs
125,43,2863427223552,4,4,0,262144,65536,0,0,0,327680,65536,target_velocities.xs
125,44,2863427551232,4,4,0,262144,65536,0,0,0,327680,65536,target_velocities.ys
125,45,2863427878912,4,4,0,262144,65536,0,0,0,327680,65536,target_velocities.zs
125,46,2863428206592,4,4,0,262144,65536,0,0,0,327680,65536,target_directions.xs
125,47,2863428534272,4,4,0,262144,65536,0,0,0,327680,65536,target_directions.ys
125,48,2863428861952,4,4,0,262144,65536,0,0,0,327680,65536,target_directions.zs
125,49,2863429189632,4,4,0,262144,65536,0,0,0,327680,65536,intercept_times
125,50,2863429517312,4,4,0,262144,65536,0,0,0,327680,65536,target_distance_sq
125,51,2863429844992,4,4,0,262144,65536,0,0,0,327680,65536,target_distances
125,52,2863430172672,4,4,0,262144,65536,0,0,0,,,target_radii
126,0,4380598927360,8,64,0,600064,75008,0,0,0,600256,192,entity_handles
126,1,4380599527616,4,64,600256,300032,75008,0,2240,10432,300224,192,integral_biases
126,2,4380599827840,4,64,900480,300032,75008,0,3456,48512,300224,192,float_biases
126,3,4380600128064,1,64,1200704,75008,75008,0,576,21056,75200,192,tasks
126,4,4380600203264,4,64,1275904,300032,75008,0,2048,30720,300224,192,locations.xs
126,5,4380600503488,4,64,1576128,300032,75008,0,3264,3264,300224,192,locations.ys
126,6,4380600803712,4,64,1876352,300032,75008,0,384,41344,300224,192,locations.zs
126,7,4380601103936,4,64,2176576,300032,75008,0,1600,13888,300224,192,desired_move_locations.xs
126,8,4380601404160,4,64,2476800,300032,75008,0,2816,51968,300224,192,desired_move_locations.ys
126,9,4380601704384,4,64,2777024,300032,75008,0,4032,24512,300224,192,desired_move_locations.zs
126,10,4380602004608,4,64,3077248,300032,75008,0,1152,62592,300224,192,aim_directions.xs
126,11,4380602304832,4,64,3377472,300032,75008,0,2368,35136,300224,192,aim_directions.ys
126,12,4380602605056,4,64,3677696,300032,75008,0,3584,7680,300224,192,aim_directions.zs
126,13,4380602905280,4,64,3977920,300032,75008,0,704,45760,300224,192,desired_aiming_directions.xs
126,14,4380603205504,4,64,4278144,300032,75008,0,1920,18304,300224,192,desired_aiming_directions.ys
126,15,4380603505728,4,64,4578368,300032,75008,0,3136,56384,300224,192,desired_aiming_directions.zs
126,16,4380603805952,4,64,4878592,300032,75008,0,256,28928,300224,192,movement_directions.xs
126,17,4380604106176,4,64,5178816,300032,75008,0,1472,1472,300224,192,movement_directions.ys
126,18,4380604406400,4,64,5479040,300032,75008,0,2688,39552,300224,192,movement_directions.zs
126,19,4380604706624,4,64,5779264,300032,75008,0,3904,12096,300224,192,velocities.xs
126,20,4380605006848,4,64,6079488,300032,75008,0,1024,50176,300224,192,velocities.ys
126,21,4380605307072,4,64,6379712,300032,75008,0,2240,22720,300224,192,velocities.zs
126,22,4380605607296,4,64,6679936,300032,75008,0,3456,60800,300224,192,move_distances
126,23,4380605907520,4,64,6980160,300032,75008,0,576,33344,300224,192,speeds
126,24,4380606207744,1,64,7280384,75008,75008,0,1792,5888,75200,192,teams
126,25,4380606282944,4,64,7355584,300032,75008,0,3264,15552,300224,192,healths
126,26,4380606583168,8,64,7655808,600064,75008,0,384,53632,600256,192,parent_handles
126,27,4380607183424,1,64,8256064,75008,75008,0,2624,64064,75200,192,awareness_scan_countdowns.counters
126,28,4380607258624,2,64,8331264,150016,75008,0,0,8192,150208,192,navigation_update_countdowns.remaining_ticks
126,29,4380607408832,2,64,8481472,150016,75008,0,2752,27328,150208,192,navigation_update_countdowns.periods
126,30,4380607559040,4,64,8631680,300032,75008,0,1408,46464,300224,192,separation_steering.xs
126,31,4380607859264,4,64,8931904,300032,75008,0,2624,19008,300224,192,separation_steering.ys
126,32,4380608159488,4,64,9232128,300032,75008,0,3840,57088,300224,192,separation_steering.zs
126,33,4380608459712,1,64,9532352,75008,75008,0,960,29632,75200,192,navigation_risk_tiers
126,34,4380608534912,1,64,9607552,75008,75008,0,2432,39296,75200,192,navigation_lower_risk_scan_counts
126,35,4380608610112,1,64,9682752,75008,75008,0,3904,48960,75200,192,avoidance_choice_indices
126,36,4380608685312,1,64,9757952,75008,75008,0,1280,58624,75200,192,avoidance_clear_scan_counts
126,37,4380608760512,2,64,9833152,150016,75008,0,2752,2752,150208,192,attack_reposition_countdowns.counters
126,38,4380608910720,2,64,9983360,150016,75008,0,1408,21888,150208,192,attack_cooldowns.counters
126,39,4380609060928,8,64,10133568,600064,75008,0,64,41024,600256,192,target_handles
126,40,4380609661184,4,64,10733824,300032,75008,0,2304,51456,300224,192,target_locations.xs
126,41,4380609961408,4,64,11034048,300032,75008,0,3520,24000,300224,192,target_locations.ys
126,42,4380610261632,4,64,11334272,300032,75008,0,640,62080,300224,192,target_locations.zs
126,43,4380610561856,4,64,11634496,300032,75008,0,1856,34624,300224,192,target_velocities.xs
126,44,4380610862080,4,64,11934720,300032,75008,0,3072,7168,300224,192,target_velocities.ys
126,45,4380611162304,4,64,12234944,300032,75008,0,192,45248,300224,192,target_velocities.zs
126,46,4380611462528,4,64,12535168,300032,75008,0,1408,17792,300224,192,target_directions.xs
126,47,4380611762752,4,64,12835392,300032,75008,0,2624,55872,300224,192,target_directions.ys
126,48,4380612062976,4,64,13135616,300032,75008,0,3840,28416,300224,192,target_directions.zs
126,49,4380612363200,4,64,13435840,300032,75008,0,960,960,300224,192,intercept_times
126,50,4380612663424,4,64,13736064,300032,75008,0,2176,39040,300224,192,target_distance_sq
126,51,4380612963648,4,64,14036288,300032,75008,0,3392,11584,300224,192,target_distances
126,52,4380613263872,4,64,14336512,300032,75008,0,512,49664,,,target_radii
127,0,3974992953344,8,64,0,524288,65536,0,0,0,524288,0,positions0.xs
127,1,3974993477632,8,64,524288,524288,65536,0,0,0,524288,0,positions0.ys
127,2,3974994001920,8,64,1048576,524288,65536,0,0,0,524288,0,positions0.zs
127,3,3974994526208,8,64,1572864,524288,65536,0,0,0,524288,0,velocities0.xs
127,4,3974995050496,8,64,2097152,524288,65536,0,0,0,524288,0,velocities0.ys
127,5,3974995574784,8,64,2621440,524288,65536,0,0,0,524288,0,velocities0.zs
127,6,3974996099072,8,64,3145728,524288,65536,0,0,0,524288,0,positions1.xs
127,7,3974996623360,8,64,3670016,524288,65536,0,0,0,524288,0,positions1.ys
127,8,3974997147648,8,64,4194304,524288,65536,0,0,0,524288,0,positions1.zs
127,9,3974997671936,8,64,4718592,524288,65536,0,0,0,524288,0,velocities1.xs
127,10,3974998196224,8,64,5242880,524288,65536,0,0,0,524288,0,velocities1.ys
127,11,3974998720512,8,64,5767168,524288,65536,0,0,0,524288,0,velocities1.zs
127,12,3974999244800,8,64,6291456,524288,65536,0,0,0,524288,0,positions2.xs
127,13,3974999769088,8,64,6815744,524288,65536,0,0,0,524288,0,positions2.ys
127,14,3975000293376,8,64,7340032,524288,65536,0,0,0,524288,0,positions2.zs
127,15,3975000817664,8,64,7864320,524288,65536,0,0,0,524288,0,velocities2.xs
127,16,3975001341952,8,64,8388608,524288,65536,0,0,0,524288,0,velocities2.ys
127,17,3975001866240,8,64,8912896,524288,65536,0,0,0,524288,0,velocities2.zs
127,18,3975002390528,8,64,9437184,524288,65536,0,0,0,524288,0,positions3.xs
127,19,3975002914816,8,64,9961472,524288,65536,0,0,0,524288,0,positions3.ys
127,20,3975003439104,8,64,10485760,524288,65536,0,0,0,524288,0,positions3.zs
127,21,3975003963392,8,64,11010048,524288,65536,0,0,0,524288,0,velocities3.xs
127,22,3975004487680,8,64,11534336,524288,65536,0,0,0,524288,0,velocities3.ys
127,23,3975005011968,8,64,12058624,524288,65536,0,0,0,,,velocities3.zs
128,0,5421054754816,8,64,0,524288,65536,0,0,0,524480,192,positions0.xs
128,1,5421055279296,8,64,524480,524288,65536,0,192,192,524480,192,positions0.ys
128,2,5421055803776,8,64,1048960,524288,65536,0,384,384,524480,192,positions0.zs
128,3,5421056328256,8,64,1573440,524288,65536,0,576,576,524480,192,velocities0.xs
128,4,5421056852736,8,64,2097920,524288,65536,0,768,768,524480,192,velocities0.ys
128,5,5421057377216,8,64,2622400,524288,65536,0,960,960,524480,192,velocities0.zs
128,6,5421057901696,8,64,3146880,524288,65536,0,1152,1152,524480,192,positions1.xs
128,7,5421058426176,8,64,3671360,524288,65536,0,1344,1344,524480,192,positions1.ys
128,8,5421058950656,8,64,4195840,524288,65536,0,1536,1536,524480,192,positions1.zs
128,9,5421059475136,8,64,4720320,524288,65536,0,1728,1728,524480,192,velocities1.xs
128,10,5421059999616,8,64,5244800,524288,65536,0,1920,1920,524480,192,velocities1.ys
128,11,5421060524096,8,64,5769280,524288,65536,0,2112,2112,524480,192,velocities1.zs
128,12,5421061048576,8,64,6293760,524288,65536,0,2304,2304,524480,192,positions2.xs
128,13,5421061573056,8,64,6818240,524288,65536,0,2496,2496,524480,192,positions2.ys
128,14,5421062097536,8,64,7342720,524288,65536,0,2688,2688,524480,192,positions2.zs
128,15,5421062622016,8,64,7867200,524288,65536,0,2880,2880,524480,192,velocities2.xs
128,16,5421063146496,8,64,8391680,524288,65536,0,3072,3072,524480,192,velocities2.ys
128,17,5421063670976,8,64,8916160,524288,65536,0,3264,3264,524480,192,velocities2.zs
128,18,5421064195456,8,64,9440640,524288,65536,0,3456,3456,524480,192,positions3.xs
128,19,5421064719936,8,64,9965120,524288,65536,0,3648,3648,524480,192,positions3.ys
128,20,5421065244416,8,64,10489600,524288,65536,0,3840,3840,524480,192,positions3.zs
128,21,5421065768896,8,64,11014080,524288,65536,0,4032,4032,524480,192,velocities3.xs
128,22,5421066293376,8,64,11538560,524288,65536,0,128,4224,524480,192,velocities3.ys
128,23,5421066817856,8,64,12063040,524288,65536,0,320,4416,,,velocities3.zs
129,0,4516427268096,8,64,0,524288,65536,0,0,0,524480,192,entity_handles
129,1,4516427792576,4,64,524480,262144,65536,0,192,192,262336,192,integral_biases
129,2,4516428054912,4,64,786816,262144,65536,0,384,384,262336,192,float_biases
129,3,4516428317248,1,64,1049152,65536,65536,0,576,576,65728,192,tasks
129,4,4516428382976,4,64,1114880,262144,65536,0,768,768,262336,192,locations.xs
129,5,4516428645312,4,64,1377216,262144,65536,0,960,960,262336,192,locations.ys
129,6,4516428907648,4,64,1639552,262144,65536,0,1152,1152,262336,192,locations.zs
129,7,4516429169984,4,64,1901888,262144,65536,0,1344,1344,262336,192,desired_move_locations.xs
129,8,4516429432320,4,64,2164224,262144,65536,0,1536,1536,262336,192,desired_move_locations.ys
129,9,4516429694656,4,64,2426560,262144,65536,0,1728,1728,262336,192,desired_move_locations.zs
129,10,4516429956992,4,64,2688896,262144,65536,0,1920,1920,262336,192,aim_directions.xs
129,11,4516430219328,4,64,2951232,262144,65536,0,2112,2112,262336,192,aim_directions.ys
129,12,4516430481664,4,64,3213568,262144,65536,0,2304,2304,262336,192,aim_directions.zs
129,13,4516430744000,4,64,3475904,262144,65536,0,2496,2496,262336,192,desired_aiming_directions.xs
129,14,4516431006336,4,64,3738240,262144,65536,0,2688,2688,262336,192,desired_aiming_directions.ys
129,15,4516431268672,4,64,4000576,262144,65536,0,2880,2880,262336,192,desired_aiming_directions.zs
129,16,4516431531008,4,64,4262912,262144,65536,0,3072,3072,262336,192,movement_directions.xs
129,17,4516431793344,4,64,4525248,262144,65536,0,3264,3264,262336,192,movement_directions.ys
129,18,4516432055680,4,64,4787584,262144,65536,0,3456,3456,262336,192,movement_directions.zs
129,19,4516432318016,4,64,5049920,262144,65536,0,3648,3648,262336,192,velocities.xs
129,20,4516432580352,4,64,5312256,262144,65536,0,3840,3840,262336,192,velocities.ys
129,21,4516432842688,4,64,5574592,262144,65536,0,4032,4032,262336,192,velocities.zs
129,22,4516433105024,4,64,5836928,262144,65536,0,128,4224,262336,192,move_distances
129,23,4516433367360,4,64,6099264,262144,65536,0,320,4416,262336,192,speeds
129,24,4516433629696,1,64,6361600,65536,65536,0,512,4608,65728,192,teams
129,25,4516433695424,4,64,6427328,262144,65536,0,704,4800,262336,192,healths
129,26,4516433957760,8,64,6689664,524288,65536,0,896,4992,524480,192,parent_handles
129,27,4516434482240,1,64,7214144,65536,65536,0,1088,5184,65728,192,awareness_scan_countdowns.counters
129,28,4516434547968,2,64,7279872,131072,65536,0,1280,5376,131264,192,navigation_update_countdowns.remaining_ticks
129,29,4516434679232,2,64,7411136,131072,65536,0,1472,5568,131264,192,navigation_update_countdowns.periods
129,30,4516434810496,4,64,7542400,262144,65536,0,1664,5760,262336,192,separation_steering.xs
129,31,4516435072832,4,64,7804736,262144,65536,0,1856,5952,262336,192,separation_steering.ys
129,32,4516435335168,4,64,8067072,262144,65536,0,2048,6144,262336,192,separation_steering.zs
129,33,4516435597504,1,64,8329408,65536,65536,0,2240,6336,65728,192,navigation_risk_tiers
129,34,4516435663232,1,64,8395136,65536,65536,0,2432,6528,65728,192,navigation_lower_risk_scan_counts
129,35,4516435728960,1,64,8460864,65536,65536,0,2624,6720,65728,192,avoidance_choice_indices
129,36,4516435794688,1,64,8526592,65536,65536,0,2816,6912,65728,192,avoidance_clear_scan_counts
129,37,4516435860416,2,64,8592320,131072,65536,0,3008,7104,131264,192,attack_reposition_countdowns.counters
129,38,4516435991680,2,64,8723584,131072,65536,0,3200,7296,131264,192,attack_cooldowns.counters
129,39,4516436122944,8,64,8854848,524288,65536,0,3392,7488,524480,192,target_handles
129,40,4516436647424,4,64,9379328,262144,65536,0,3584,7680,262336,192,target_locations.xs
129,41,4516436909760,4,64,9641664,262144,65536,0,3776,7872,262336,192,target_locations.ys
129,42,4516437172096,4,64,9904000,262144,65536,0,3968,8064,262336,192,target_locations.zs
129,43,4516437434432,4,64,10166336,262144,65536,0,64,8256,262336,192,target_velocities.xs
129,44,4516437696768,4,64,10428672,262144,65536,0,256,8448,262336,192,target_velocities.ys
129,45,4516437959104,4,64,10691008,262144,65536,0,448,8640,262336,192,target_velocities.zs
129,46,4516438221440,4,64,10953344,262144,65536,0,640,8832,262336,192,target_directions.xs
129,47,4516438483776,4,64,11215680,262144,65536,0,832,9024,262336,192,target_directions.ys
129,48,4516438746112,4,64,11478016,262144,65536,0,1024,9216,262336,192,target_directions.zs
129,49,4516439008448,4,64,11740352,262144,65536,0,1216,9408,262336,192,intercept_times
129,50,4516439270784,4,64,12002688,262144,65536,0,1408,9600,262336,192,target_distance_sq
129,51,4516439533120,4,64,12265024,262144,65536,0,1600,9792,262336,192,target_distances
129,52,4516439795456,4,64,12527360,262144,65536,0,1792,9984,,,target_radii
130,0,2483565559808,8,64,0,800256,100032,0,0,0,800256,0,entity_handles
130,1,2483566360064,4,64,800256,400128,100032,0,1536,13824,400128,0,integral_biases
130,2,2483566760192,4,64,1200384,400128,100032,0,256,20736,400128,0,float_biases
130,3,2483567160320,1,64,1600512,100032,100032,0,3072,27648,100032,0,tasks
130,4,2483567260352,4,64,1700544,400128,100032,0,704,62144,400128,0,locations.xs
130,5,2483567660480,4,64,2100672,400128,100032,0,3520,3520,400128,0,locations.ys
130,6,2483568060608,4,64,2500800,400128,100032,0,2240,10432,400128,0,locations.zs
130,7,2483568460736,4,64,2900928,400128,100032,0,960,17344,400128,0,desired_move_locations.xs
130,8,2483568860864,4,64,3301056,400128,100032,0,3776,24256,400128,0,desired_move_locations.ys
130,9,2483569260992,4,64,3701184,400128,100032,0,2496,31168,400128,0,desired_move_locations.zs
130,10,2483569661120,4,64,4101312,400128,100032,0,1216,38080,400128,0,aim_directions.xs
130,11,2483570061248,4,64,4501440,400128,100032,0,4032,44992,400128,0,aim_directions.ys
130,12,2483570461376,4,64,4901568,400128,100032,0,2752,51904,400128,0,aim_directions.zs
130,13,2483570861504,4,64,5301696,400128,100032,0,1472,58816,400128,0,desired_aiming_directions.xs
130,14,2483571261632,4,64,5701824,400128,100032,0,192,192,400128,0,desired_aiming_directions.ys
130,15,2483571661760,4,64,6101952,400128,100032,0,3008,7104,400128,0,desired_aiming_directions.zs
130,16,2483572061888,4,64,6502080,400128,100032,0,1728,14016,400128,0,movement_directions.xs
130,17,2483572462016,4,64,6902208,400128,100032,0,448,20928,400128,0,movement_directions.ys
130,18,2483572862144,4,64,7302336,400128,100032,0,3264,27840,400128,0,movement_directions.zs
130,19,2483573262272,4,64,7702464,400128,100032,0,1984,34752,400128,0,velocities.xs
130,20,2483573662400,4,64,8102592,400128,100032,0,704,41664,400128,0,velocities.ys
130,21,2483574062528,4,64,8502720,400128,100032,0,3520,48576,400128,0,velocities.zs
130,22,2483574462656,4,64,8902848,400128,100032,0,2240,55488,400128,0,move_distances
130,23,2483574862784,4,64,9302976,400128,100032,0,960,62400,400128,0,speeds
130,24,2483575262912,1,64,9703104,100032,100032,0,3776,3776,100032,0,teams
130,25,2483575362944,4,64,9803136,400128,100032,0,1408,38272,400128,0,healths
130,26,2483575763072,8,64,10203264,800256,100032,0,128,45184,800256,0,parent_handles
130,27,2483576563328,1,64,11003520,100032,100032,0,1664,59008,100032,0,awareness_scan_countdowns.counters
130,28,2483576663360,2,64,11103552,200064,100032,0,3392,27968,200064,0,navigation_update_countdowns.remaining_ticks
130,29,2483576863424,2,64,11303616,200064,100032,0,2752,31424,200064,0,navigation_update_countdowns.periods
130,30,2483577063488,4,64,11503680,400128,100032,0,2112,34880,400128,0,separation_steering.xs
130,31,2483577463616,4,64,11903808,400128,100032,0,832,41792,400128,0,separation_steering.ys
130,32,2483577863744,4,64,12303936,400128,100032,0,3648,48704,400128,0,separation_steering.zs
130,33,2483578263872,1,64,12704064,100032,100032,0,2368,55616,100032,0,navigation_risk_tiers
130,34,2483578363904,1,64,12804096,100032,100032,0,0,24576,100032,0,navigation_lower_risk_scan_counts
130,35,2483578463936,1,64,12904128,100032,100032,0,1728,59072,100032,0,avoidance_choice_indices
130,36,2483578563968,1,64,13004160,100032,100032,0,3456,28032,100032,0,avoidance_clear_scan_counts
130,37,2483578664000,2,64,13104192,200064,100032,0,1088,62528,200064,0,attack_reposition_countdowns.counters
130,38,2483578864064,2,64,13304256,200064,100032,0,448,448,200064,0,attack_cooldowns.counters
130,39,2483579064128,8,64,13504320,800256,100032,0,3904,3904,800256,0,target_handles
130,40,2483579864384,4,64,14304576,400128,100032,0,1344,17728,400128,0,target_locations.xs
130,41,2483580264512,4,64,14704704,400128,100032,0,64,24640,400128,0,target_locations.ys
130,42,2483580664640,4,64,15104832,400128,100032,0,2880,31552,400128,0,target_locations.zs
130,43,2483581064768,4,64,15504960,400128,100032,0,1600,38464,400128,0,target_velocities.xs
130,44,2483581464896,4,64,15905088,400128,100032,0,320,45376,400128,0,target_velocities.ys
130,45,2483581865024,4,64,16305216,400128,100032,0,3136,52288,400128,0,target_velocities.zs
130,46,2483582265152,4,64,16705344,400128,100032,0,1856,59200,400128,0,target_directions.xs
130,47,2483582665280,4,64,17105472,400128,100032,0,576,576,400128,0,target_directions.ys
130,48,2483583065408,4,64,17505600,400128,100032,0,3392,7488,400128,0,target_directions.zs
130,49,2483583465536,4,64,17905728,400128,100032,0,2112,14400,400128,0,intercept_times
130,50,2483583865664,4,64,18305856,400128,100032,0,832,21312,400128,0,target_distance_sq
130,51,2483584265792,4,64,18705984,400128,100032,0,3648,28224,400128,0,target_distances
130,52,2483584665920,4,64,19106112,400128,100032,0,2368,35136,,,target_radii
131,0,4800968851456,1,64,0,75008,75008,0,0,0,75072,64,bundle0.flags
131,1,4800968926528,2,64,75072,150016,75008,0,1344,9536,150080,64,bundle0.counters
131,2,4800969076608,4,64,225152,300032,75008,0,3968,28544,300096,64,bundle0.counts
131,3,4800969376704,8,64,525248,600064,75008,0,960,960,600128,64,bundle0.totals
131,4,4800969976832,3,64,1125376,225024,75008,0,3072,11264,225088,64,bundle0.payloads
131,5,4800970201920,4,64,1350464,300032,75008,0,2880,39744,300096,64,bundle0.values
131,6,4800970502016,8,64,1650560,600064,75008,0,3968,12160,600128,64,bundle0.rates
131,7,4800971102144,1,64,2250688,75008,75008,0,1984,22464,75072,64,bundle1.flags
131,8,4800971177216,2,64,2325760,150016,75008,0,3328,32000,150080,64,bundle1.counters
131,9,4800971327296,4,64,2475840,300032,75008,0,1856,51008,300096,64,bundle1.counts
131,10,4800971627392,8,64,2775936,600064,75008,0,2944,23424,600128,64,bundle1.totals
131,11,4800972227520,3,64,3376064,225024,75008,0,960,33728,225088,64,bundle1.payloads
131,12,4800972452608,4,64,3601152,300032,75008,0,768,62208,300096,64,bundle1.values
131,13,4800972752704,8,64,3901248,600064,75008,0,1856,34624,600128,64,bundle1.rates
131,14,4800973352832,1,64,4501376,75008,75008,0,3968,44928,75072,64,bundle2.flags
131,15,4800973427904,2,64,4576448,150016,75008,0,1216,54464,150080,64,bundle2.counters
131,16,4800973577984,4,64,4726528,300032,75008,0,3840,7936,300096,64,bundle2.counts
131,17,4800973878080,8,64,5026624,600064,75008,0,832,45888,600128,64,bundle2.totals
131,18,4800974478208,3,64,5626752,225024,75008,0,2944,56192,225088,64,bundle2.payloads
131,19,4800974703296,4,64,5851840,300032,75008,0,2752,19136,300096,64,bundle2.values
131,20,4800975003392,8,64,6151936,600064,75008,0,3840,57088,600128,64,bundle2.rates
131,21,4800975603520,1,64,6752064,75008,75008,0,1856,1856,75072,64,bundle3.flags
131,22,4800975678592,2,64,6827136,150016,75008,0,3200,11392,150080,64,bundle3.counters
131,23,4800975828672,4,64,6977216,300032,75008,0,1728,30400,300096,64,bundle3.counts
131,24,4800976128768,8,64,7277312,600064,75008,0,2816,2816,600128,64,bundle3.totals
131,25,4800976728896,3,64,7877440,225024,75008,0,832,13120,225088,64,bundle3.payloads
131,26,4800976953984,4,64,8102528,300032,75008,0,640,41600,300096,64,bundle3.values
131,27,4800977254080,8,64,8402624,600064,75008,0,1728,14016,600128,64,bundle3.rates
131,28,4800977854208,1,64,9002752,75008,75008,0,3840,24320,75072,64,bundle4.flags
131,29,4800977929280,2,64,9077824,150016,75008,0,1088,33856,150080,64,bundle4.counters
131,30,4800978079360,4,64,9227904,300032,75008,0,3712,52864,300096,64,bundle4.counts
131,31,4800978379456,8,64,9528000,600064,75008,0,704,25280,600128,64,bundle4.totals
131,32,4800978979584,3,64,10128128,225024,75008,0,2816,35584,225088,64,bundle4.payloads
131,33,4800979204672,4,64,10353216,300032,75008,0,2624,64064,300096,64,bundle4.values
131,34,4800979504768,8,64,10653312,600064,75008,0,3712,36480,600128,64,bundle4.rates
131,35,4800980104896,1,64,11253440,75008,75008,0,1728,46784,75072,64,bundle5.flags
131,36,4800980179968,2,64,11328512,150016,75008,0,3072,56320,150080,64,bundle5.counters
131,37,4800980330048,4,64,11478592,300032,75008,0,1600,9792,300096,64,bundle5.counts
131,38,4800980630144,8,64,11778688,600064,75008,0,2688,47744,600128,64,bundle5.totals
131,39,4800981230272,3,64,12378816,225024,75008,0,704,58048,225088,64,bundle5.payloads
131,40,4800981455360,4,64,12603904,300032,75008,0,512,20992,300096,64,bundle5.values
131,41,4800981755456,8,64,12904000,600064,75008,0,1600,58944,,,bundle5.rates
132,0,6292127809536,1,64,0,131072,131072,0,0,0,131072,0,bundle0.flags
132,1,6292127940608,2,64,131072,262144,131072,0,0,0,262144,0,bundle0.counters
132,2,6292128202752,4,64,393216,524288,131072,0,0,0,524288,0,bundle0.counts
132,3,6292128727040,8,64,917504,1048576,131072,0,0,0,1048576,0,bundle0.totals
132,4,6292129775616,3,64,1966080,393216,131072,0,0,0,393216,0,bundle0.payloads
132,5,6292130168832,4,64,2359296,524288,131072,0,0,0,524288,0,bundle0.values
132,6,6292130693120,8,64,2883584,1048576,131072,0,0,0,1048576,0,bundle0.rates
132,7,6292131741696,1,64,3932160,131072,131072,0,0,0,131072,0,bundle1.flags
132,8,6292131872768,2,64,4063232,262144,131072,0,0,0,262144,0,bundle1.counters
132,9,6292132134912,4,64,4325376,524288,131072,0,0,0,524288,0,bundle1.counts
132,10,6292132659200,8,64,4849664,1048576,131072,0,0,0,1048576,0,bundle1.totals
132,11,6292133707776,3,64,5898240,393216,131072,0,0,0,393216,0,bundle1.payloads
132,12,6292134100992,4,64,6291456,524288,131072,0,0,0,524288,0,bundle1.values
132,13,6292134625280,8,64,6815744,1048576,131072,0,0,0,1048576,0,bundle1.rates
132,14,6292135673856,1,64,7864320,131072,131072,0,0,0,131072,0,bundle2.flags
132,15,6292135804928,2,64,7995392,262144,131072,0,0,0,262144,0,bundle2.counters
132,16,6292136067072,4,64,8257536,524288,131072,0,0,0,524288,0,bundle2.counts
132,17,6292136591360,8,64,8781824,1048576,131072,0,0,0,1048576,0,bundle2.totals
132,18,6292137639936,3,64,9830400,393216,131072,0,0,0,393216,0,bundle2.payloads
132,19,6292138033152,4,64,10223616,524288,131072,0,0,0,524288,0,bundle2.values
132,20,6292138557440,8,64,10747904,1048576,131072,0,0,0,1048576,0,bundle2.rates
132,21,6292139606016,1,64,11796480,131072,131072,0,0,0,131072,0,bundle3.flags
132,22,6292139737088,2,64,11927552,262144,131072,0,0,0,262144,0,bundle3.counters
132,23,6292139999232,4,64,12189696,524288,131072,0,0,0,524288,0,bundle3.counts
132,24,6292140523520,8,64,12713984,1048576,131072,0,0,0,1048576,0,bundle3.totals
132,25,6292141572096,3,64,13762560,393216,131072,0,0,0,393216,0,bundle3.payloads
132,26,6292141965312,4,64,14155776,524288,131072,0,0,0,524288,0,bundle3.values
132,27,6292142489600,8,64,14680064,1048576,131072,0,0,0,1048576,0,bundle3.rates
132,28,6292143538176,1,64,15728640,131072,131072,0,0,0,131072,0,bundle4.flags
132,29,6292143669248,2,64,15859712,262144,131072,0,0,0,262144,0,bundle4.counters
132,30,6292143931392,4,64,16121856,524288,131072,0,0,0,524288,0,bundle4.counts
132,31,6292144455680,8,64,16646144,1048576,131072,0,0,0,1048576,0,bundle4.totals
132,32,6292145504256,3,64,17694720,393216,131072,0,0,0,393216,0,bundle4.payloads
132,33,6292145897472,4,64,18087936,524288,131072,0,0,0,524288,0,bundle4.values
132,34,6292146421760,8,64,18612224,1048576,131072,0,0,0,1048576,0,bundle4.rates
132,35,6292147470336,1,64,19660800,131072,131072,0,0,0,131072,0,bundle5.flags
132,36,6292147601408,2,64,19791872,262144,131072,0,0,0,262144,0,bundle5.counters
132,37,6292147863552,4,64,20054016,524288,131072,0,0,0,524288,0,bundle5.counts
132,38,6292148387840,8,64,20578304,1048576,131072,0,0,0,1048576,0,bundle5.totals
132,39,6292149436416,3,64,21626880,393216,131072,0,0,0,393216,0,bundle5.payloads
132,40,6292149829632,4,64,22020096,524288,131072,0,0,0,524288,0,bundle5.values
132,41,6292150353920,8,64,22544384,1048576,131072,0,0,0,,,bundle5.rates
133,0,3145795829760,8,64,0,600064,75008,0,0,0,600128,64,positions0.xs
133,1,3145796429888,8,64,600128,600064,75008,0,2112,10304,600128,64,positions0.ys
133,2,3145797030016,8,64,1200256,600064,75008,0,128,20608,600128,64,positions0.zs
133,3,3145797630144,8,64,1800384,600064,75008,0,2240,30912,600128,64,velocities0.xs
133,4,3145798230272,8,64,2400512,600064,75008,0,256,41216,600128,64,velocities0.ys
133,5,3145798830400,8,64,3000640,600064,75008,0,2368,51520,600128,64,velocities0.zs
133,6,3145799430528,8,64,3600768,600064,75008,0,384,61824,600128,64,positions1.xs
133,7,3145800030656,8,64,4200896,600064,75008,0,2496,6592,600128,64,positions1.ys
133,8,3145800630784,8,64,4801024,600064,75008,0,512,16896,600128,64,positions1.zs
133,9,3145801230912,8,64,5401152,600064,75008,0,2624,27200,600128,64,velocities1.xs
133,10,3145801831040,8,64,6001280,600064,75008,0,640,37504,600128,64,velocities1.ys
133,11,3145802431168,8,64,6601408,600064,75008,0,2752,47808,600128,64,velocities1.zs
133,12,3145803031296,8,64,7201536,600064,75008,0,768,58112,600128,64,positions2.xs
133,13,3145803631424,8,64,7801664,600064,75008,0,2880,2880,600128,64,positions2.ys
133,14,3145804231552,8,64,8401792,600064,75008,0,896,13184,600128,64,positions2.zs
133,15,3145804831680,8,64,9001920,600064,75008,0,3008,23488,600128,64,velocities2.xs
133,16,3145805431808,8,64,9602048,600064,75008,0,1024,33792,600128,64,velocities2.ys
133,17,3145806031936,8,64,10202176,600064,75008,0,3136,44096,600128,64,velocities2.zs
133,18,3145806632064,8,64,10802304,600064,75008,0,1152,54400,600128,64,positions3.xs
133,19,3145807232192,8,64,11402432,600064,75008,0,3264,64704,600128,64,positions3.ys
133,20,3145807832320,8,64,12002560,600064,75008,0,1280,9472,600128,64,positions3.zs
133,21,3145808432448,8,64,12602688,600064,75008,0,3392,19776,600128,64,velocities3.xs
133,22,3145809032576,8,64,13202816,600064,75008,0,1408,30080,600128,64,velocities3.ys
133,23,3145809632704,8,64,13802944,600064,75008,0,3520,40384,,,velocities3.zs
134,0,6192571088896,4,64,0,262144,65536,0,0,0,262336,192,bundle0.positions
134,1,6192571351232,4,64,262336,262144,65536,0,192,192,262336,192,bundle0.velocities
134,2,6192571613568,32,64,524672,2097152,65536,0,384,384,2097344,192,bundle0.aligned32
134,3,6192573710912,64,64,2622016,4194304,65536,0,576,576,4194496,192,bundle0.aligned64
134,4,6192577905408,256,256,6816512,16777216,65536,0,768,768,16777408,192,bundle0.aligned256
134,5,6192594682816,4,64,23593920,262144,65536,0,960,960,262336,192,bundle1.positions
134,6,6192594945152,4,64,23856256,262144,65536,0,1152,1152,262336,192,bundle1.velocities
134,7,6192595207488,32,64,24118592,2097152,65536,0,1344,1344,2097344,192,bundle1.aligned32
134,8,6192597304832,64,64,26215936,4194304,65536,0,1536,1536,4194560,256,bundle1.aligned64
134,9,6192601499392,256,256,30410496,16777216,65536,0,1792,1792,16777408,192,bundle1.aligned256
134,10,6192618276800,4,64,47187904,262144,65536,0,1984,1984,262336,192,bundle2.positions
134,11,6192618539136,4,64,47450240,262144,65536,0,2176,2176,262336,192,bundle2.velocities
134,12,6192618801472,32,64,47712576,2097152,65536,0,2368,2368,2097344,192,bundle2.aligned32
134,13,6192620898816,64,64,49809920,4194304,65536,0,2560,2560,4194560,256,bundle2.aligned64
134,14,6192625093376,256,256,54004480,16777216,65536,0,2816,2816,,,bundle2.aligned256
135,0,3838896177152,1,64,0,65536,65536,0,0,0,65600,64,bundle0.flags
135,1,3838896242752,2,64,65600,131072,65536,0,64,64,131136,64,bundle0.counters
135,2,3838896373888,4,64,196736,262144,65536,0,128,128,262208,64,bundle0.counts
135,3,3838896636096,8,64,458944,524288,65536,0,192,192,524352,64,bundle0.totals
135,4,3838897160448,3,64,983296,196608,65536,0,256,256,196672,64,bundle0.payloads
135,5,3838897357120,4,64,1179968,262144,65536,0,320,320,262208,64,bundle0.values
135,6,3838897619328,8,64,1442176,524288,65536,0,384,384,524352,64,bundle0.rates
135,7,3838898143680,1,64,1966528,65536,65536,0,448,448,65600,64,bundle1.flags
135,8,3838898209280,2,64,2032128,131072,65536,0,512,512,131136,64,bundle1.counters
135,9,3838898340416,4,64,2163264,262144,65536,0,576,576,262208,64,bundle1.counts
135,10,3838898602624,8,64,2425472,524288,65536,0,640,640,524352,64,bundle1.totals
135,11,3838899126976,3,64,2949824,196608,65536,0,704,704,196672,64,bundle1.payloads
135,12,3838899323648,4,64,3146496,262144,65536,0,768,768,262208,64,bundle1.values
135,13,3838899585856,8,64,3408704,524288,65536,0,832,832,524352,64,bundle1.rates
135,14,3838900110208,1,64,3933056,65536,65536,0,896,896,65600,64,bundle2.flags
135,15,3838900175808,2,64,3998656,131072,65536,0,960,960,131136,64,bundle2.counters
135,16,3838900306944,4,64,4129792,262144,65536,0,1024,1024,262208,64,bundle2.counts
135,17,3838900569152,8,64,4392000,524288,65536,0,1088,1088,524352,64,bundle2.totals
135,18,3838901093504,3,64,4916352,196608,65536,0,1152,1152,196672,64,bundle2.payloads
135,19,3838901290176,4,64,5113024,262144,65536,0,1216,1216,262208,64,bundle2.values
135,20,3838901552384,8,64,5375232,524288,65536,0,1280,1280,524352,64,bundle2.rates
135,21,3838902076736,1,64,5899584,65536,65536,0,1344,1344,65600,64,bundle3.flags
135,22,3838902142336,2,64,5965184,131072,65536,0,1408,1408,131136,64,bundle3.counters
135,23,3838902273472,4,64,6096320,262144,65536,0,1472,1472,262208,64,bundle3.counts
135,24,3838902535680,8,64,6358528,524288,65536,0,1536,1536,524352,64,bundle3.totals
135,25,3838903060032,3,64,6882880,196608,65536,0,1600,1600,196672,64,bundle3.payloads
135,26,3838903256704,4,64,7079552,262144,65536,0,1664,1664,262208,64,bundle3.values
135,27,3838903518912,8,64,7341760,524288,65536,0,1728,1728,524352,64,bundle3.rates
135,28,3838904043264,1,64,7866112,65536,65536,0,1792,1792,65600,64,bundle4.flags
135,29,3838904108864,2,64,7931712,131072,65536,0,1856,1856,131136,64,bundle4.counters
135,30,3838904240000,4,64,8062848,262144,65536,0,1920,1920,262208,64,bundle4.counts
135,31,3838904502208,8,64,8325056,524288,65536,0,1984,1984,524352,64,bundle4.totals
135,32,3838905026560,3,64,8849408,196608,65536,0,2048,2048,196672,64,bundle4.payloads
135,33,3838905223232,4,64,9046080,262144,65536,0,2112,2112,262208,64,bundle4.values
135,34,3838905485440,8,64,9308288,524288,65536,0,2176,2176,524352,64,bundle4.rates
135,35,3838906009792,1,64,9832640,65536,65536,0,2240,2240,65600,64,bundle5.flags
135,36,3838906075392,2,64,9898240,131072,65536,0,2304,2304,131136,64,bundle5.counters
135,37,3838906206528,4,64,10029376,262144,65536,0,2368,2368,262208,64,bundle5.counts
135,38,3838906468736,8,64,10291584,524288,65536,0,2432,2432,524352,64,bundle5.totals
135,39,3838906993088,3,64,10815936,196608,65536,0,2496,2496,196672,64,bundle5.payloads
135,40,3838907189760,4,64,11012608,262144,65536,0,2560,2560,262208,64,bundle5.values
135,41,3838907451968,8,64,11274816,524288,65536,0,2624,2624,,,bundle5.rates
136,0,5932961169408,8,64,0,600064,75008,0,0,0,600128,64,positions0.xs
136,1,5932961769536,8,64,600128,600064,75008,0,2112,10304,600128,64,positions0.ys
136,2,5932962369664,8,64,1200256,600064,75008,0,128,20608,600128,64,positions0.zs
136,3,5932962969792,8,64,1800384,600064,75008,0,2240,30912,600128,64,velocities0.xs
136,4,5932963569920,8,64,2400512,600064,75008,0,256,41216,600128,64,velocities0.ys
136,5,5932964170048,8,64,3000640,600064,75008,0,2368,51520,600128,64,velocities0.zs
136,6,5932964770176,8,64,3600768,600064,75008,0,384,61824,600128,64,positions1.xs
136,7,5932965370304,8,64,4200896,600064,75008,0,2496,6592,600128,64,positions1.ys
136,8,5932965970432,8,64,4801024,600064,75008,0,512,16896,600128,64,positions1.zs
136,9,5932966570560,8,64,5401152,600064,75008,0,2624,27200,600128,64,velocities1.xs
136,10,5932967170688,8,64,6001280,600064,75008,0,640,37504,600128,64,velocities1.ys
136,11,5932967770816,8,64,6601408,600064,75008,0,2752,47808,600128,64,velocities1.zs
136,12,5932968370944,8,64,7201536,600064,75008,0,768,58112,600128,64,positions2.xs
136,13,5932968971072,8,64,7801664,600064,75008,0,2880,2880,600128,64,positions2.ys
136,14,5932969571200,8,64,8401792,600064,75008,0,896,13184,600128,64,positions2.zs
136,15,5932970171328,8,64,9001920,600064,75008,0,3008,23488,600128,64,velocities2.xs
136,16,5932970771456,8,64,9602048,600064,75008,0,1024,33792,600128,64,velocities2.ys
136,17,5932971371584,8,64,10202176,600064,75008,0,3136,44096,600128,64,velocities2.zs
136,18,5932971971712,8,64,10802304,600064,75008,0,1152,54400,600128,64,positions3.xs
136,19,5932972571840,8,64,11402432,600064,75008,0,3264,64704,600128,64,positions3.ys
136,20,5932973171968,8,64,12002560,600064,75008,0,1280,9472,600128,64,positions3.zs
136,21,5932973772096,8,64,12602688,600064,75008,0,3392,19776,600128,64,velocities3.xs
136,22,5932974372224,8,64,13202816,600064,75008,0,1408,30080,600128,64,velocities3.ys
136,23,5932974972352,8,64,13802944,600064,75008,0,3520,40384,,,velocities3.zs
137,0,5167920119808,8,64,0,524288,65536,0,0,0,524288,0,entity_handles
137,1,5167920644096,4,64,524288,262144,65536,0,0,0,262144,0,integral_biases
137,2,5167920906240,4,64,786432,262144,65536,0,0,0,262144,0,float_biases
137,3,5167921168384,1,64,1048576,65536,65536,0,0,0,65536,0,tasks
137,4,5167921233920,4,64,1114112,262144,65536,0,0,0,262144,0,locations.xs
137,5,5167921496064,4,64,1376256,262144,65536,0,0,0,262144,0,locations.ys
137,6,5167921758208,4,64,1638400,262144,65536,0,0,0,262144,0,locations.zs
137,7,5167922020352,4,64,1900544,262144,65536,0,0,0,262144,0,desired_move_locations.xs
137,8,5167922282496,4,64,2162688,262144,65536,0,0,0,262144,0,desired_move_locations.ys
137,9,5167922544640,4,64,2424832,262144,65536,0,0,0,262144,0,desired_move_locations.zs
137,10,5167922806784,4,64,2686976,262144,65536,0,0,0,262144,0,aim_directions.xs
137,11,5167923068928,4,64,2949120,262144,65536,0,0,0,262144,0,aim_directions.ys
137,12,5167923331072,4,64,3211264,262144,65536,0,0,0,262144,0,aim_directions.zs
137,13,5167923593216,4,64,3473408,262144,65536,0,0,0,262144,0,desired_aiming_directions.xs
137,14,5167923855360,4,64,3735552,262144,65536,0,0,0,262144,0,desired_aiming_directions.ys
137,15,5167924117504,4,64,3997696,262144,65536,0,0,0,262144,0,desired_aiming_directions.zs
137,16,5167924379648,4,64,4259840,262144,65536,0,0,0,262144,0,movement_directions.xs
137,17,5167924641792,4,64,4521984,262144,65536,0,0,0,262144,0,movement_directions.ys
137,18,5167924903936,4,64,4784128,262144,65536,0,0,0,262144,0,movement_directions.zs
137,19,5167925166080,4,64,5046272,262144,65536,0,0,0,262144,0,velocities.xs
137,20,5167925428224,4,64,5308416,262144,65536,0,0,0,262144,0,velocities.ys
137,21,5167925690368,4,64,5570560,262144,65536,0,0,0,262144,0,velocities.zs
137,22,5167925952512,4,64,5832704,262144,65536,0,0,0,262144,0,move_distances
137,23,5167926214656,4,64,6094848,262144,65536,0,0,0,262144,0,speeds
137,24,5167926476800,1,64,6356992,65536,65536,0,0,0,65536,0,teams
137,25,5167926542336,4,64,6422528,262144,65536,0,0,0,262144,0,healths
137,26,5167926804480,8,64,6684672,524288,65536,0,0,0,524288,0,parent_handles
137,27,5167927328768,1,64,7208960,65536,65536,0,0,0,65536,0,awareness_scan_countdowns.counters
137,28,5167927394304,2,64,7274496,131072,65536,0,0,0,131072,0,navigation_update_countdowns.remaining_ticks
137,29,5167927525376,2,64,7405568,131072,65536,0,0,0,131072,0,navigation_update_countdowns.periods
137,30,5167927656448,4,64,7536640,262144,65536,0,0,0,262144,0,separation_steering.xs
137,31,5167927918592,4,64,7798784,262144,65536,0,0,0,262144,0,separation_steering.ys
137,32,5167928180736,4,64,8060928,262144,65536,0,0,0,262144,0,separation_steering.zs
137,33,5167928442880,1,64,8323072,65536,65536,0,0,0,65536,0,navigation_risk_tiers
137,34,5167928508416,1,64,8388608,65536,65536,0,0,0,65536,0,navigation_lower_risk_scan_counts
137,35,5167928573952,1,64,8454144,65536,65536,0,0,0,65536,0,avoidance_choice_indices
137,36,5167928639488,1,64,8519680,65536,65536,0,0,0,65536,0,avoidance_clear_scan_counts
137,37,5167928705024,2,64,8585216,131072,65536,0,0,0,131072,0,attack_reposition_countdowns.counters
137,38,5167928836096,2,64,8716288,131072,65536,0,0,0,131072,0,attack_cooldowns.counters
137,39,5167928967168,8,64,8847360,524288,65536,0,0,0,524288,0,target_handles
137,40,5167929491456,4,64,9371648,262144,65536,0,0,0,262144,0,target_locations.xs
137,41,5167929753600,4,64,9633792,262144,65536,0,0,0,262144,0,target_locations.ys
137,42,5167930015744,4,64,9895936,262144,65536,0,0,0,262144,0,target_locations.zs
137,43,5167930277888,4,64,10158080,262144,65536,0,0,0,262144,0,target_velocities.xs
137,44,5167930540032,4,64,10420224,262144,65536,0,0,0,262144,0,target_velocities.ys
137,45,5167930802176,4,64,10682368,262144,65536,0,0,0,262144,0,target_velocities.zs
137,46,5167931064320,4,64,10944512,262144,65536,0,0,0,262144,0,target_directions.xs
137,47,5167931326464,4,64,11206656,262144,65536,0,0,0,262144,0,target_directions.ys
137,48,5167931588608,4,64,11468800,262144,65536,0,0,0,262144,0,target_directions.zs
137,49,5167931850752,4,64,11730944,262144,65536,0,0,0,262144,0,intercept_times
137,50,5167932112896,4,64,11993088,262144,65536,0,0,0,262144,0,target_distance_sq
137,51,5167932375040,4,64,12255232,262144,65536,0,0,0,262144,0,target_distances
137,52,5167932637184,4,64,12517376,262144,65536,0,0,0,,,target_radii
138,0,6252667797504,8,64,0,1048576,131072,0,0,0,1048640,64,entity_handles
138,1,6252668846144,4,64,1048640,524288,131072,0,64,64,524352,64,integral_biases
138,2,6252669370496,4,64,1572992,524288,131072,0,128,128,524352,64,float_biases
138,3,6252669894848,1,64,2097344,131072,131072,0,192,192,131136,64,tasks
138,4,6252670025984,4,64,2228480,524288,131072,0,256,256,524352,64,locations.xs
138,5,6252670550336,4,64,2752832,524288,131072,0,320,320,524352,64,locations.ys
138,6,6252671074688,4,64,3277184,524288,131072,0,384,384,524352,64,locations.zs
138,7,6252671599040,4,64,3801536,524288,131072,0,448,448,524352,64,desired_move_locations.xs
138,8,6252672123392,4,64,4325888,524288,131072,0,512,512,524352,64,desired_move_locations.ys
138,9,6252672647744,4,64,4850240,524288,131072,0,576,576,524352,64,desired_move_locations.zs
138,10,6252673172096,4,64,5374592,524288,131072,0,640,640,524352,64,aim_directions.xs
138,11,6252673696448,4,64,5898944,524288,131072,0,704,704,524352,64,aim_directions.ys
138,12,6252674220800,4,64,6423296,524288,131072,0,768,768,524352,64,aim_directions.zs
138,13,6252674745152,4,64,6947648,524288,131072,0,832,832,524352,64,desired_aiming_directions.xs
138,14,6252675269504,4,64,7472000,524288,131072,0,896,896,524352,64,desired_aiming_directions.ys
138,15,6252675793856,4,64,7996352,524288,131072,0,960,960,524352,64,desired_aiming_directions.zs
138,16,6252676318208,4,64,8520704,524288,131072,0,1024,1024,524352,64,movement_directions.xs
138,17,6252676842560,4,64,9045056,524288,131072,0,1088,1088,524352,64,movement_directions.ys
138,18,6252677366912,4,64,9569408,524288,131072,0,1152,1152,524352,64,movement_directions.zs
138,19,6252677891264,4,64,10093760,524288,131072,0,1216,1216,524352,64,velocities.xs
138,20,6252678415616,4,64,10618112,524288,131072,0,1280,1280,524352,64,velocities.ys
138,21,6252678939968,4,64,11142464,524288,131072,0,1344,1344,524352,64,velocities.zs
138,22,6252679464320,4,64,11666816,524288,131072,0,1408,1408,524352,64,move_distances
138,23,6252679988672,4,64,12191168,524288,131072,0,1472,1472,524352,64,speeds
138,24,6252680513024,1,64,12715520,131072,131072,0,1536,1536,131136,64,teams
138,25,6252680644160,4,64,12846656,524288,131072,0,1600,1600,524352,64,healths
138,26,6252681168512,8,64,13371008,1048576,131072,0,1664,1664,1048640,64,parent_handles
138,27,6252682217152,1,64,14419648,131072,131072,0,1728,1728,131136,64,awareness_scan_countdowns.counters
138,28,6252682348288,2,64,14550784,262144,131072,0,1792,1792,262208,64,navigation_update_countdowns.remaining_ticks
138,29,6252682610496,2,64,14812992,262144,131072,0,1856,1856,262208,64,navigation_update_countdowns.periods
138,30,6252682872704,4,64,15075200,524288,131072,0,1920,1920,524352,64,separation_steering.xs
138,31,6252683397056,4,64,15599552,524288,131072,0,1984,1984,524352,64,separation_steering.ys
138,32,6252683921408,4,64,16123904,524288,131072,0,2048,2048,524352,64,separation_steering.zs
138,33,6252684445760,1,64,16648256,131072,131072,0,2112,2112,131136,64,navigation_risk_tiers
138,34,6252684576896,1,64,16779392,131072,131072,0,2176,2176,131136,64,navigation_lower_risk_scan_counts
138,35,6252684708032,1,64,16910528,131072,131072,0,2240,2240,131136,64,avoidance_choice_indices
138,36,6252684839168,1,64,17041664,131072,131072,0,2304,2304,131136,64,avoidance_clear_scan_counts
138,37,6252684970304,2,64,17172800,262144,131072,0,2368,2368,262208,64,attack_reposition_countdowns.counters
138,38,6252685232512,2,64,17435008,262144,131072,0,2432,2432,262208,64,attack_cooldowns.counters
138,39,6252685494720,8,64,17697216,1048576,131072,0,2496,2496,1048640,64,target_handles
138,40,6252686543360,4,64,18745856,524288,131072,0,2560,2560,524352,64,target_locations.xs
138,41,6252687067712,4,64,19270208,524288,131072,0,2624,2624,524352,64,target_locations.ys
138,42,6252687592064,4,64,19794560,524288,131072,0,2688,2688,524352,64,target_locations.zs
138,43,6252688116416,4,64,20318912,524288,131072,0,2752,2752,524352,64,target_velocities.xs
138,44,6252688640768,4,64,20843264,524288,131072,0,2816,2816,524352,64,target_velocities.ys
138,45,6252689165120,4,64,21367616,524288,131072,0,2880,2880,524352,64,target_velocities.zs
138,46,6252689689472,4,64,21891968,524288,131072,0,2944,2944,524352,64,target_directions.xs
138,47,6252690213824,4,64,22416320,524288,131072,0,3008,3008,524352,64,target_directions.ys
138,48,6252690738176,4,64,22940672,524288,131072,0,3072,3072,524352,64,target_directions.zs
138,49,6252691262528,4,64,23465024,524288,131072,0,3136,3136,524352,64,intercept_times
138,50,6252691786880,4,64,23989376,524288,131072,0,3200,3200,524352,64,target_distance_sq
138,51,6252692311232,4,64,24513728,524288,131072,0,3264,3264,524352,64,target_distances
138,52,6252692835584,4,64,25038080,524288,131072,0,3328,3328,,,target_radii
139,0,6105028296704,8,64,0,524800,65600,0,0,0,524800,0,entity_handles
139,1,6105028821504,4,64,524800,262400,65600,0,512,512,262400,0,integral_biases
139,2,6105029083904,4,64,787200,262400,65600,0,768,768,262400,0,float_biases
139,3,6105029346304,1,64,1049600,65600,65600,0,1024,1024,65600,0,tasks
139,4,6105029411904,4,64,1115200,262400,65600,0,1088,1088,262400,0,locations.xs
139,5,6105029674304,4,64,1377600,262400,65600,0,1344,1344,262400,0,locations.ys
139,6,6105029936704,4,64,1640000,262400,65600,0,1600,1600,262400,0,locations.zs
139,7,6105030199104,4,64,1902400,262400,65600,0,1856,1856,262400,0,desired_move_locations.xs
139,8,6105030461504,4,64,2164800,262400,65600,0,2112,2112,262400,0,desired_move_locations.ys
139,9,6105030723904,4,64,2427200,262400,65600,0,2368,2368,262400,0,desired_move_locations.zs
139,10,6105030986304,4,64,2689600,262400,65600,0,2624,2624,262400,0,aim_directions.xs
139,11,6105031248704,4,64,2952000,262400,65600,0,2880,2880,262400,0,aim_directions.ys
139,12,6105031511104,4,64,3214400,262400,65600,0,3136,3136,262400,0,aim_directions.zs
139,13,6105031773504,4,64,3476800,262400,65600,0,3392,3392,262400,0,desired_aiming_directions.xs
139,14,6105032035904,4,64,3739200,262400,65600,0,3648,3648,262400,0,desired_aiming_directions.ys
139,15,6105032298304,4,64,4001600,262400,65600,0,3904,3904,262400,0,desired_aiming_directions.zs
139,16,6105032560704,4,64,4264000,262400,65600,0,64,4160,262400,0,movement_directions.xs
139,17,6105032823104,4,64,4526400,262400,65600,0,320,4416,262400,0,movement_directions.ys
139,18,6105033085504,4,64,4788800,262400,65600,0,576,4672,262400,0,movement_directions.zs
139,19,6105033347904,4,64,5051200,262400,65600,0,832,4928,262400,0,velocities.xs
139,20,6105033610304,4,64,5313600,262400,65600,0,1088,5184,262400,0,velocities.ys
139,21,6105033872704,4,64,5576000,262400,65600,0,1344,5440,262400,0,velocities.zs
139,22,6105034135104,4,64,5838400,262400,65600,0,1600,5696,262400,0,move_distances
139,23,6105034397504,4,64,6100800,262400,65600,0,1856,5952,262400,0,speeds
139,24,6105034659904,1,64,6363200,65600,65600,0,2112,6208,65600,0,teams
139,25,6105034725504,4,64,6428800,262400,65600,0,2176,6272,262400,0,healths
139,26,6105034987904,8,64,6691200,524800,65600,0,2432,6528,524800,0,parent_handles
139,27,6105035512704,1,64,7216000,65600,65600,0,2944,7040,65600,0,awareness_scan_countdowns.counters
139,28,6105035578304,2,64,7281600,131200,65600,0,3008,7104,131200,0,navigation_update_countdowns.remaining_ticks
139,29,6105035709504,2,64,7412800,131200,65600,0,3136,7232,131200,0,navigation_update_countdowns.periods
139,30,6105035840704,4,64,7544000,262400,65600,0,3264,7360,262400,0,separation_steering.xs
139,31,6105036103104,4,64,7806400,262400,65600,0,3520,7616,262400,0,separation_steering.ys
139,32,6105036365504,4,64,8068800,262400,65600,0,3776,7872,262400,0,separation_steering.zs
139,33,6105036627904,1,64,8331200,65600,65600,0,4032,8128,65600,0,navigation_risk_tiers
139,34,6105036693504,1,64,8396800,65600,65600,0,0,8192,65600,0,navigation_lower_risk_scan_counts
139,35,6105036759104,1,64,8462400,65600,65600,0,64,8256,65600,0,avoidance_choice_indices
139,36,6105036824704,1,64,8528000,65600,65600,0,128,8320,65600,0,avoidance_clear_scan_counts
139,37,6105036890304,2,64,8593600,131200,65600,0,192,8384,131200,0,attack_reposition_countdowns.counters
139,38,6105037021504,2,64,8724800,131200,65600,0,320,8512,131200,0,attack_cooldowns.counters
139,39,6105037152704,8,64,8856000,524800,65600,0,448,8640,524800,0,target_handles
139,40,6105037677504,4,64,9380800,262400,65600,0,960,9152,262400,0,target_locations.xs
139,41,6105037939904,4,64,9643200,262400,65600,0,1216,9408,262400,0,target_locations.ys
139,42,6105038202304,4,64,9905600,262400,65600,0,1472,9664,262400,0,target_locations.zs
139,43,6105038464704,4,64,10168000,262400,65600,0,1728,9920,262400,0,target_velocities.xs
139,44,6105038727104,4,64,10430400,262400,65600,0,1984,10176,262400,0,target_velocities.ys
139,45,6105038989504,4,64,10692800,262400,65600,0,2240,10432,262400,0,target_velocities.zs
139,46,6105039251904,4,64,10955200,262400,65600,0,2496,10688,262400,0,target_directions.xs
139,47,6105039514304,4,64,11217600,262400,65600,0,2752,10944,262400,0,target_directions.ys
139,48,6105039776704,4,64,11480000,262400,65600,0,3008,11200,262400,0,target_directions.zs
139,49,6105040039104,4,64,11742400,262400,65600,0,3264,11456,262400,0,intercept_times
139,50,6105040301504,4,64,12004800,262400,65600,0,3520,11712,262400,0,target_distance_sq
139,51,6105040563904,4,64,12267200,262400,65600,0,3776,11968,262400,0,target_distances
139,52,6105040826304,4,64,12529600,262400,65600,0,4032,12224,,,target_radii
140,0,2917625692160,8,64,0,524800,65600,0,0,0,524800,0,entity_handles
140,1,2917626216960,4,64,524800,262400,65600,0,512,512,262400,0,integral_biases
140,2,2917626479360,4,64,787200,262400,65600,0,768,768,262400,0,float_biases
140,3,2917626741760,1,64,1049600,65600,65600,0,1024,1024,65600,0,tasks
140,4,2917626807360,4,64,1115200,262400,65600,0,1088,1088,262400,0,locations.xs
140,5,2917627069760,4,64,1377600,262400,65600,0,1344,1344,262400,0,locations.ys
140,6,2917627332160,4,64,1640000,262400,65600,0,1600,1600,262400,0,locations.zs
140,7,2917627594560,4,64,1902400,262400,65600,0,1856,1856,262400,0,desired_move_locations.xs
140,8,2917627856960,4,64,2164800,262400,65600,0,2112,2112,262400,0,desired_move_locations.ys
140,9,2917628119360,4,64,2427200,262400,65600,0,2368,2368,262400,0,desired_move_locations.zs
140,10,2917628381760,4,64,2689600,262400,65600,0,2624,2624,262400,0,aim_directions.xs
140,11,2917628644160,4,64,2952000,262400,65600,0,2880,2880,262400,0,aim_directions.ys
140,12,2917628906560,4,64,3214400,262400,65600,0,3136,3136,262400,0,aim_directions.zs
140,13,2917629168960,4,64,3476800,262400,65600,0,3392,3392,262400,0,desired_aiming_directions.xs
140,14,2917629431360,4,64,3739200,262400,65600,0,3648,3648,262400,0,desired_aiming_directions.ys
140,15,2917629693760,4,64,4001600,262400,65600,0,3904,3904,262400,0,desired_aiming_directions.zs
140,16,2917629956160,4,64,4264000,262400,65600,0,64,4160,262400,0,movement_directions.xs
140,17,2917630218560,4,64,4526400,262400,65600,0,320,4416,262400,0,movement_directions.ys
140,18,2917630480960,4,64,4788800,262400,65600,0,576,4672,262400,0,movement_directions.zs
140,19,2917630743360,4,64,5051200,262400,65600,0,832,4928,262400,0,velocities.xs
140,20,2917631005760,4,64,5313600,262400,65600,0,1088,5184,262400,0,velocities.ys
140,21,2917631268160,4,64,5576000,262400,65600,0,1344,5440,262400,0,velocities.zs
140,22,2917631530560,4,64,5838400,262400,65600,0,1600,5696,262400,0,move_distances
140,23,2917631792960,4,64,6100800,262400,65600,0,1856,5952,262400,0,speeds
140,24,2917632055360,1,64,6363200,65600,65600,0,2112,6208,65600,0,teams
140,25,2917632120960,4,64,6428800,262400,65600,0,2176,6272,262400,0,healths
140,26,2917632383360,8,64,6691200,524800,65600,0,2432,6528,524800,0,parent_handles
140,27,2917632908160,1,64,7216000,65600,65600,0,2944,7040,65600,0,awareness_scan_countdowns.counters
140,28,2917632973760,2,64,7281600,131200,65600,0,3008,7104,131200,0,navigation_update_countdowns.remaining_ticks
140,29,2917633104960,2,64,7412800,131200,65600,0,3136,7232,131200,0,navigation_update_countdowns.periods
140,30,2917633236160,4,64,7544000,262400,65600,0,3264,7360,262400,0,separation_steering.xs
140,31,2917633498560,4,64,7806400,262400,65600,0,3520,7616,262400,0,separation_steering.ys
140,32,2917633760960,4,64,8068800,262400,65600,0,3776,7872,262400,0,separation_steering.zs
140,33,2917634023360,1,64,8331200,65600,65600,0,4032,8128,65600,0,navigation_risk_tiers
140,34,2917634088960,1,64,8396800,65600,65600,0,0,8192,65600,0,navigation_lower_risk_scan_counts
140,35,2917634154560,1,64,8462400,65600,65600,0,64,8256,65600,0,avoidance_choice_indices
140,36,2917634220160,1,64,8528000,65600,65600,0,128,8320,65600,0,avoidance_clear_scan_counts
140,37,2917634285760,2,64,8593600,131200,65600,0,192,8384,131200,0,attack_reposition_countdowns.counters
140,38,2917634416960,2,64,8724800,131200,65600,0,320,8512,131200,0,attack_cooldowns.counters
140,39,2917634548160,8,64,8856000,524800,65600,0,448,8640,524800,0,target_handles
140,40,2917635072960,4,64,9380800,262400,65600,0,960,9152,262400,0,target_locations.xs
140,41,2917635335360,4,64,9643200,262400,65600,0,1216,9408,262400,0,target_locations.ys
140,42,2917635597760,4,64,9905600,262400,65600,0,1472,9664,262400,0,target_locations.zs
140,43,2917635860160,4,64,10168000,262400,65600,0,1728,9920,262400,0,target_velocities.xs
140,44,2917636122560,4,64,10430400,262400,65600,0,1984,10176,262400,0,target_velocities.ys
140,45,2917636384960,4,64,10692800,262400,65600,0,2240,10432,262400,0,target_velocities.zs
140,46,2917636647360,4,64,10955200,262400,65600,0,2496,10688,262400,0,target_directions.xs
140,47,2917636909760,4,64,11217600,262400,65600,0,2752,10944,262400,0,target_directions.ys
140,48,2917637172160,4,64,11480000,262400,65600,0,3008,11200,262400,0,target_directions.zs
140,49,2917637434560,4,64,11742400,262400,65600,0,3264,11456,262400,0,intercept_times
140,50,2917637696960,4,64,12004800,262400,65600,0,3520,11712,262400,0,target_distance_sq
140,51,2917637959360,4,64,12267200,262400,65600,0,3776,11968,262400,0,target_distances
140,52,2917638221760,4,64,12529600,262400,65600,0,4032,12224,,,target_radii
141,0,4442875953152,8,64,0,1048576,131072,0,0,0,1048576,0,entity_handles
141,1,4442877001728,4,64,1048576,524288,131072,0,0,0,524288,0,integral_biases
141,2,4442877526016,4,64,1572864,524288,131072,0,0,0,524288,0,float_biases
141,3,4442878050304,1,64,2097152,131072,131072,0,0,0,131072,0,tasks
141,4,4442878181376,4,64,2228224,524288,131072,0,0,0,524288,0,locations.xs
141,5,4442878705664,4,64,2752512,524288,131072,0,0,0,524288,0,locations.ys
141,6,4442879229952,4,64,3276800,524288,131072,0,0,0,524288,0,locations.zs
141,7,4442879754240,4,64,3801088,524288,131072,0,0,0,524288,0,desired_move_locations.xs
141,8,4442880278528,4,64,4325376,524288,131072,0,0,0,524288,0,desired_move_locations.ys
141,9,4442880802816,4,64,4849664,524288,131072,0,0,0,524288,0,desired_move_locations.zs
141,10,4442881327104,4,64,5373952,524288,131072,0,0,0,524288,0,aim_directions.xs
141,11,4442881851392,4,64,5898240,524288,131072,0,0,0,524288,0,aim_directions.ys
141,12,4442882375680,4,64,6422528,524288,131072,0,0,0,524288,0,aim_directions.zs
141,13,4442882899968,4,64,6946816,524288,131072,0,0,0,524288,0,desired_aiming_directions.xs
141,14,4442883424256,4,64,7471104,524288,131072,0,0,0,524288,0,desired_aiming_directions.ys
141,15,4442883948544,4,64,7995392,524288,131072,0,0,0,524288,0,desired_aiming_directions.zs
141,16,4442884472832,4,64,8519680,524288,131072,0,0,0,524288,0,movement_directions.xs
141,17,4442884997120,4,64,9043968,524288,131072,0,0,0,524288,0,movement_directions.ys
141,18,4442885521408,4,64,9568256,524288,131072,0,0,0,524288,0,movement_directions.zs
141,19,4442886045696,4,64,10092544,524288,131072,0,0,0,524288,0,velocities.xs
141,20,4442886569984,4,64,10616832,524288,131072,0,0,0,524288,0,velocities.ys
141,21,4442887094272,4,64,11141120,524288,131072,0,0,0,524288,0,velocities.zs
141,22,4442887618560,4,64,11665408,524288,131072,0,0,0,524288,0,move_distances
141,23,4442888142848,4,64,12189696,524288,131072,0,0,0,524288,0,speeds
141,24,4442888667136,1,64,12713984,131072,131072,0,0,0,131072,0,teams
141,25,4442888798208,4,64,12845056,524288,131072,0,0,0,524288,0,healths
141,26,4442889322496,8,64,13369344,1048576,131072,0,0,0,1048576,0,parent_handles
141,27,4442890371072,1,64,14417920,131072,131072,0,0,0,131072,0,awareness_scan_countdowns.counters
141,28,4442890502144,2,64,14548992,262144,131072,0,0,0,262144,0,navigation_update_countdowns.remaining_ticks
141,29,4442890764288,2,64,14811136,262144,131072,0,0,0,262144,0,navigation_update_countdowns.periods
141,30,4442891026432,4,64,15073280,524288,131072,0,0,0,524288,0,separation_steering.xs
141,31,4442891550720,4,64,15597568,524288,131072,0,0,0,524288,0,separation_steering.ys
141,32,4442892075008,4,64,16121856,524288,131072,0,0,0,524288,0,separation_steering.zs
141,33,4442892599296,1,64,16646144,131072,131072,0,0,0,131072,0,navigation_risk_tiers
141,34,4442892730368,1,64,16777216,131072,131072,0,0,0,131072,0,navigation_lower_risk_scan_counts
141,35,4442892861440,1,64,16908288,131072,131072,0,0,0,131072,0,avoidance_choice_indices
141,36,4442892992512,1,64,17039360,131072,131072,0,0,0,131072,0,avoidance_clear_scan_counts
141,37,4442893123584,2,64,17170432,262144,131072,0,0,0,262144,0,attack_reposition_countdowns.counters
141,38,4442893385728,2,64,17432576,262144,131072,0,0,0,262144,0,attack_cooldowns.counters
141,39,4442893647872,8,64,17694720,1048576,131072,0,0,0,1048576,0,target_handles
141,40,4442894696448,4,64,18743296,524288,131072,0,0,0,524288,0,target_locations.xs
141,41,4442895220736,4,64,19267584,524288,131072,0,0,0,524288,0,target_locations.ys
141,42,4442895745024,4,64,19791872,524288,131072,0,0,0,524288,0,target_locations.zs
141,43,4442896269312,4,64,20316160,524288,131072,0,0,0,524288,0,target_velocities.xs
141,44,4442896793600,4,64,20840448,524288,131072,0,0,0,524288,0,target_velocities.ys
141,45,4442897317888,4,64,21364736,524288,131072,0,0,0,524288,0,target_velocities.zs
141,46,4442897842176,4,64,21889024,524288,131072,0,0,0,524288,0,target_directions.xs
141,47,4442898366464,4,64,22413312,524288,131072,0,0,0,524288,0,target_directions.ys
141,48,4442898890752,4,64,22937600,524288,131072,0,0,0,524288,0,target_directions.zs
141,49,4442899415040,4,64,23461888,524288,131072,0,0,0,524288,0,intercept_times
141,50,4442899939328,4,64,23986176,524288,131072,0,0,0,524288,0,target_distance_sq
141,51,4442900463616,4,64,24510464,524288,131072,0,0,0,524288,0,target_distances
141,52,4442900987904,4,64,25034752,524288,131072,0,0,0,,,target_radii
142,0,4085588361216,1,64,0,65536,65536,0,0,0,65728,192,bundle0.flags
142,1,4085588426944,2,64,65728,131072,65536,0,192,192,131264,192,bundle0.counters
142,2,4085588558208,4,64,196992,262144,65536,0,384,384,262336,192,bundle0.counts
142,3,4085588820544,8,64,459328,524288,65536,0,576,576,524480,192,bundle0.totals
142,4,4085589345024,3,64,983808,196608,65536,0,768,768,196800,192,bundle0.payloads
142,5,4085589541824,4,64,1180608,262144,65536,0,960,960,262336,192,bundle0.values
142,6,4085589804160,8,64,1442944,524288,65536,0,1152,1152,524480,192,bundle0.rates
142,7,4085590328640,1,64,1967424,65536,65536,0,1344,1344,65728,192,bundle1.flags
142,8,4085590394368,2,64,2033152,131072,65536,0,1536,1536,131264,192,bundle1.counters
142,9,4085590525632,4,64,2164416,262144,65536,0,1728,1728,262336,192,bundle1.counts
142,10,4085590787968,8,64,2426752,524288,65536,0,1920,1920,524480,192,bundle1.totals
142,11,4085591312448,3,64,2951232,196608,65536,0,2112,2112,196800,192,bundle1.payloads
142,12,4085591509248,4,64,3148032,262144,65536,0,2304,2304,262336,192,bundle1.values
142,13,4085591771584,8,64,3410368,524288,65536,0,2496,2496,524480,192,bundle1.rates
142,14,4085592296064,1,64,3934848,65536,65536,0,2688,2688,65728,192,bundle2.flags
142,15,4085592361792,2,64,4000576,131072,65536,0,2880,2880,131264,192,bundle2.counters
142,16,4085592493056,4,64,4131840,262144,65536,0,3072,3072,262336,192,bundle2.counts
142,17,4085592755392,8,64,4394176,524288,65536,0,3264,3264,524480,192,bundle2.totals
142,18,4085593279872,3,64,4918656,196608,65536,0,3456,3456,196800,192,bundle2.payloads
142,19,4085593476672,4,64,5115456,262144,65536,0,3648,3648,262336,192,bundle2.values
142,20,4085593739008,8,64,5377792,524288,65536,0,3840,3840,524480,192,bundle2.rates
142,21,4085594263488,1,64,5902272,65536,65536,0,4032,4032,65728,192,bundle3.flags
142,22,4085594329216,2,64,5968000,131072,65536,0,128,4224,131264,192,bundle3.counters
142,23,4085594460480,4,64,6099264,262144,65536,0,320,4416,262336,192,bundle3.counts
142,24,4085594722816,8,64,6361600,524288,65536,0,512,4608,524480,192,bundle3.totals
142,25,4085595247296,3,64,6886080,196608,65536,0,704,4800,196800,192,bundle3.payloads
142,26,4085595444096,4,64,7082880,262144,65536,0,896,4992,262336,192,bundle3.values
142,27,4085595706432,8,64,7345216,524288,65536,0,1088,5184,524480,192,bundle3.rates
142,28,4085596230912,1,64,7869696,65536,65536,0,1280,5376,65728,192,bundle4.flags
142,29,4085596296640,2,64,7935424,131072,65536,0,1472,5568,131264,192,bundle4.counters
142,30,4085596427904,4,64,8066688,262144,65536,0,1664,5760,262336,192,bundle4.counts
142,31,4085596690240,8,64,8329024,524288,65536,0,1856,5952,524480,192,bundle4.totals
142,32,4085597214720,3,64,8853504,196608,65536,0,2048,6144,196800,192,bundle4.payloads
142,33,4085597411520,4,64,9050304,262144,65536,0,2240,6336,262336,192,bundle4.values
142,34,4085597673856,8,64,9312640,524288,65536,0,2432,6528,524480,192,bundle4.rates
142,35,4085598198336,1,64,9837120,65536,65536,0,2624,6720,65728,192,bundle5.flags
142,36,4085598264064,2,64,9902848,131072,65536,0,2816,6912,131264,192,bundle5.counters
142,37,4085598395328,4,64,10034112,262144,65536,0,3008,7104,262336,192,bundle5.counts
142,38,4085598657664,8,64,10296448,524288,65536,0,3200,7296,524480,192,bundle5.totals
142,39,4085599182144,3,64,10820928,196608,65536,0,3392,7488,196800,192,bundle5.payloads
142,40,4085599378944,4,64,11017728,262144,65536,0,3584,7680,262336,192,bundle5.values
142,41,4085599641280,8,64,11280064,524288,65536,0,3776,7872,,,bundle5.rates
143,0,2403571793920,1,64,0,131072,131072,0,0,0,131264,192,bundle0.flags
143,1,2403571925184,2,64,131264,262144,131072,0,192,192,262336,192,bundle0.counters
143,2,2403572187520,4,64,393600,524288,131072,0,384,384,524480,192,bundle0.counts
143,3,2403572712000,8,64,918080,1048576,131072,0,576,576,1048768,192,bundle0.totals
143,4,2403573760768,3,64,1966848,393216,131072,0,768,768,393408,192,bundle0.payloads
143,5,2403574154176,4,64,2360256,524288,131072,0,960,960,524480,192,bundle0.values
143,6,2403574678656,8,64,2884736,1048576,131072,0,1152,1152,1048768,192,bundle0.rates
143,7,2403575727424,1,64,3933504,131072,131072,0,1344,1344,131264,192,bundle1.flags
143,8,2403575858688,2,64,4064768,262144,131072,0,1536,1536,262336,192,bundle1.counters
143,9,2403576121024,4,64,4327104,524288,131072,0,1728,1728,524480,192,bundle1.counts
143,10,2403576645504,8,64,4851584,1048576,131072,0,1920,1920,1048768,192,bundle1.totals
143,11,2403577694272,3,64,5900352,393216,131072,0,2112,2112,393408,192,bundle1.payloads
143,12,2403578087680,4,64,6293760,524288,131072,0,2304,2304,524480,192,bundle1.values
143,13,2403578612160,8,64,6818240,1048576,131072,0,2496,2496,1048768,192,bundle1.rates
143,14,2403579660928,1,64,7867008,131072,131072,0,2688,2688,131264,192,bundle2.flags
143,15,2403579792192,2,64,7998272,262144,131072,0,2880,2880,262336,192,bundle2.counters
143,16,2403580054528,4,64,8260608,524288,131072,0,3072,3072,524480,192,bundle2.counts
143,17,2403580579008,8,64,8785088,1048576,131072,0,3264,3264,1048768,192,bundle2.totals
143,18,2403581627776,3,64,9833856,393216,131072,0,3456,3456,393408,192,bundle2.payloads
143,19,2403582021184,4,64,10227264,524288,131072,0,3648,3648,524480,192,bundle2.values
143,20,2403582545664,8,64,10751744,1048576,131072,0,3840,3840,1048768,192,bundle2.rates
143,21,2403583594432,1,64,11800512,131072,131072,0,4032,4032,131264,192,bundle3.flags
143,22,2403583725696,2,64,11931776,262144,131072,0,128,4224,262336,192,bundle3.counters
143,23,2403583988032,4,64,12194112,524288,131072,0,320,4416,524480,192,bundle3.counts
143,24,2403584512512,8,64,12718592,1048576,131072,0,512,4608,1048768,192,bundle3.totals
143,25,2403585561280,3,64,13767360,393216,131072,0,704,4800,393408,192,bundle3.payloads
143,26,2403585954688,4,64,14160768,524288,131072,0,896,4992,524480,192,bundle3.values
143,27,2403586479168,8,64,14685248,1048576,131072,0,1088,5184,1048768,192,bundle3.rates
143,28,2403587527936,1,64,15734016,131072,131072,0,1280,5376,131264,192,bundle4.flags
143,29,2403587659200,2,64,15865280,262144,131072,0,1472,5568,262336,192,bundle4.counters
143,30,2403587921536,4,64,16127616,524288,131072,0,1664,5760,524480,192,bundle4.counts
143,31,2403588446016,8,64,16652096,1048576,131072,0,1856,5952,1048768,192,bundle4.totals
143,32,2403589494784,3,64,17700864,393216,131072,0,2048,6144,393408,192,bundle4.payloads
143,33,2403589888192,4,64,18094272,524288,131072,0,2240,6336,524480,192,bundle4.values
143,34,2403590412672,8,64,18618752,1048576,131072,0,2432,6528,1048768,192,bundle4.rates
143,35,2403591461440,1,64,19667520,131072,131072,0,2624,6720,131264,192,bundle5.flags
143,36,2403591592704,2,64,19798784,262144,131072,0,2816,6912,262336,192,bundle5.counters
143,37,2403591855040,4,64,20061120,524288,131072,0,3008,7104,524480,192,bundle5.counts
143,38,2403592379520,8,64,20585600,1048576,131072,0,3200,7296,1048768,192,bundle5.totals
143,39,2403593428288,3,64,21634368,393216,131072,0,3392,7488,393408,192,bundle5.payloads
143,40,2403593821696,4,64,22027776,524288,131072,0,3584,7680,524480,192,bundle5.values
143,41,2403594346176,8,64,22552256,1048576,131072,0,3776,7872,,,bundle5.rates
144,0,5072389931008,4,64,0,524288,131072,0,0,0,524288,0,bundle0.positions
144,1,5072390455296,4,64,524288,524288,131072,0,0,0,524288,0,bundle0.velocities
144,2,5072390979584,32,64,1048576,4194304,131072,0,0,0,4194304,0,bundle0.aligned32
144,3,5072395173888,64,64,5242880,8388608,131072,0,0,0,8388608,0,bundle0.aligned64
144,4,5072403562496,256,256,13631488,33554432,131072,0,0,0,33554432,0,bundle0.aligned256
144,5,5072437116928,4,64,47185920,524288,131072,0,0,0,524288,0,bundle1.positions
144,6,5072437641216,4,64,47710208,524288,131072,0,0,0,524288,0,bundle1.velocities
144,7,5072438165504,32,64,48234496,4194304,131072,0,0,0,4194304,0,bundle1.aligned32
144,8,5072442359808,64,64,52428800,8388608,131072,0,0,0,8388608,0,bundle1.aligned64
144,9,5072450748416,256,256,60817408,33554432,131072,0,0,0,33554432,0,bundle1.aligned256
144,10,5072484302848,4,64,94371840,524288,131072,0,0,0,524288,0,bundle2.positions
144,11,5072484827136,4,64,94896128,524288,131072,0,0,0,524288,0,bundle2.velocities
144,12,5072485351424,32,64,95420416,4194304,131072,0,0,0,4194304,0,bundle2.aligned32
144,13,5072489545728,64,64,99614720,8388608,131072,0,0,0,8388608,0,bundle2.aligned64
144,14,5072497934336,256,256,108003328,33554432,131072,0,0,0,,,bundle2.aligned256
145,0,2920846917632,8,64,0,600064,75008,0,0,0,600256,192,positions0.xs
145,1,2920847517888,8,64,600256,600064,75008,0,2240,10432,600256,192,positions0.ys
145,2,2920848118144,8,64,1200512,600064,75008,0,384,20864,600256,192,positions0.zs
145,3,2920848718400,8,64,1800768,600064,75008,0,2624,31296,600256,192,velocities0.xs
145,4,2920849318656,8,64,2401024,600064,75008,0,768,41728,600256,192,velocities0.ys
145,5,2920849918912,8,64,3001280,600064,75008,0,3008,52160,600256,192,velocities0.zs
145,6,2920850519168,8,64,3601536,600064,75008,0,1152,62592,600256,192,positions1.xs
145,7,2920851119424,8,64,4201792,600064,75008,0,3392,7488,600256,192,positions1.ys
145,8,2920851719680,8,64,4802048,600064,75008,0,1536,17920,600256,192,positions1.zs
145,9,2920852319936,8,64,5402304,600064,75008,0,3776,28352,600256,192,velocities1.xs
145,10,2920852920192,8,64,6002560,600064,75008,0,1920,38784,600256,192,velocities1.ys
145,11,2920853520448,8,64,6602816,600064,75008,0,64,49216,600256,192,velocities1.zs
145,12,2920854120704,8,64,7203072,600064,75008,0,2304,59648,600256,192,positions2.xs
145,13,2920854720960,8,64,7803328,600064,75008,0,448,4544,600256,192,positions2.ys
145,14,2920855321216,8,64,8403584,600064,75008,0,2688,14976,600256,192,positions2.zs
145,15,2920855921472,8,64,9003840,600064,75008,0,832,25408,600256,192,velocities2.xs
145,16,2920856521728,8,64,9604096,600064,75008,0,3072,35840,600256,192,velocities2.ys
145,17,2920857121984,8,64,10204352,600064,75008,0,1216,46272,600256,192,velocities2.zs
145,18,2920857722240,8,64,10804608,600064,75008,0,3456,56704,600256,192,positions3.xs
145,19,2920858322496,8,64,11404864,600064,75008,0,1600,1600,600256,192,positions3.ys
145,20,2920858922752,8,64,12005120,600064,75008,0,3840,12032,600256,192,positions3.zs
145,21,2920859523008,8,64,12605376,600064,75008,0,1984,22464,600256,192,velocities3.xs
145,22,2920860123264,8,64,13205632,600064,75008,0,128,32896,600256,192,velocities3.ys
145,23,2920860723520,8,64,13805888,600064,75008,0,2368,43328,,,velocities3.zs
146,0,4589441712128,8,64,0,600064,75008,0,0,0,600256,192,entity_handles
146,1,4589442312384,4,64,600256,300032,75008,0,2240,10432,300224,192,integral_biases
146,2,4589442612608,4,64,900480,300032,75008,0,3456,48512,300224,192,float_biases
146,3,4589442912832,1,64,1200704,75008,75008,0,576,21056,75200,192,tasks
146,4,4589442988032,4,64,1275904,300032,75008,0,2048,30720,300224,192,locations.xs
146,5,4589443288256,4,64,1576128,300032,75008,0,3264,3264,300224,192,locations.ys
146,6,4589443588480,4,64,1876352,300032,75008,0,384,41344,300224,192,locations.zs
146,7,4589443888704,4,64,2176576,300032,75008,0,1600,13888,300224,192,desired_move_locations.xs
146,8,4589444188928,4,64,2476800,300032,75008,0,2816,51968,300224,192,desired_move_locations.ys
146,9,4589444489152,4,64,2777024,300032,75008,0,4032,24512,300224,192,desired_move_locations.zs
146,10,4589444789376,4,64,3077248,300032,75008,0,1152,62592,300224,192,aim_directions.xs
146,11,4589445089600,4,64,3377472,300032,75008,0,2368,35136,300224,192,aim_directions.ys
146,12,4589445389824,4,64,3677696,300032,75008,0,3584,7680,300224,192,aim_directions.zs
146,13,4589445690048,4,64,3977920,300032,75008,0,704,45760,300224,192,desired_aiming_directions.xs
146,14,4589445990272,4,64,4278144,300032,75008,0,1920,18304,300224,192,desired_aiming_directions.ys
146,15,4589446290496,4,64,4578368,300032,75008,0,3136,56384,300224,192,desired_aiming_directions.zs
146,16,4589446590720,4,64,4878592,300032,75008,0,256,28928,300224,192,movement_directions.xs
146,17,4589446890944,4,64,5178816,300032,75008,0,1472,1472,300224,192,movement_directions.ys
146,18,4589447191168,4,64,5479040,300032,75008,0,2688,39552,300224,192,movement_directions.zs
146,19,4589447491392,4,64,5779264,300032,75008,0,3904,12096,300224,192,velocities.xs
146,20,4589447791616,4,64,6079488,300032,75008,0,1024,50176,300224,192,velocities.ys
146,21,4589448091840,4,64,6379712,300032,75008,0,2240,22720,300224,192,velocities.zs
146,22,4589448392064,4,64,6679936,300032,75008,0,3456,60800,300224,192,move_distances
146,23,4589448692288,4,64,6980160,300032,75008,0,576,33344,300224,192,speeds
146,24,4589448992512,1,64,7280384,75008,75008,0,1792,5888,75200,192,teams
146,25,4589449067712,4,64,7355584,300032,75008,0,3264,15552,300224,192,healths
146,26,4589449367936,8,64,7655808,600064,75008,0,384,53632,600256,192,parent_handles
146,27,4589449968192,1,64,8256064,75008,75008,0,2624,64064,75200,192,awareness_scan_countdowns.counters
146,28,4589450043392,2,64,8331264,150016,75008,0,0,8192,150208,192,navigation_update_countdowns.remaining_ticks
146,29,4589450193600,2,64,8481472,150016,75008,0,2752,27328,150208,192,navigation_update_countdowns.periods
146,30,4589450343808,4,64,8631680,300032,75008,0,1408,46464,300224,192,separation_steering.xs
146,31,4589450644032,4,64,8931904,300032,75008,0,2624,19008,300224,192,separation_steering.ys
146,32,4589450944256,4,64,9232128,300032,75008,0,3840,57088,300224,192,separation_steering.zs
146,33,4589451244480,1,64,9532352,75008,75008,0,960,29632,75200,192,navigation_risk_tiers
146,34,4589451319680,1,64,9607552,75008,75008,0,2432,39296,75200,192,navigation_lower_risk_scan_counts
146,35,4589451394880,1,64,9682752,75008,75008,0,3904,48960,75200,192,avoidance_choice_indices
146,36,4589451470080,1,64,9757952,75008,75008,0,1280,58624,75200,192,avoidance_clear_scan_counts
146,37,4589451545280,2,64,9833152,150016,75008,0,2752,2752,150208,192,attack_reposition_countdowns.counters
146,38,4589451695488,2,64,9983360,150016,75008,0,1408,21888,150208,192,attack_cooldowns.counters
146,39,4589451845696,8,64,10133568,600064,75008,0,64,41024,600256,192,target_handles
146,40,4589452445952,4,64,10733824,300032,75008,0,2304,51456,300224,192,target_locations.xs
146,41,4589452746176,4,64,11034048,300032,75008,0,3520,24000,300224,192,target_locations.ys
146,42,4589453046400,4,64,11334272,300032,75008,0,640,62080,300224,192,target_locations.zs
146,43,4589453346624,4,64,11634496,300032,75008,0,1856,34624,300224,192,target_velocities.xs
146,44,4589453646848,4,64,11934720,300032,75008,0,3072,7168,300224,192,target_velocities.ys
146,45,4589453947072,4,64,12234944,300032,75008,0,192,45248,300224,192,target_velocities.zs
146,46,4589454247296,4,64,12535168,300032,75008,0,1408,17792,300224,192,target_directions.xs
146,47,4589454547520,4,64,12835392,300032,75008,0,2624,55872,300224,192,target_directions.ys
146,48,4589454847744,4,64,13135616,300032,75008,0,3840,28416,300224,192,target_directions.zs
146,49,4589455147968,4,64,13435840,300032,75008,0,960,960,300224,192,intercept_times
146,50,4589455448192,4,64,13736064,300032,75008,0,2176,39040,300224,192,target_distance_sq
146,51,4589455748416,4,64,14036288,300032,75008,0,3392,11584,300224,192,target_distances
146,52,4589456048640,4,64,14336512,300032,75008,0,512,49664,,,target_radii
147,0,5323612684288,8,64,0,1048576,131072,0,0,0,1048576,0,positions0.xs
147,1,5323613732864,8,64,1048576,1048576,131072,0,0,0,1048576,0,positions0.ys
147,2,5323614781440,8,64,2097152,1048576,131072,0,0,0,1048576,0,positions0.zs
147,3,5323615830016,8,64,3145728,1048576,131072,0,0,0,1048576,0,velocities0.xs
147,4,5323616878592,8,64,4194304,1048576,131072,0,0,0,1048576,0,velocities0.ys
147,5,5323617927168,8,64,5242880,1048576,131072,0,0,0,1048576,0,velocities0.zs
147,6,5323618975744,8,64,6291456,1048576,131072,0,0,0,1048576,0,positions1.xs
147,7,5323620024320,8,64,7340032,1048576,131072,0,0,0,1048576,0,positions1.ys
147,8,5323621072896,8,64,8388608,1048576,131072,0,0,0,1048576,0,positions1.zs
147,9,5323622121472,8,64,9437184,1048576,131072,0,0,0,1048576,0,velocities1.xs
147,10,5323623170048,8,64,10485760,1048576,131072,0,0,0,1048576,0,velocities1.ys
147,11,5323624218624,8,64,11534336,1048576,131072,0,0,0,1048576,0,velocities1.zs
147,12,5323625267200,8,64,12582912,1048576,131072,0,0,0,1048576,0,positions2.xs
147,13,5323626315776,8,64,13631488,1048576,131072,0,0,0,1048576,0,positions2.ys
147,14,5323627364352,8,64,14680064,1048576,131072,0,0,0,1048576,0,positions2.zs
147,15,5323628412928,8,64,15728640,1048576,131072,0,0,0,1048576,0,velocities2.xs
147,16,5323629461504,8,64,16777216,1048576,131072,0,0,0,1048576,0,velocities2.ys
147,17,5323630510080,8,64,17825792,1048576,131072,0,0,0,1048576,0,velocities2.zs
147,18,5323631558656,8,64,18874368,1048576,131072,0,0,0,1048576,0,positions3.xs
147,19,5323632607232,8,64,19922944,1048576,131072,0,0,0,1048576,0,positions3.ys
147,20,5323633655808,8,64,20971520,1048576,131072,0,0,0,1048576,0,positions3.zs
147,21,5323634704384,8,64,22020096,1048576,131072,0,0,0,1048576,0,velocities3.xs
147,22,5323635752960,8,64,23068672,1048576,131072,0,0,0,1048576,0,velocities3.ys
147,23,5323636801536,8,64,24117248,1048576,131072,0,0,0,,,velocities3.zs
148,0,5592617844736,4,64,0,300032,75008,0,0,0,300224,192,bundle0.positions
148,1,5592618144960,4,64,300224,300032,75008,0,1216,38080,300224,192,bundle0.velocities
148,2,5592618445184,32,64,600448,2400256,75008,0,2432,10624,2400448,192,bundle0.aligned32
148,3,5592620845632,64,64,3000896,4800512,75008,0,2624,51776,4800704,192,bundle0.aligned64
148,4,5592625646336,256,256,7801600,19202048,75008,0,2816,2816,19202240,192,bundle0.aligned256
148,5,5592644848576,4,64,27003840,300032,75008,0,3008,3008,300224,192,bundle1.positions
148,6,5592645148800,4,64,27304064,300032,75008,0,128,41088,300224,192,bundle1.velocities
148,7,5592645449024,32,64,27604288,2400256,75008,0,1344,13632,2400448,192,bundle1.aligned32
148,8,5592647849472,64,64,30004736,4800512,75008,0,1536,54784,4800768,256,bundle1.aligned64
148,9,5592652650240,256,256,34805504,19202048,75008,0,1792,5888,19202240,192,bundle1.aligned256
148,10,5592671852480,4,64,54007744,300032,75008,0,1984,6080,300224,192,bundle2.positions
148,11,5592672152704,4,64,54307968,300032,75008,0,3200,44160,300224,192,bundle2.velocities
148,12,5592672452928,32,64,54608192,2400256,75008,0,320,16704,2400448,192,bundle2.aligned32
148,13,5592674853376,64,64,57008640,4800512,75008,0,512,57856,4800768,256,bundle2.aligned64
148,14,5592679654144,256,256,61809408,19202048,75008,0,768,8960,,,bundle2.aligned256
149,0,3496909406208,8,64,0,800256,100032,0,0,0,800256,0,entity_handles
149,1,3496910206464,4,64,800256,400128,100032,0,1536,13824,400128,0,integral_biases
149,2,3496910606592,4,64,1200384,400128,100032,0,256,20736,400128,0,float_biases
149,3,3496911006720,1,64,1600512,100032,100032,0,3072,27648,100032,0,tasks
149,4,3496911106752,4,64,1700544,400128,100032,0,704,62144,400128,0,locations.xs
149,5,3496911506880,4,64,2100672,400128,100032,0,3520,3520,400128,0,locations.ys
149,6,3496911907008,4,64,2500800,400128,100032,0,2240,10432,400128,0,locations.zs
149,7,3496912307136,4,64,2900928,400128,100032,0,960,17344,400128,0,desired_move_locations.xs
149,8,3496912707264,4,64,3301056,400128,100032,0,3776,24256,400128,0,desired_move_locations.ys
149,9,3496913107392,4,64,3701184,400128,100032,0,2496,31168,400128,0,desired_move_locations.zs
149,10,3496913507520,4,64,4101312,400128,100032,0,1216,38080,400128,0,aim_directions.xs
149,11,3496913907648,4,64,4501440,400128,100032,0,4032,44992,400128,0,aim_directions.ys
149,12,3496914307776,4,64,4901568,400128,100032,0,2752,51904,400128,0,aim_directions.zs
149,13,3496914707904,4,64,5301696,400128,100032,0,1472,58816,400128,0,desired_aiming_directions.xs
149,14,3496915108032,4,64,5701824,400128,100032,0,192,192,400128,0,desired_aiming_directions.ys
149,15,3496915508160,4,64,6101952,400128,100032,0,3008,7104,400128,0,desired_aiming_directions.zs
149,16,3496915908288,4,64,6502080,400128,100032,0,1728,14016,400128,0,movement_directions.xs
149,17,3496916308416,4,64,6902208,400128,100032,0,448,20928,400128,0,movement_directions.ys
149,18,3496916708544,4,64,7302336,400128,100032,0,3264,27840,400128,0,movement_directions.zs
149,19,3496917108672,4,64,7702464,400128,100032,0,1984,34752,400128,0,velocities.xs
149,20,3496917508800,4,64,8102592,400128,100032,0,704,41664,400128,0,velocities.ys
149,21,3496917908928,4,64,8502720,400128,100032,0,3520,48576,400128,0,velocities.zs
149,22,3496918309056,4,64,8902848,400128,100032,0,2240,55488,400128,0,move_distances
149,23,3496918709184,4,64,9302976,400128,100032,0,960,62400,400128,0,speeds
149,24,3496919109312,1,64,9703104,100032,100032,0,3776,3776,100032,0,teams
149,25,3496919209344,4,64,9803136,400128,100032,0,1408,38272,400128,0,healths
149,26,3496919609472,8,64,10203264,800256,100032,0,128,45184,800256,0,parent_handles
149,27,3496920409728,1,64,11003520,100032,100032,0,1664,59008,100032,0,awareness_scan_countdowns.counters
149,28,3496920509760,2,64,11103552,200064,100032,0,3392,27968,200064,0,navigation_update_countdowns.remaining_ticks
149,29,3496920709824,2,64,11303616,200064,100032,0,2752,31424,200064,0,navigation_update_countdowns.periods
149,30,3496920909888,4,64,11503680,400128,100032,0,2112,34880,400128,0,separation_steering.xs
149,31,3496921310016,4,64,11903808,400128,100032,0,832,41792,400128,0,separation_steering.ys
149,32,3496921710144,4,64,12303936,400128,100032,0,3648,48704,400128,0,separation_steering.zs
149,33,3496922110272,1,64,12704064,100032,100032,0,2368,55616,100032,0,navigation_risk_tiers
149,34,3496922210304,1,64,12804096,100032,100032,0,0,24576,100032,0,navigation_lower_risk_scan_counts
149,35,3496922310336,1,64,12904128,100032,100032,0,1728,59072,100032,0,avoidance_choice_indices
149,36,3496922410368,1,64,13004160,100032,100032,0,3456,28032,100032,0,avoidance_clear_scan_counts
149,37,3496922510400,2,64,13104192,200064,100032,0,1088,62528,200064,0,attack_reposition_countdowns.counters
149,38,3496922710464,2,64,13304256,200064,100032,0,448,448,200064,0,attack_cooldowns.counters
149,39,3496922910528,8,64,13504320,800256,100032,0,3904,3904,800256,0,target_handles
149,40,3496923710784,4,64,14304576,400128,100032,0,1344,17728,400128,0,target_locations.xs
149,41,3496924110912,4,64,14704704,400128,100032,0,64,24640,400128,0,target_locations.ys
149,42,3496924511040,4,64,15104832,400128,100032,0,2880,31552,400128,0,target_locations.zs
149,43,3496924911168,4,64,15504960,400128,100032,0,1600,38464,400128,0,target_velocities.xs
149,44,3496925311296,4,64,15905088,400128,100032,0,320,45376,400128,0,target_velocities.ys
149,45,3496925711424,4,64,16305216,400128,100032,0,3136,52288,400128,0,target_velocities.zs
149,46,3496926111552,4,64,16705344,400128,100032,0,1856,59200,400128,0,target_directions.xs
149,47,3496926511680,4,64,17105472,400128,100032,0,576,576,400128,0,target_directions.ys
149,48,3496926911808,4,64,17505600,400128,100032,0,3392,7488,400128,0,target_directions.zs
149,49,3496927311936,4,64,17905728,400128,100032,0,2112,14400,400128,0,intercept_times
149,50,3496927712064,4,64,18305856,400128,100032,0,832,21312,400128,0,target_distance_sq
149,51,3496928112192,4,64,18705984,400128,100032,0,3648,28224,400128,0,target_distances
149,52,3496928512320,4,64,19106112,400128,100032,0,2368,35136,,,target_radii
150,0,3160291344384,8,64,0,1048576,131072,0,0,0,1048768,192,positions0.xs
150,1,3160292393152,8,64,1048768,1048576,131072,0,192,192,1048768,192,positions0.ys
150,2,3160293441920,8,64,2097536,1048576,131072,0,384,384,1048768,192,positions0.zs
150,3,3160294490688,8,64,3146304,1048576,131072,0,576,576,1048768,192,velocities0.xs
150,4,3160295539456,8,64,4195072,1048576,131072,0,768,768,1048768,192,velocities0.ys
150,5,3160296588224,8,64,5243840,1048576,131072,0,960,960,1048768,192,velocities0.zs
150,6,3160297636992,8,64,6292608,1048576,131072,0,1152,1152,1048768,192,positions1.xs
150,7,3160298685760,8,64,7341376,1048576,131072,0,1344,1344,1048768,192,positions1.ys
150,8,3160299734528,8,64,8390144,1048576,131072,0,1536,1536,1048768,192,positions1.zs
150,9,3160300783296,8,64,9438912,1048576,131072,0,1728,1728,1048768,192,velocities1.xs
150,10,3160301832064,8,64,10487680,1048576,131072,0,1920,1920,1048768,192,velocities1.ys
150,11,3160302880832,8,64,11536448,1048576,131072,0,2112,2112,1048768,192,velocities1.zs
150,12,3160303929600,8,64,12585216,1048576,131072,0,2304,2304,1048768,192,positions2.xs
150,13,3160304978368,8,64,13633984,1048576,131072,0,2496,2496,1048768,192,positions2.ys
150,14,3160306027136,8,64,14682752,1048576,131072,0,2688,2688,1048768,192,positions2.zs
150,15,3160307075904,8,64,15731520,1048576,131072,0,2880,2880,1048768,192,velocities2.xs
150,16,3160308124672,8,64,16780288,1048576,131072,0,3072,3072,1048768,192,velocities2.ys
150,17,3160309173440,8,64,17829056,1048576,131072,0,3264,3264,1048768,192,velocities2.zs
150,18,3160310222208,8,64,18877824,1048576,131072,0,3456,3456,1048768,192,positions3.xs
150,19,3160311270976,8,64,19926592,1048576,131072,0,3648,3648,1048768,192,positions3.ys
150,20,3160312319744,8,64,20975360,1048576,131072,0,3840,3840,1048768,192,positions3.zs
150,21,3160313368512,8,64,22024128,1048576,131072,0,4032,4032,1048768,192,velocities3.xs
150,22,3160314417280,8,64,23072896,1048576,131072,0,128,4224,1048768,192,velocities3.ys
150,23,3160315466048,8,64,24121664,1048576,131072,0,320,4416,,,velocities3.zs
151,0,6020471128064,8,64,0,800256,100032,0,0,0,800448,192,entity_handles
151,1,6020471928512,4,64,800448,400128,100032,0,1728,14016,400320,192,integral_biases
151,2,6020472328832,4,64,1200768,400128,100032,0,640,21120,400320,192,float_biases
151,3,6020472729152,1,64,1601088,100032,100032,0,3648,28224,100224,192,tasks
151,4,6020472829376,4,64,1701312,400128,100032,0,1472,62912,400320,192,locations.xs
151,5,6020473229696,4,64,2101632,400128,100032,0,384,4480,400320,192,locations.ys
151,6,6020473630016,4,64,2501952,400128,100032,0,3392,11584,400320,192,locations.zs
151,7,6020474030336,4,64,2902272,400128,100032,0,2304,18688,400320,192,desired_move_locations.xs
151,8,6020474430656,4,64,3302592,400128,100032,0,1216,25792,400320,192,desired_move_locations.ys
151,9,6020474830976,4,64,3702912,400128,100032,0,128,32896,400320,192,desired_move_locations.zs
151,10,6020475231296,4,64,4103232,400128,100032,0,3136,40000,400320,192,aim_directions.xs
151,11,6020475631616,4,64,4503552,400128,100032,0,2048,47104,400320,192,aim_directions.ys
151,12,6020476031936,4,64,4903872,400128,100032,0,960,54208,400320,192,aim_directions.zs
151,13,6020476432256,4,64,5304192,400128,100032,0,3968,61312,400320,192,desired_aiming_directions.xs
151,14,6020476832576,4,64,5704512,400128,100032,0,2880,2880,400320,192,desired_aiming_directions.ys
151,15,6020477232896,4,64,6104832,400128,100032,0,1792,9984,400320,192,desired_aiming_directions.zs
151,16,6020477633216,4,64,6505152,400128,100032,0,704,17088,400320,192,movement_directions.xs
151,17,6020478033536,4,64,6905472,400128,100032,0,3712,24192,400320,192,movement_directions.ys
151,18,6020478433856,4,64,7305792,400128,100032,0,2624,31296,400320,192,movement_directions.zs
151,19,6020478834176,4,64,7706112,400128,100032,0,1536,38400,400320,192,velocities.xs
151,20,6020479234496,4,64,8106432,400128,100032,0,448,45504,400320,192,velocities.ys
151,21,6020479634816,4,64,8506752,400128,100032,0,3456,52608,400320,192,velocities.zs
151,22,6020480035136,4,64,8907072,400128,100032,0,2368,59712,400320,192,move_distances
151,23,6020480435456,4,64,9307392,400128,100032,0,1280,1280,400320,192,speeds
151,24,6020480835776,1,64,9707712,100032,100032,0,192,8384,100224,192,teams
151,25,6020480936000,4,64,9807936,400128,100032,0,2112,43072,400320,192,healths
151,26,6020481336320,8,64,10208256,800256,100032,0,1024,50176,800448,192,parent_handles
151,27,6020482136768,1,64,11008704,100032,100032,0,2752,64192,100224,192,awareness_scan_countdowns.counters
151,28,6020482236992,2,64,11108928,200064,100032,0,576,33344,200256,192,navigation_update_countdowns.remaining_ticks
151,29,6020482437248,2,64,11309184,200064,100032,0,128,36992,200256,192,navigation_update_countdowns.periods
151,30,6020482637504,4,64,11509440,400128,100032,0,3776,40640,400320,192,separation_steering.xs
151,31,6020483037824,4,64,11909760,400128,100032,0,2688,47744,400320,192,separation_steering.ys
151,32,6020483438144,4,64,12310080,400128,100032,0,1600,54848,400320,192,separation_steering.zs
151,33,6020483838464,1,64,12710400,100032,100032,0,512,61952,100224,192,navigation_risk_tiers
151,34,6020483938688,1,64,12810624,100032,100032,0,2432,31104,100224,192,navigation_lower_risk_scan_counts
151,35,6020484038912,1,64,12910848,100032,100032,0,256,256,100224,192,avoidance_choice_indices
151,36,6020484139136,1,64,13011072,100032,100032,0,2176,34944,100224,192,avoidance_clear_scan_counts
151,37,6020484239360,2,64,13111296,200064,100032,0,0,4096,200256,192,attack_reposition_countdowns.counters
151,38,6020484439616,2,64,13311552,200064,100032,0,3648,7744,200256,192,attack_cooldowns.counters
151,39,6020484639872,8,64,13511808,800256,100032,0,3200,11392,800448,192,target_handles
151,40,6020485440320,4,64,14312256,400128,100032,0,832,25408,400320,192,target_locations.xs
151,41,6020485840640,4,64,14712576,400128,100032,0,3840,32512,400320,192,target_locations.ys
151,42,6020486240960,4,64,15112896,400128,100032,0,2752,39616,400320,192,target_locations.zs
151,43,6020486641280,4,64,15513216,400128,100032,0,1664,46720,400320,192,target_velocities.xs
151,44,6020487041600,4,64,15913536,400128,100032,0,576,53824,400320,192,target_velocities.ys
151,45,6020487441920,4,64,16313856,400128,100032,0,3584,60928,400320,192,target_velocities.zs
151,46,6020487842240,4,64,16714176,400128,100032,0,2496,2496,400320,192,target_directions.xs
151,47,6020488242560,4,64,17114496,400128,100032,0,1408,9600,400320,192,target_directions.ys
151,48,6020488642880,4,64,17514816,400128,100032,0,320,16704,400320,192,target_directions.zs
151,49,6020489043200,4,64,17915136,400128,100032,0,3328,23808,400320,192,intercept_times
151,50,6020489443520,4,64,18315456,400128,100032,0,2240,30912,400320,192,target_distance_sq
151,51,6020489843840,4,64,18715776,400128,100032,0,1152,38016,400320,192,target_distances
151,52,6020490244160,4,64,19116096,400128,100032,0,64,45120,,,target_radii
152,0,3890167349248,8,64,0,524800,65600,0,0,0,524800,0,entity_handles
152,1,3890167874048,4,64,524800,262400,65600,0,512,512,262400,0,integral_biases
152,2,3890168136448,4,64,787200,262400,65600,0,768,768,262400,0,float_biases
152,3,3890168398848,1,64,1049600,65600,65600,0,1024,1024,65600,0,tasks
152,4,3890168464448,4,64,1115200,262400,65600,0,1088,1088,262400,0,locations.xs
152,5,3890168726848,4,64,1377600,262400,65600,0,1344,1344,262400,0,locations.ys
152,6,3890168989248,4,64,1640000,262400,65600,0,1600,1600,262400,0,locations.zs
152,7,3890169251648,4,64,1902400,262400,65600,0,1856,1856,262400,0,desired_move_locations.xs
152,8,3890169514048,4,64,2164800,262400,65600,0,2112,2112,262400,0,desired_move_locations.ys
152,9,3890169776448,4,64,2427200,262400,65600,0,2368,2368,262400,0,desired_move_locations.zs
152,10,3890170038848,4,64,2689600,262400,65600,0,2624,2624,262400,0,aim_directions.xs
152,11,3890170301248,4,64,2952000,262400,65600,0,2880,2880,262400,0,aim_directions.ys
152,12,3890170563648,4,64,3214400,262400,65600,0,3136,3136,262400,0,aim_directions.zs
152,13,3890170826048,4,64,3476800,262400,65600,0,3392,3392,262400,0,desired_aiming_directions.xs
152,14,3890171088448,4,64,3739200,262400,65600,0,3648,3648,262400,0,desired_aiming_directions.ys
152,15,3890171350848,4,64,4001600,262400,65600,0,3904,3904,262400,0,desired_aiming_directions.zs
152,16,3890171613248,4,64,4264000,262400,65600,0,64,4160,262400,0,movement_directions.xs
152,17,3890171875648,4,64,4526400,262400,65600,0,320,4416,262400,0,movement_directions.ys
152,18,3890172138048,4,64,4788800,262400,65600,0,576,4672,262400,0,movement_directions.zs
152,19,3890172400448,4,64,5051200,262400,65600,0,832,4928,262400,0,velocities.xs
152,20,3890172662848,4,64,5313600,262400,65600,0,1088,5184,262400,0,velocities.ys
152,21,3890172925248,4,64,5576000,262400,65600,0,1344,5440,262400,0,velocities.zs
152,22,3890173187648,4,64,5838400,262400,65600,0,1600,5696,262400,0,move_distances
152,23,3890173450048,4,64,6100800,262400,65600,0,1856,5952,262400,0,speeds
152,24,3890173712448,1,64,6363200,65600,65600,0,2112,6208,65600,0,teams
152,25,3890173778048,4,64,6428800,262400,65600,0,2176,6272,262400,0,healths
152,26,3890174040448,8,64,6691200,524800,65600,0,2432,6528,524800,0,parent_handles
152,27,3890174565248,1,64,7216000,65600,65600,0,2944,7040,65600,0,awareness_scan_countdowns.counters
152,28,3890174630848,2,64,7281600,131200,65600,0,3008,7104,131200,0,navigation_update_countdowns.remaining_ticks
152,29,3890174762048,2,64,7412800,131200,65600,0,3136,7232,131200,0,navigation_update_countdowns.periods
152,30,3890174893248,4,64,7544000,262400,65600,0,3264,7360,262400,0,separation_steering.xs
152,31,3890175155648,4,64,7806400,262400,65600,0,3520,7616,262400,0,separation_steering.ys
152,32,3890175418048,4,64,8068800,262400,65600,0,3776,7872,262400,0,separation_steering.zs
152,33,3890175680448,1,64,8331200,65600,65600,0,4032,8128,65600,0,navigation_risk_tiers
152,34,3890175746048,1,64,8396800,65600,65600,0,0,8192,65600,0,navigation_lower_risk_scan_counts
152,35,3890175811648,1,64,8462400,65600,65600,0,64,8256,65600,0,avoidance_choice_indices
152,36,3890175877248,1,64,8528000,65600,65600,0,128,8320,65600,0,avoidance_clear_scan_counts
152,37,3890175942848,2,64,8593600,131200,65600,0,192,8384,131200,0,attack_reposition_countdowns.counters
152,38,3890176074048,2,64,8724800,131200,65600,0,320,8512,131200,0,attack_cooldowns.counters
152,39,3890176205248,8,64,8856000,524800,65600,0,448,8640,524800,0,target_handles
152,40,3890176730048,4,64,9380800,262400,65600,0,960,9152,262400,0,target_locations.xs
152,41,3890176992448,4,64,9643200,262400,65600,0,1216,9408,262400,0,target_locations.ys
152,42,3890177254848,4,64,9905600,262400,65600,0,1472,9664,262400,0,target_locations.zs
152,43,3890177517248,4,64,10168000,262400,65600,0,1728,9920,262400,0,target_velocities.xs
152,44,3890177779648,4,64,10430400,262400,65600,0,1984,10176,262400,0,target_velocities.ys
152,45,3890178042048,4,64,10692800,262400,65600,0,2240,10432,262400,0,target_velocities.zs
152,46,3890178304448,4,64,10955200,262400,65600,0,2496,10688,262400,0,target_directions.xs
152,47,3890178566848,4,64,11217600,262400,65600,0,2752,10944,262400,0,target_directions.ys
152,48,3890178829248,4,64,11480000,262400,65600,0,3008,11200,262400,0,target_directions.zs
152,49,3890179091648,4,64,11742400,262400,65600,0,3264,11456,262400,0,intercept_times
152,50,3890179354048,4,64,12004800,262400,65600,0,3520,11712,262400,0,target_distance_sq
152,51,3890179616448,4,64,12267200,262400,65600,0,3776,11968,262400,0,target_distances
152,52,3890179878848,4,64,12529600,262400,65600,0,4032,12224,,,target_radii
153,0,2982587072512,8,64,0,800256,100032,0,0,0,800320,64,entity_handles
153,1,2982587872832,4,64,800320,400128,100032,0,1600,13888,400192,64,integral_biases
153,2,2982588273024,4,64,1200512,400128,100032,0,384,20864,400192,64,float_biases
153,3,2982588673216,1,64,1600704,100032,100032,0,3264,27840,100096,64,tasks
153,4,2982588773312,4,64,1700800,400128,100032,0,960,62400,400192,64,locations.xs
153,5,2982589173504,4,64,2100992,400128,100032,0,3840,3840,400192,64,locations.ys
153,6,2982589573696,4,64,2501184,400128,100032,0,2624,10816,400192,64,locations.zs
153,7,2982589973888,4,64,2901376,400128,100032,0,1408,17792,400192,64,desired_move_locations.xs
153,8,2982590374080,4,64,3301568,400128,100032,0,192,24768,400192,64,desired_move_locations.ys
153,9,2982590774272,4,64,3701760,400128,100032,0,3072,31744,400192,64,desired_move_locations.zs
153,10,2982591174464,4,64,4101952,400128,100032,0,1856,38720,400192,64,aim_directions.xs
153,11,2982591574656,4,64,4502144,400128,100032,0,640,45696,400192,64,aim_directions.ys
153,12,2982591974848,4,64,4902336,400128,100032,0,3520,52672,400192,64,aim_directions.zs
153,13,2982592375040,4,64,5302528,400128,100032,0,2304,59648,400192,64,desired_aiming_directions.xs
153,14,2982592775232,4,64,5702720,400128,100032,0,1088,1088,400192,64,desired_aiming_directions.ys
153,15,2982593175424,4,64,6102912,400128,100032,0,3968,8064,400192,64,desired_aiming_directions.zs
153,16,2982593575616,4,64,6503104,400128,100032,0,2752,15040,400192,64,movement_directions.xs
153,17,2982593975808,4,64,6903296,400128,100032,0,1536,22016,400192,64,movement_directions.ys
153,18,2982594376000,4,64,7303488,400128,100032,0,320,28992,400192,64,movement_directions.zs
153,19,2982594776192,4,64,7703680,400128,100032,0,3200,35968,400192,64,velocities.xs
153,20,2982595176384,4,64,8103872,400128,100032,0,1984,42944,400192,64,velocities.ys
153,21,2982595576576,4,64,8504064,400128,100032,0,768,49920,400192,64,velocities.zs
153,22,2982595976768,4,64,8904256,400128,100032,0,3648,56896,400192,64,move_distances
153,23,2982596376960,4,64,9304448,400128,100032,0,2432,63872,400192,64,speeds
153,24,2982596777152,1,64,9704640,100032,100032,0,1216,5312,100096,64,teams
153,25,2982596877248,4,64,9804736,400128,100032,0,3008,39872,400192,64,healths
153,26,2982597277440,8,64,10204928,800256,100032,0,1792,46848,800320,64,parent_handles
153,27,2982598077760,1,64,11005248,100032,100032,0,3392,60736,100096,64,awareness_scan_countdowns.counters
153,28,2982598177856,2,64,11105344,200064,100032,0,1088,29760,200128,64,navigation_update_countdowns.remaining_ticks
153,29,2982598377984,2,64,11305472,200064,100032,0,512,33280,200128,64,navigation_update_countdowns.periods
153,30,2982598578112,4,64,11505600,400128,100032,0,4032,36800,400192,64,separation_steering.xs
153,31,2982598978304,4,64,11905792,400128,100032,0,2816,43776,400192,64,separation_steering.ys
153,32,2982599378496,4,64,12305984,400128,100032,0,1600,50752,400192,64,separation_steering.zs
153,33,2982599778688,1,64,12706176,100032,100032,0,384,57728,100096,64,navigation_risk_tiers
153,34,2982599878784,1,64,12806272,100032,100032,0,2176,26752,100096,64,navigation_lower_risk_scan_counts
153,35,2982599978880,1,64,12906368,100032,100032,0,3968,61312,100096,64,avoidance_choice_indices
153,36,2982600078976,1,64,13006464,100032,100032,0,1664,30336,100096,64,avoidance_clear_scan_counts
153,37,2982600179072,2,64,13106560,200064,100032,0,3456,64896,200128,64,attack_reposition_countdowns.counters
153,38,2982600379200,2,64,13306688,200064,100032,0,2880,2880,200128,64,attack_cooldowns.counters
153,39,2982600579328,8,64,13506816,800256,100032,0,2304,6400,800320,64,target_handles
153,40,2982601379648,4,64,14307136,400128,100032,0,3904,20288,400192,64,target_locations.xs
153,41,2982601779840,4,64,14707328,400128,100032,0,2688,27264,400192,64,target_locations.ys
153,42,2982602180032,4,64,15107520,400128,100032,0,1472,34240,400192,64,target_locations.zs
153,43,2982602580224,4,64,15507712,400128,100032,0,256,41216,400192,64,target_velocities.xs
153,44,2982602980416,4,64,15907904,400128,100032,0,3136,48192,400192,64,target_velocities.ys
153,45,2982603380608,4,64,16308096,400128,100032,0,1920,55168,400192,64,target_velocities.zs
153,46,2982603780800,4,64,16708288,400128,100032,0,704,62144,400192,64,target_directions.xs
153,47,2982604180992,4,64,17108480,400128,100032,0,3584,3584,400192,64,target_directions.ys
153,48,2982604581184,4,64,17508672,400128,100032,0,2368,10560,400192,64,target_directions.zs
153,49,2982604981376,4,64,17908864,400128,100032,0,1152,17536,400192,64,intercept_times
153,50,2982605381568,4,64,18309056,400128,100032,0,4032,24512,400192,64,target_distance_sq
153,51,2982605781760,4,64,18709248,400128,100032,0,2816,31488,400192,64,target_distances
153,52,2982606181952,4,64,19109440,400128,100032,0,1600,38464,,,target_radii
154,0,4036464672768,8,64,0,524800,65600,0,0,0,524992,192,entity_handles
154,1,4036465197760,4,64,524992,262400,65600,0,704,704,262592,192,integral_biases
154,2,4036465460352,4,64,787584,262400,65600,0,1152,1152,262592,192,float_biases
154,3,4036465722944,1,64,1050176,65600,65600,0,1600,1600,65792,192,tasks
154,4,4036465788736,4,64,1115968,262400,65600,0,1856,1856,262592,192,locations.xs
154,5,4036466051328,4,64,1378560,262400,65600,0,2304,2304,262592,192,locations.ys
154,6,4036466313920,4,64,1641152,262400,65600,0,2752,2752,262592,192,locations.zs
154,7,4036466576512,4,64,1903744,262400,65600,0,3200,3200,262592,192,desired_move_locations.xs
154,8,4036466839104,4,64,2166336,262400,65600,0,3648,3648,262592,192,desired_move_locations.ys
154,9,4036467101696,4,64,2428928,262400,65600,0,0,4096,262592,192,desired_move_locations.zs
154,10,4036467364288,4,64,2691520,262400,65600,0,448,4544,262592,192,aim_directions.xs
154,11,4036467626880,4,64,2954112,262400,65600,0,896,4992,262592,192,aim_directions.ys
154,12,4036467889472,4,64,3216704,262400,65600,0,1344,5440,262592,192,aim_directions.zs
154,13,4036468152064,4,64,3479296,262400,65600,0,1792,5888,262592,192,desired_aiming_directions.xs
154,14,4036468414656,4,64,3741888,262400,65600,0,2240,6336,262592,192,desired_aiming_directions.ys
154,15,4036468677248,4,64,4004480,262400,65600,0,2688,6784,262592,192,desired_aiming_directions.zs
154,16,4036468939840,4,64,4267072,262400,65600,0,3136,7232,262592,192,movement_directions.xs
154,17,4036469202432,4,64,4529664,262400,65600,0,3584,7680,262592,192,movement_directions.ys
154,18,4036469465024,4,64,4792256,262400,65600,0,4032,8128,262592,192,movement_directions.zs
154,19,4036469727616,4,64,5054848,262400,65600,0,384,8576,262592,192,velocities.xs
154,20,4036469990208,4,64,5317440,262400,65600,0,832,9024,262592,192,velocities.ys
154,21,4036470252800,4,64,5580032,262400,65600,0,1280,9472,262592,192,velocities.zs
154,22,4036470515392,4,64,5842624,262400,65600,0,1728,9920,262592,192,move_distances
154,23,4036470777984,4,64,6105216,262400,65600,0,2176,10368,262592,192,speeds
154,24,4036471040576,1,64,6367808,65600,65600,0,2624,10816,65792,192,teams
154,25,4036471106368,4,64,6433600,262400,65600,0,2880,11072,262592,192,healths
154,26,4036471368960,8,64,6696192,524800,65600,0,3328,11520,524992,192,parent_handles
154,27,4036471893952,1,64,7221184,65600,65600,0,4032,12224,65792,192,awareness_scan_countdowns.counters
154,28,4036471959744,2,64,7286976,131200,65600,0,192,12480,131392,192,navigation_update_countdowns.remaining_ticks
154,29,4036472091136,2,64,7418368,131200,65600,0,512,12800,131392,192,navigation_update_countdowns.periods
154,30,4036472222528,4,64,7549760,262400,65600,0,832,13120,262592,192,separation_steering.xs
154,31,4036472485120,4,64,7812352,262400,65600,0,1280,13568,262592,192,separation_steering.ys
154,32,4036472747712,4,64,8074944,262400,65600,0,1728,14016,262592,192,separation_steering.zs
154,33,4036473010304,1,64,8337536,65600,65600,0,2176,14464,65792,192,navigation_risk_tiers
154,34,4036473076096,1,64,8403328,65600,65600,0,2432,14720,65792,192,navigation_lower_risk_scan_counts
154,35,4036473141888,1,64,8469120,65600,65600,0,2688,14976,65792,192,avoidance_choice_indices
154,36,4036473207680,1,64,8534912,65600,65600,0,2944,15232,65792,192,avoidance_clear_scan_counts
154,37,4036473273472,2,64,8600704,131200,65600,0,3200,15488,131392,192,attack_reposition_countdowns.counters
154,38,4036473404864,2,64,8732096,131200,65600,0,3520,15808,131392,192,attack_cooldowns.counters
154,39,4036473536256,8,64,8863488,524800,65600,0,3840,16128,524992,192,target_handles
154,40,4036474061248,4,64,9388480,262400,65600,0,448,16832,262592,192,target_locations.xs
154,41,4036474323840,4,64,9651072,262400,65600,0,896,17280,262592,192,target_locations.ys
154,42,4036474586432,4,64,9913664,262400,65600,0,1344,17728,262592,192,target_locations.zs
154,43,4036474849024,4,64,10176256,262400,65600,0,1792,18176,262592,192,target_velocities.xs
154,44,4036475111616,4,64,10438848,262400,65600,0,2240,18624,262592,192,target_velocities.ys
154,45,4036475374208,4,64,10701440,262400,65600,0,2688,19072,262592,192,target_velocities.zs
154,46,4036475636800,4,64,10964032,262400,65600,0,3136,19520,262592,192,target_directions.xs
154,47,4036475899392,4,64,11226624,262400,65600,0,3584,19968,262592,192,target_directions.ys
154,48,4036476161984,4,64,11489216,262400,65600,0,4032,20416,262592,192,target_directions.zs
154,49,4036476424576,4,64,11751808,262400,65600,0,384,20864,262592,192,intercept_times
154,50,4036476687168,4,64,12014400,262400,65600,0,832,21312,262592,192,target_distance_sq
154,51,4036476949760,4,64,12276992,262400,65600,0,1280,21760,262592,192,target_distances
154,52,4036477212352,4,64,12539584,262400,65600,0,1728,22208,,,target_radii
155,0,2861254246400,8,64,0,524288,65536,0,0,0,524288,0,entity_handles
155,1,2861254770688,4,64,524288,262144,65536,0,0,0,262144,0,integral_biases
155,2,2861255032832,4,64,786432,262144,65536,0,0,0,262144,0,float_biases
155,3,2861255294976,1,64,1048576,65536,65536,0,0,0,65536,0,tasks
155,4,2861255360512,4,64,1114112,262144,65536,0,0,0,262144,0,locations.xs
155,5,2861255622656,4,64,1376256,262144,65536,0,0,0,262144,0,locations.ys
155,6,2861255884800,4,64,1638400,262144,65536,0,0,0,262144,0,locations.zs
155,7,2861256146944,4,64,1900544,262144,65536,0,0,0,262144,0,desired_move_locations.xs
155,8,2861256409088,4,64,2162688,262144,65536,0,0,0,262144,0,desired_move_locations.ys
155,9,2861256671232,4,64,2424832,262144,65536,0,0,0,262144,0,desired_move_locations.zs
155,10,2861256933376,4,64,2686976,262144,65536,0,0,0,262144,0,aim_directions.xs
155,11,2861257195520,4,64,2949120,262144,65536,0,0,0,262144,0,aim_directions.ys
155,12,2861257457664,4,64,3211264,262144,65536,0,0,0,262144,0,aim_directions.zs
155,13,2861257719808,4,64,3473408,262144,65536,0,0,0,262144,0,desired_aiming_directions.xs
155,14,2861257981952,4,64,3735552,262144,65536,0,0,0,262144,0,desired_aiming_directions.ys
155,15,2861258244096,4,64,3997696,262144,65536,0,0,0,262144,0,desired_aiming_directions.zs
155,16,2861258506240,4,64,4259840,262144,65536,0,0,0,262144,0,movement_directions.xs
155,17,2861258768384,4,64,4521984,262144,65536,0,0,0,262144,0,movement_directions.ys
155,18,2861259030528,4,64,4784128,262144,65536,0,0,0,262144,0,movement_directions.zs
155,19,2861259292672,4,64,5046272,262144,65536,0,0,0,262144,0,velocities.xs
155,20,2861259554816,4,64,5308416,262144,65536,0,0,0,262144,0,velocities.ys
155,21,2861259816960,4,64,5570560,262144,65536,0,0,0,262144,0,velocities.zs
155,22,2861260079104,4,64,5832704,262144,65536,0,0,0,262144,0,move_distances
155,23,2861260341248,4,64,6094848,262144,65536,0,0,0,262144,0,speeds
155,24,2861260603392,1,64,6356992,65536,65536,0,0,0,65536,0,teams
155,25,2861260668928,4,64,6422528,262144,65536,0,0,0,262144,0,healths
155,26,2861260931072,8,64,6684672,524288,65536,0,0,0,524288,0,parent_handles
155,27,2861261455360,1,64,7208960,65536,65536,0,0,0,65536,0,awareness_scan_countdowns.counters
155,28,2861261520896,2,64,7274496,131072,65536,0,0,0,131072,0,navigation_update_countdowns.remaining_ticks
155,29,2861261651968,2,64,7405568,131072,65536,0,0,0,131072,0,navigation_update_countdowns.periods
155,30,2861261783040,4,64,7536640,262144,65536,0,0,0,262144,0,separation_steering.xs
155,31,2861262045184,4,64,7798784,262144,65536,0,0,0,262144,0,separation_steering.ys
155,32,2861262307328,4,64,8060928,262144,65536,0,0,0,262144,0,separation_steering.zs
155,33,2861262569472,1,64,8323072,65536,65536,0,0,0,65536,0,navigation_risk_tiers
155,34,2861262635008,1,64,8388608,65536,65536,0,0,0,65536,0,navigation_lower_risk_scan_counts
155,35,2861262700544,1,64,8454144,65536,65536,0,0,0,65536,0,avoidance_choice_indices
155,36,2861262766080,1,64,8519680,65536,65536,0,0,0,65536,0,avoidance_clear_scan_counts
155,37,2861262831616,2,64,8585216,131072,65536,0,0,0,131072,0,attack_reposition_countdowns.counters
155,38,2861262962688,2,64,8716288,131072,65536,0,0,0,131072,0,attack_cooldowns.counters
155,39,2861263093760,8,64,8847360,524288,65536,0,0,0,524288,0,target_handles
155,40,2861263618048,4,64,9371648,262144,65536,0,0,0,262144,0,target_locations.xs
155,41,2861263880192,4,64,9633792,262144,65536,0,0,0,262144,0,target_locations.ys
155,42,2861264142336,4,64,9895936,262144,65536,0,0,0,262144,0,target_locations.zs
155,43,2861264404480,4,64,10158080,262144,65536,0,0,0,262144,0,target_velocities.xs
155,44,2861264666624,4,64,10420224,262144,65536,0,0,0,262144,0,target_velocities.ys
155,45,2861264928768,4,64,10682368,262144,65536,0,0,0,262144,0,target_velocities.zs
155,46,2861265190912,4,64,10944512,262144,65536,0,0,0,262144,0,target_directions.xs
155,47,2861265453056,4,64,11206656,262144,65536,0,0,0,262144,0,target_directions.ys
155,48,2861265715200,4,64,11468800,262144,65536,0,0,0,262144,0,target_directions.zs
155,49,2861265977344,4,64,11730944,262144,65536,0,0,0,262144,0,intercept_times
155,50,2861266239488,4,64,11993088,262144,65536,0,0,0,262144,0,target_distance_sq
155,51,2861266501632,4,64,12255232,262144,65536,0,0,0,262144,0,target_distances
155,52,2861266763776,4,64,12517376,262144,65536,0,0,0,,,target_radii
156,0,4961761689600,8,64,0,600064,75008,0,0,0,600064,0,entity_handles
156,1,4961762289664,4,64,600064,300032,75008,0,2048,10240,300032,0,integral_biases
156,2,4961762589696,4,64,900096,300032,75008,0,3072,48128,300032,0,float_biases
156,3,4961762889728,1,64,1200128,75008,75008,0,0,20480,75008,0,tasks
156,4,4961762964736,4,64,1275136,300032,75008,0,1280,29952,300032,0,locations.xs
156,5,4961763264768,4,64,1575168,300032,75008,0,2304,2304,300032,0,locations.ys
156,6,4961763564800,4,64,1875200,300032,75008,0,3328,40192,300032,0,locations.zs
156,7,4961763864832,4,64,2175232,300032,75008,0,256,12544,300032,0,desired_move_locations.xs
156,8,4961764164864,4,64,2475264,300032,75008,0,1280,50432,300032,0,desired_move_locations.ys
156,9,4961764464896,4,64,2775296,300032,75008,0,2304,22784,300032,0,desired_move_locations.zs
156,10,4961764764928,4,64,3075328,300032,75008,0,3328,60672,300032,0,aim_directions.xs
156,11,4961765064960,4,64,3375360,300032,75008,0,256,33024,300032,0,aim_directions.ys
156,12,4961765364992,4,64,3675392,300032,75008,0,1280,5376,300032,0,aim_directions.zs
156,13,4961765665024,4,64,3975424,300032,75008,0,2304,43264,300032,0,desired_aiming_directions.xs
156,14,4961765965056,4,64,4275456,300032,75008,0,3328,15616,300032,0,desired_aiming_directions.ys
156,15,4961766265088,4,64,4575488,300032,75008,0,256,53504,300032,0,desired_aiming_directions.zs
156,16,4961766565120,4,64,4875520,300032,75008,0,1280,25856,300032,0,movement_directions.xs
156,17,4961766865152,4,64,5175552,300032,75008,0,2304,63744,300032,0,movement_directions.ys
156,18,4961767165184,4,64,5475584,300032,75008,0,3328,36096,300032,0,movement_directions.zs
156,19,4961767465216,4,64,5775616,300032,75008,0,256,8448,300032,0,velocities.xs
156,20,4961767765248,4,64,6075648,300032,75008,0,1280,46336,300032,0,velocities.ys
156,21,4961768065280,4,64,6375680,300032,75008,0,2304,18688,300032,0,velocities.zs
156,22,4961768365312,4,64,6675712,300032,75008,0,3328,56576,300032,0,move_distances
156,23,4961768665344,4,64,6975744,300032,75008,0,256,28928,300032,0,speeds
156,24,4961768965376,1,64,7275776,75008,75008,0,1280,1280,75008,0,teams
156,25,4961769040384,4,64,7350784,300032,75008,0,2560,10752,300032,0,healths
156,26,4961769340416,8,64,7650816,600064,75008,0,3584,48640,600064,0,parent_handles
156,27,4961769940480,1,64,8250880,75008,75008,0,1536,58880,75008,0,awareness_scan_countdowns.counters
156,28,4961770015488,2,64,8325888,150016,75008,0,2816,2816,150016,0,navigation_update_countdowns.remaining_ticks
156,29,4961770165504,2,64,8475904,150016,75008,0,1280,21760,150016,0,navigation_update_countdowns.periods
156,30,4961770315520,4,64,8625920,300032,75008,0,3840,40704,300032,0,separation_steering.xs
156,31,4961770615552,4,64,8925952,300032,75008,0,768,13056,300032,0,separation_steering.ys
156,32,4961770915584,4,64,9225984,300032,75008,0,1792,50944,300032,0,separation_steering.zs
156,33,4961771215616,1,64,9526016,75008,75008,0,2816,23296,75008,0,navigation_risk_tiers
156,34,4961771290624,1,64,9601024,75008,75008,0,0,32768,75008,0,navigation_lower_risk_scan_counts
156,35,4961771365632,1,64,9676032,75008,75008,0,1280,42240,75008,0,avoidance_choice_indices
156,36,4961771440640,1,64,9751040,75008,75008,0,2560,51712,75008,0,avoidance_clear_scan_counts
156,37,4961771515648,2,64,9826048,150016,75008,0,3840,61184,150016,0,attack_reposition_countdowns.counters
156,38,4961771665664,2,64,9976064,150016,75008,0,2304,14592,150016,0,attack_cooldowns.counters
156,39,4961771815680,8,64,10126080,600064,75008,0,768,33536,600064,0,target_handles
156,40,4961772415744,4,64,10726144,300032,75008,0,2816,43776,300032,0,target_locations.xs
156,41,4961772715776,4,64,11026176,300032,75008,0,3840,16128,300032,0,target_locations.ys
156,42,4961773015808,4,64,11326208,300032,75008,0,768,54016,300032,0,target_locations.zs
156,43,4961773315840,4,64,11626240,300032,75008,0,1792,26368,300032,0,target_velocities.xs
156,44,4961773615872,4,64,11926272,300032,75008,0,2816,64256,300032,0,target_velocities.ys
156,45,4961773915904,4,64,12226304,300032,75008,0,3840,36608,300032,0,target_velocities.zs
156,46,4961774215936,4,64,12526336,300032,75008,0,768,8960,300032,0,target_directions.xs
156,47,4961774515968,4,64,12826368,300032,75008,0,1792,46848,300032,0,target_directions.ys
156,48,4961774816000,4,64,13126400,300032,75008,0,2816,19200,300032,0,target_directions.zs
156,49,4961775116032,4,64,13426432,300032,75008,0,3840,57088,300032,0,intercept_times
156,50,4961775416064,4,64,13726464,300032,75008,0,768,29440,300032,0,target_distance_sq
156,51,4961775716096,4,64,14026496,300032,75008,0,1792,1792,300032,0,target_distances
156,52,4961776016128,4,64,14326528,300032,75008,0,2816,39680,,,target_radii
157,0,2541580451840,4,64,0,300032,75008,0,0,0,300224,192,bundle0.positions
157,1,2541580752064,4,64,300224,300032,75008,0,1216,38080,300224,192,bundle0.velocities
157,2,2541581052288,32,64,600448,2400256,75008,0,2432,10624,2400448,192,bundle0.aligned32
157,3,2541583452736,64,64,3000896,4800512,75008,0,2624,51776,4800704,192,bundle0.aligned64
157,4,2541588253440,256,256,7801600,19202048,75008,0,2816,2816,19202240,192,bundle0.aligned256
157,5,2541607455680,4,64,27003840,300032,75008,0,3008,3008,300224,192,bundle1.positions
157,6,2541607755904,4,64,27304064,300032,75008,0,128,41088,300224,192,bundle1.velocities
157,7,2541608056128,32,64,27604288,2400256,75008,0,1344,13632,2400448,192,bundle1.aligned32
157,8,2541610456576,64,64,30004736,4800512,75008,0,1536,54784,4800768,256,bundle1.aligned64
157,9,2541615257344,256,256,34805504,19202048,75008,0,1792,5888,19202240,192,bundle1.aligned256
157,10,2541634459584,4,64,54007744,300032,75008,0,1984,6080,300224,192,bundle2.positions
157,11,2541634759808,4,64,54307968,300032,75008,0,3200,44160,300224,192,bundle2.velocities
157,12,2541635060032,32,64,54608192,2400256,75008,0,320,16704,2400448,192,bundle2.aligned32
157,13,2541637460480,64,64,57008640,4800512,75008,0,512,57856,4800768,256,bundle2.aligned64
157,14,2541642261248,256,256,61809408,19202048,75008,0,768,8960,,,bundle2.aligned256
158,0,4000494321664,8,64,0,600064,75008,0,0,0,600064,0,entity_handles
158,1,4000494921728,4,64,600064,300032,75008,0,2048,10240,300032,0,integral_biases
158,2,4000495221760,4,64,900096,300032,75008,0,3072,48128,300032,0,float_biases
158,3,4000495521792,1,64,1200128,75008,75008,0,0,20480,75008,0,tasks
158,4,4000495596800,4,64,1275136,300032,75008,0,1280,29952,300032,0,locations.xs
158,5,4000495896832,4,64,1575168,300032,75008,0,2304,2304,300032,0,locations.ys
158,6,4000496196864,4,64,1875200,300032,75008,0,3328,40192,300032,0,locations.zs
158,7,4000496496896,4,64,2175232,300032,75008,0,256,12544,300032,0,desired_move_locations.xs
158,8,4000496796928,4,64,2475264,300032,75008,0,1280,50432,300032,0,desired_move_locations.ys
158,9,4000497096960,4,64,2775296,300032,75008,0,2304,22784,300032,0,desired_move_locations.zs
158,10,4000497396992,4,64,3075328,300032,75008,0,3328,60672,300032,0,aim_directions.xs
158,11,4000497697024,4,64,3375360,300032,75008,0,256,33024,300032,0,aim_directions.ys
158,12,4000497997056,4,64,3675392,300032,75008,0,1280,5376,300032,0,aim_directions.zs
158,13,4000498297088,4,64,3975424,300032,75008,0,2304,43264,300032,0,desired_aiming_directions.xs
158,14,4000498597120,4,64,4275456,300032,75008,0,3328,15616,300032,0,desired_aiming_directions.ys
158,15,4000498897152,4,64,4575488,300032,75008,0,256,53504,300032,0,desired_aiming_directions.zs
158,16,4000499197184,4,64,4875520,300032,75008,0,1280,25856,300032,0,movement_directions.xs
158,17,4000499497216,4,64,5175552,300032,75008,0,2304,63744,300032,0,movement_directions.ys
158,18,4000499797248,4,64,5475584,300032,75008,0,3328,36096,300032,0,movement_directions.zs
158,19,4000500097280,4,64,5775616,300032,75008,0,256,8448,300032,0,velocities.xs
158,20,4000500397312,4,64,6075648,300032,75008,0,1280,46336,300032,0,velocities.ys
158,21,4000500697344,4,64,6375680,300032,75008,0,2304,18688,300032,0,velocities.zs
158,22,4000500997376,4,64,6675712,300032,75008,0,3328,56576,300032,0,move_distances
158,23,4000501297408,4,64,6975744,300032,75008,0,256,28928,300032,0,speeds
158,24,4000501597440,1,64,7275776,75008,75008,0,1280,1280,75008,0,teams
158,25,4000501672448,4,64,7350784,300032,75008,0,2560,10752,300032,0,healths
158,26,4000501972480,8,64,7650816,600064,75008,0,3584,48640,600064,0,parent_handles
158,27,4000502572544,1,64,8250880,75008,75008,0,1536,58880,75008,0,awareness_scan_countdowns.counters
158,28,4000502647552,2,64,8325888,150016,75008,0,2816,2816,150016,0,navigation_update_countdowns.remaining_ticks
158,29,4000502797568,2,64,8475904,150016,75008,0,1280,21760,150016,0,navigation_update_countdowns.periods
158,30,4000502947584,4,64,8625920,300032,75008,0,3840,40704,300032,0,separation_steering.xs
158,31,4000503247616,4,64,8925952,300032,75008,0,768,13056,300032,0,separation_steering.ys
158,32,4000503547648,4,64,9225984,300032,75008,0,1792,50944,300032,0,separation_steering.zs
158,33,4000503847680,1,64,9526016,75008,75008,0,2816,23296,75008,0,navigation_risk_tiers
158,34,4000503922688,1,64,9601024,75008,75008,0,0,32768,75008,0,navigation_lower_risk_scan_counts
158,35,4000503997696,1,64,9676032,75008,75008,0,1280,42240,75008,0,avoidance_choice_indices
158,36,4000504072704,1,64,9751040,75008,75008,0,2560,51712,75008,0,avoidance_clear_scan_counts
158,37,4000504147712,2,64,9826048,150016,75008,0,3840,61184,150016,0,attack_reposition_countdowns.counters
158,38,4000504297728,2,64,9976064,150016,75008,0,2304,14592,150016,0,attack_cooldowns.counters
158,39,4000504447744,8,64,10126080,600064,75008,0,768,33536,600064,0,target_handles
158,40,4000505047808,4,64,10726144,300032,75008,0,2816,43776,300032,0,target_locations.xs
158,41,4000505347840,4,64,11026176,300032,75008,0,3840,16128,300032,0,target_locations.ys
158,42,4000505647872,4,64,11326208,300032,75008,0,768,54016,300032,0,target_locations.zs
158,43,4000505947904,4,64,11626240,300032,75008,0,1792,26368,300032,0,target_velocities.xs
158,44,4000506247936,4,64,11926272,300032,75008,0,2816,64256,300032,0,target_velocities.ys
158,45,4000506547968,4,64,12226304,300032,75008,0,3840,36608,300032,0,target_velocities.zs
158,46,4000506848000,4,64,12526336,300032,75008,0,768,8960,300032,0,target_directions.xs
158,47,4000507148032,4,64,12826368,300032,75008,0,1792,46848,300032,0,target_directions.ys
158,48,4000507448064,4,64,13126400,300032,75008,0,2816,19200,300032,0,target_directions.zs
158,49,4000507748096,4,64,13426432,300032,75008,0,3840,57088,300032,0,intercept_times
158,50,4000508048128,4,64,13726464,300032,75008,0,768,29440,300032,0,target_distance_sq
158,51,4000508348160,4,64,14026496,300032,75008,0,1792,1792,300032,0,target_distances
158,52,4000508648192,4,64,14326528,300032,75008,0,2816,39680,,,target_radii
159,0,2603525406720,8,4,0,524288,65536,0,0,0,1048576,524288,entity_handles
159,1,2603526455296,4,4,0,262144,65536,0,0,0,327680,65536,integral_biases
159,2,2603526782976,4,4,0,262144,65536,0,0,0,-2293760,-2555904,float_biases
159,3,2603524489216,1,1,0,65536,65536,0,0,0,2621440,2555904,tasks
159,4,2603527110656,4,4,0,262144,65536,0,0,0,327680,65536,locations.xs
159,5,2603527438336,4,4,0,262144,65536,0,0,0,327680,65536,locations.ys
159,6,2603527766016,4,4,0,262144,65536,0,0,0,327680,65536,locations.zs
159,7,2603528093696,4,4,0,262144,65536,0,0,0,327680,65536,desired_move_locations.xs
159,8,2603528421376,4,4,0,262144,65536,0,0,0,327680,65536,desired_move_locations.ys
159,9,2603528749056,4,4,0,262144,65536,0,0,0,327680,65536,desired_move_locations.zs
159,10,2603529076736,4,4,0,262144,65536,0,0,0,327680,65536,aim_directions.xs
159,11,2603529404416,4,4,0,262144,65536,0,0,0,327680,65536,aim_directions.ys
159,12,2603529732096,4,4,0,262144,65536,0,0,0,655360,393216,aim_directions.zs
159,13,2603530387456,4,4,0,262144,65536,0,0,0,327680,65536,desired_aiming_directions.xs
159,14,2603530715136,4,4,0,262144,65536,0,0,0,327680,65536,desired_aiming_directions.ys
159,15,2603531042816,4,4,0,262144,65536,0,0,0,327680,65536,desired_aiming_directions.zs
159,16,2603531370496,4,4,0,262144,65536,0,0,0,327680,65536,movement_directions.xs
159,17,2603531698176,4,4,0,262144,65536,0,0,0,327680,65536,movement_directions.ys
159,18,2603532025856,4,4,0,262144,65536,0,0,0,327680,65536,movement_directions.zs
159,19,2603532353536,4,4,0,262144,65536,0,0,0,327680,65536,velocities.xs
159,20,2603532681216,4,4,0,262144,65536,0,0,0,327680,65536,velocities.ys
159,21,2603533008896,4,4,0,262144,65536,0,0,0,327680,65536,velocities.zs
159,22,2603533336576,4,4,0,262144,65536,0,0,0,327680,65536,move_distances
159,23,2603533664256,4,4,0,262144,65536,0,0,0,-9109504,-9371648,speeds
159,24,2603524554752,1,1,0,65536,65536,0,0,0,9437184,9371648,teams
159,25,2603533991936,4,4,0,262144,65536,0,0,0,327680,65536,healths
159,26,2603534319616,8,4,0,524288,65536,0,0,0,-9699328,-10223616,parent_handles
159,27,2603524620288,1,1,0,65536,65536,0,0,0,-1114112,-1179648,awareness_scan_countdowns.counters
159,28,2603523506176,2,2,0,131072,65536,0,0,0,131072,0,navigation_update_countdowns.remaining_ticks
159,29,2603523637248,2,2,0,131072,65536,0,0,0,11730944,11599872,navigation_update_countdowns.periods
159,30,2603535368192,4,4,0,262144,65536,0,0,0,327680,65536,separation_steering.xs
159,31,2603535695872,4,4,0,262144,65536,0,0,0,327680,65536,separation_steering.ys
159,32,2603536023552,4,4,0,262144,65536,0,0,0,-11337728,-11599872,separation_steering.zs
159,33,2603524685824,1,1,0,65536,65536,0,0,0,65536,0,navigation_risk_tiers
159,34,2603524751360,1,1,0,65536,65536,0,0,0,65536,0,navigation_lower_risk_scan_counts
159,35,2603524816896,1,1,0,65536,65536,0,0,0,11534336,11468800,avoidance_choice_indices
159,36,2603536351232,1,1,0,65536,65536,0,0,0,524288,458752,avoidance_clear_scan_counts
159,37,2603536875520,2,2,0,131072,65536,0,0,0,131072,0,attack_reposition_countdowns.counters
159,38,2603537006592,2,2,0,131072,65536,0,0,0,393216,262144,attack_cooldowns.counters
159,39,2603537399808,8,4,0,524288,65536,0,0,0,1376256,851968,target_handles
159,40,2603538776064,4,4,0,262144,65536,0,0,0,327680,65536,target_locations.xs
159,41,2603539103744,4,4,0,262144,65536,0,0,0,327680,65536,target_locations.ys
159,42,2603539431424,4,4,0,262144,65536,0,0,0,327680,65536,target_locations.zs
159,43,2603539759104,4,4,0,262144,65536,0,0,0,327680,65536,target_velocities.xs
159,44,2603540086784,4,4,0,262144,65536,0,0,0,327680,65536,target_velocities.ys
159,45,2603540414464,4,4,0,262144,65536,0,0,0,327680,65536,target_velocities.zs
159,46,2603540742144,4,4,0,262144,65536,0,0,0,327680,65536,target_directions.xs
159,47,2603541069824,4,4,0,262144,65536,0,0,0,327680,65536,target_directions.ys
159,48,2603541397504,4,4,0,262144,65536,0,0,0,327680,65536,target_directions.zs
159,49,2603541725184,4,4,0,262144,65536,0,0,0,327680,65536,intercept_times
159,50,2603542052864,4,4,0,262144,65536,0,0,0,327680,65536,target_distance_sq
159,51,2603542380544,4,4,0,262144,65536,0,0,0,327680,65536,target_distances
159,52,2603542708224,4,4,0,262144,65536,0,0,0,,,target_radii
160,0,2352569057280,8,64,0,1048576,131072,0,0,0,1048576,0,entity_handles
160,1,2352570105856,4,64,1048576,524288,131072,0,0,0,524288,0,integral_biases
160,2,2352570630144,4,64,1572864,524288,131072,0,0,0,524288,0,float_biases
160,3,2352571154432,1,64,2097152,131072,131072,0,0,0,131072,0,tasks
160,4,2352571285504,4,64,2228224,524288,131072,0,0,0,524288,0,locations.xs
160,5,2352571809792,4,64,2752512,524288,131072,0,0,0,524288,0,locations.ys
160,6,2352572334080,4,64,3276800,524288,131072,0,0,0,524288,0,locations.zs
160,7,2352572858368,4,64,3801088,524288,131072,0,0,0,524288,0,desired_move_locations.xs
160,8,2352573382656,4,64,4325376,524288,131072,0,0,0,524288,0,desired_move_locations.ys
160,9,2352573906944,4,64,4849664,524288,131072,0,0,0,524288,0,desired_move_locations.zs
160,10,2352574431232,4,64,5373952,524288,131072,0,0,0,524288,0,aim_directions.xs
160,11,2352574955520,4,64,5898240,524288,131072,0,0,0,524288,0,aim_directions.ys
160,12,2352575479808,4,64,6422528,524288,131072,0,0,0,524288,0,aim_directions.zs
160,13,2352576004096,4,64,6946816,524288,131072,0,0,0,524288,0,desired_aiming_directions.xs
160,14,2352576528384,4,64,7471104,524288,131072,0,0,0,524288,0,desired_aiming_directions.ys
160,15,2352577052672,4,64,7995392,524288,131072,0,0,0,524288,0,desired_aiming_directions.zs
160,16,2352577576960,4,64,8519680,524288,131072,0,0,0,524288,0,movement_directions.xs
160,17,2352578101248,4,64,9043968,524288,131072,0,0,0,524288,0,movement_directions.ys
160,18,2352578625536,4,64,9568256,524288,131072,0,0,0,524288,0,movement_directions.zs
160,19,2352579149824,4,64,10092544,524288,131072,0,0,0,524288,0,velocities.xs
160,20,2352579674112,4,64,10616832,524288,131072,0,0,0,524288,0,velocities.ys
160,21,2352580198400,4,64,11141120,524288,131072,0,0,0,524288,0,velocities.zs
160,22,2352580722688,4,64,11665408,524288,131072,0,0,0,524288,0,move_distances
160,23,2352581246976,4,64,12189696,524288,131072,0,0,0,524288,0,speeds
160,24,2352581771264,1,64,12713984,131072,131072,0,0,0,131072,0,teams
160,25,2352581902336,4,64,12845056,524288,131072,0,0,0,524288,0,healths
160,26,2352582426624,8,64,13369344,1048576,131072,0,0,0,1048576,0,parent_handles
160,27,2352583475200,1,64,14417920,131072,131072,0,0,0,131072,0,awareness_scan_countdowns.counters
160,28,2352583606272,2,64,14548992,262144,131072,0,0,0,262144,0,navigation_update_countdowns.remaining_ticks
160,29,2352583868416,2,64,14811136,262144,131072,0,0,0,262144,0,navigation_update_countdowns.periods
160,30,2352584130560,4,64,15073280,524288,131072,0,0,0,524288,0,separation_steering.xs
160,31,2352584654848,4,64,15597568,524288,131072,0,0,0,524288,0,separation_steering.ys
160,32,2352585179136,4,64,16121856,524288,131072,0,0,0,524288,0,separation_steering.zs
160,33,2352585703424,1,64,16646144,131072,131072,0,0,0,131072,0,navigation_risk_tiers
160,34,2352585834496,1,64,16777216,131072,131072,0,0,0,131072,0,navigation_lower_risk_scan_counts
160,35,2352585965568,1,64,16908288,131072,131072,0,0,0,131072,0,avoidance_choice_indices
160,36,2352586096640,1,64,17039360,131072,131072,0,0,0,131072,0,avoidance_clear_scan_counts
160,37,2352586227712,2,64,17170432,262144,131072,0,0,0,262144,0,attack_reposition_countdowns.counters
160,38,2352586489856,2,64,17432576,262144,131072,0,0,0,262144,0,attack_cooldowns.counters
160,39,2352586752000,8,64,17694720,1048576,131072,0,0,0,1048576,0,target_handles
160,40,2352587800576,4,64,18743296,524288,131072,0,0,0,524288,0,target_locations.xs
160,41,2352588324864,4,64,19267584,524288,131072,0,0,0,524288,0,target_locations.ys
160,42,2352588849152,4,64,19791872,524288,131072,0,0,0,524288,0,target_locations.zs
160,43,2352589373440,4,64,20316160,524288,131072,0,0,0,524288,0,target_velocities.xs
160,44,2352589897728,4,64,20840448,524288,131072,0,0,0,524288,0,target_velocities.ys
160,45,2352590422016,4,64,21364736,524288,131072,0,0,0,524288,0,target_velocities.zs
160,46,2352590946304,4,64,21889024,524288,131072,0,0,0,524288,0,target_directions.xs
160,47,2352591470592,4,64,22413312,524288,131072,0,0,0,524288,0,target_directions.ys
160,48,2352591994880,4,64,22937600,524288,131072,0,0,0,524288,0,target_directions.zs
160,49,2352592519168,4,64,23461888,524288,131072,0,0,0,524288,0,intercept_times
160,50,2352593043456,4,64,23986176,524288,131072,0,0,0,524288,0,target_distance_sq
160,51,2352593567744,4,64,24510464,524288,131072,0,0,0,524288,0,target_distances
160,52,2352594092032,4,64,25034752,524288,131072,0,0,0,,,target_radii
161,0,3241895723008,1,64,0,75008,75008,0,0,0,75008,0,bundle0.flags
161,1,3241895798016,2,64,75008,150016,75008,0,1280,9472,150016,0,bundle0.counters
161,2,3241895948032,4,64,225024,300032,75008,0,3840,28416,300032,0,bundle0.counts
161,3,3241896248064,8,64,525056,600064,75008,0,768,768,600064,0,bundle0.totals
161,4,3241896848128,3,64,1125120,225024,75008,0,2816,11008,225024,0,bundle0.payloads
161,5,3241897073152,4,64,1350144,300032,75008,0,2560,39424,300032,0,bundle0.values
161,6,3241897373184,8,64,1650176,600064,75008,0,3584,11776,600064,0,bundle0.rates
161,7,3241897973248,1,64,2250240,75008,75008,0,1536,22016,75008,0,bundle1.flags
161,8,3241898048256,2,64,2325248,150016,75008,0,2816,31488,150016,0,bundle1.counters
161,9,3241898198272,4,64,2475264,300032,75008,0,1280,50432,300032,0,bundle1.counts
161,10,3241898498304,8,64,2775296,600064,75008,0,2304,22784,600064,0,bundle1.totals
161,11,3241899098368,3,64,3375360,225024,75008,0,256,33024,225024,0,bundle1.payloads
161,12,3241899323392,4,64,3600384,300032,75008,0,0,61440,300032,0,bundle1.values
161,13,3241899623424,8,64,3900416,600064,75008,0,1024,33792,600064,0,bundle1.rates
161,14,3241900223488,1,64,4500480,75008,75008,0,3072,44032,75008,0,bundle2.flags
161,15,3241900298496,2,64,4575488,150016,75008,0,256,53504,150016,0,bundle2.counters
161,16,3241900448512,4,64,4725504,300032,75008,0,2816,6912,300032,0,bundle2.counts
161,17,3241900748544,8,64,5025536,600064,75008,0,3840,44800,600064,0,bundle2.totals
161,18,3241901348608,3,64,5625600,225024,75008,0,1792,55040,225024,0,bundle2.payloads
161,19,3241901573632,4,64,5850624,300032,75008,0,1536,17920,300032,0,bundle2.values
161,20,3241901873664,8,64,6150656,600064,75008,0,2560,55808,600064,0,bundle2.rates
161,21,3241902473728,1,64,6750720,75008,75008,0,512,512,75008,0,bundle3.flags
161,22,3241902548736,2,64,6825728,150016,75008,0,1792,9984,150016,0,bundle3.counters
161,23,3241902698752,4,64,6975744,300032,75008,0,256,28928,300032,0,bundle3.counts
161,24,3241902998784,8,64,7275776,600064,75008,0,1280,1280,600064,0,bundle3.totals
161,25,3241903598848,3,64,7875840,225024,75008,0,3328,11520,225024,0,bundle3.payloads
161,26,3241903823872,4,64,8100864,300032,75008,0,3072,39936,300032,0,bundle3.values
161,27,3241904123904,8,64,8400896,600064,75008,0,0,12288,600064,0,bundle3.rates
161,28,3241904723968,1,64,9000960,75008,75008,0,2048,22528,75008,0,bundle4.flags
161,29,3241904798976,2,64,9075968,150016,75008,0,3328,32000,150016,0,bundle4.counters
161,30,3241904948992,4,64,9225984,300032,75008,0,1792,50944,300032,0,bundle4.counts
161,31,3241905249024,8,64,9526016,600064,75008,0,2816,23296,600064,0,bundle4.totals
161,32,3241905849088,3,64,10126080,225024,75008,0,768,33536,225024,0,bundle4.payloads
161,33,3241906074112,4,64,10351104,300032,75008,0,512,61952,300032,0,bundle4.values
161,34,3241906374144,8,64,10651136,600064,75008,0,1536,34304,600064,0,bundle4.rates
161,35,3241906974208,1,64,11251200,75008,75008,0,3584,44544,75008,0,bundle5.flags
161,36,3241907049216,2,64,11326208,150016,75008,0,768,54016,150016,0,bundle5.counters
161,37,3241907199232,4,64,11476224,300032,75008,0,3328,7424,300032,0,bundle5.counts
161,38,3241907499264,8,64,11776256,600064,75008,0,256,45312,600064,0,bundle5.totals
161,39,3241908099328,3,64,12376320,225024,75008,0,2304,55552,225024,0,bundle5.payloads
161,40,3241908324352,4,64,12601344,300032,75008,0,2048,18432,300032,0,bundle5.values
161,41,3241908624384,8,64,12901376,600064,75008,0,3072,56320,,,bundle5.rates
162,0,6575327215616,8,64,0,524288,65536,0,0,0,524288,0,positions0.xs
162,1,6575327739904,8,64,524288,524288,65536,0,0,0,524288,0,positions0.ys
162,2,6575328264192,8,64,1048576,524288,65536,0,0,0,524288,0,positions0.zs
162,3,6575328788480,8,64,1572864,524288,65536,0,0,0,524288,0,velocities0.xs
162,4,6575329312768,8,64,2097152,524288,65536,0,0,0,524288,0,velocities0.ys
162,5,6575329837056,8,64,2621440,524288,65536,0,0,0,524288,0,velocities0.zs
162,6,6575330361344,8,64,3145728,524288,65536,0,0,0,524288,0,positions1.xs
162,7,6575330885632,8,64,3670016,524288,65536,0,0,0,524288,0,positions1.ys
162,8,6575331409920,8,64,4194304,524288,65536,0,0,0,524288,0,positions1.zs
162,9,6575331934208,8,64,4718592,524288,65536,0,0,0,524288,0,velocities1.xs
162,10,6575332458496,8,64,5242880,524288,65536,0,0,0,524288,0,velocities1.ys
162,11,6575332982784,8,64,5767168,524288,65536,0,0,0,524288,0,velocities1.zs
162,12,6575333507072,8,64,6291456,524288,65536,0,0,0,524288,0,positions2.xs
162,13,6575334031360,8,64,6815744,524288,65536,0,0,0,524288,0,positions2.ys
162,14,6575334555648,8,64,7340032,524288,65536,0,0,0,524288,0,positions2.zs
162,15,6575335079936,8,64,7864320,524288,65536,0,0,0,524288,0,velocities2.xs
162,16,6575335604224,8,64,8388608,524288,65536,0,0,0,524288,0,velocities2.ys
162,17,6575336128512,8,64,8912896,524288,65536,0,0,0,524288,0,velocities2.zs
162,18,6575336652800,8,64,9437184,524288,65536,0,0,0,524288,0,positions3.xs
162,19,6575337177088,8,64,9961472,524288,65536,0,0,0,524288,0,positions3.ys
162,20,6575337701376,8,64,10485760,524288,65536,0,0,0,524288,0,positions3.zs
162,21,6575338225664,8,64,11010048,524288,65536,0,0,0,524288,0,velocities3.xs
162,22,6575338749952,8,64,11534336,524288,65536,0,0,0,524288,0,velocities3.ys
162,23,6575339274240,8,64,12058624,524288,65536,0,0,0,,,velocities3.zs
163,0,3043790356480,8,64,0,1048576,131072,0,0,0,1048640,64,positions0.xs
163,1,3043791405120,8,64,1048640,1048576,131072,0,64,64,1048640,64,positions0.ys
163,2,3043792453760,8,64,2097280,1048576,131072,0,128,128,1048640,64,positions0.zs
163,3,3043793502400,8,64,3145920,1048576,131072,0,192,192,1048640,64,velocities0.xs
163,4,3043794551040,8,64,4194560,1048576,131072,0,256,256,1048640,64,velocities0.ys
163,5,3043795599680,8,64,5243200,1048576,131072,0,320,320,1048640,64,velocities0.zs
163,6,3043796648320,8,64,6291840,1048576,131072,0,384,384,1048640,64,positions1.xs
163,7,3043797696960,8,64,7340480,1048576,131072,0,448,448,1048640,64,positions1.ys
163,8,3043798745600,8,64,8389120,1048576,131072,0,512,512,1048640,64,positions1.zs
163,9,3043799794240,8,64,9437760,1048576,131072,0,576,576,1048640,64,velocities1.xs
163,10,3043800842880,8,64,10486400,1048576,131072,0,640,640,1048640,64,velocities1.ys
163,11,3043801891520,8,64,11535040,1048576,131072,0,704,704,1048640,64,velocities1.zs
163,12,3043802940160,8,64,12583680,1048576,131072,0,768,768,1048640,64,positions2.xs
163,13,3043803988800,8,64,13632320,1048576,131072,0,832,832,1048640,64,positions2.ys
163,14,3043805037440,8,64,14680960,1048576,131072,0,896,896,1048640,64,positions2.zs
163,15,3043806086080,8,64,15729600,1048576,131072,0,960,960,1048640,64,velocities2.xs
163,16,3043807134720,8,64,16778240,1048576,131072,0,1024,1024,1048640,64,velocities2.ys
163,17,3043808183360,8,64,17826880,1048576,131072,0,1088,1088,1048640,64,velocities2.zs
163,18,3043809232000,8,64,18875520,1048576,131072,0,1152,1152,1048640,64,positions3.xs
163,19,3043810280640,8,64,19924160,1048576,131072,0,1216,1216,1048640,64,positions3.ys
163,20,3043811329280,8,64,20972800,1048576,131072,0,1280,1280,1048640,64,positions3.zs
163,21,3043812377920,8,64,22021440,1048576,131072,0,1344,1344,1048640,64,velocities3.xs
163,22,3043813426560,8,64,23070080,1048576,131072,0,1408,1408,1048640,64,velocities3.ys
163,23,3043814475200,8,64,24118720,1048576,131072,0,1472,1472,,,velocities3.zs
164,0,3733165441024,4,64,0,524288,131072,0,0,0,524352,64,bundle0.positions
164,1,3733165965376,4,64,524352,524288,131072,0,64,64,524352,64,bundle0.velocities
164,2,3733166489728,32,64,1048704,4194304,131072,0,128,128,4194368,64,bundle0.aligned32
164,3,3733170684096,64,64,5243072,8388608,131072,0,192,192,8388672,64,bundle0.aligned64
164,4,3733179072768,256,256,13631744,33554432,131072,0,256,256,33554496,64,bundle0.aligned256
164,5,3733212627264,4,64,47186240,524288,131072,0,320,320,524352,64,bundle1.positions
164,6,3733213151616,4,64,47710592,524288,131072,0,384,384,524352,64,bundle1.velocities
164,7,3733213675968,32,64,48234944,4194304,131072,0,448,448,4194368,64,bundle1.aligned32
164,8,3733217870336,64,64,52429312,8388608,131072,0,512,512,8388864,256,bundle1.aligned64
164,9,3733226259200,256,256,60818176,33554432,131072,0,768,768,33554496,64,bundle1.aligned256
164,10,3733259813696,4,64,94372672,524288,131072,0,832,832,524352,64,bundle2.positions
164,11,3733260338048,4,64,94897024,524288,131072,0,896,896,524352,64,bundle2.velocities
164,12,3733260862400,32,64,95421376,4194304,131072,0,960,960,4194368,64,bundle2.aligned32
164,13,3733265056768,64,64,99615744,8388608,131072,0,1024,1024,8388864,256,bundle2.aligned64
164,14,3733273445632,256,256,108004608,33554432,131072,0,1280,1280,,,bundle2.aligned256
165,0,4725270052864,8,64,0,1048576,131072,0,0,0,1048640,64,entity_handles
165,1,4725271101504,4,64,1048640,524288,131072,0,64,64,524352,64,integral_biases
165,2,4725271625856,4,64,1572992,524288,131072,0,128,128,524352,64,float_biases
165,3,4725272150208,1,64,2097344,131072,131072,0,192,192,131136,64,tasks
165,4,4725272281344,4,64,2228480,524288,131072,0,256,256,524352,64,locations.xs
165,5,4725272805696,4,64,2752832,524288,131072,0,320,320,524352,64,locations.ys
165,6,4725273330048,4,64,3277184,524288,131072,0,384,384,524352,64,locations.zs
165,7,4725273854400,4,64,3801536,524288,131072,0,448,448,524352,64,desired_move_locations.xs
165,8,4725274378752,4,64,4325888,524288,131072,0,512,512,524352,64,desired_move_locations.ys
165,9,4725274903104,4,64,4850240,524288,131072,0,576,576,524352,64,desired_move_locations.zs
165,10,4725275427456,4,64,5374592,524288,131072,0,640,640,524352,64,aim_directions.xs
165,11,4725275951808,4,64,5898944,524288,131072,0,704,704,524352,64,aim_directions.ys
165,12,4725276476160,4,64,6423296,524288,131072,0,768,768,524352,64,aim_directions.zs
165,13,4725277000512,4,64,6947648,524288,131072,0,832,832,524352,64,desired_aiming_directions.xs
165,14,4725277524864,4,64,7472000,524288,131072,0,896,896,524352,64,desired_aiming_directions.ys
165,15,4725278049216,4,64,7996352,524288,131072,0,960,960,524352,64,desired_aiming_directions.zs
165,16,4725278573568,4,64,8520704,524288,131072,0,1024,1024,524352,64,movement_directions.xs
165,17,4725279097920,4,64,9045056,524288,131072,0,1088,1088,524352,64,movement_directions.ys
165,18,4725279622272,4,64,9569408,524288,131072,0,1152,1152,524352,64,movement_directions.zs
165,19,4725280146624,4,64,10093760,524288,131072,0,1216,1216,524352,64,velocities.xs
165,20,4725280670976,4,64,10618112,524288,131072,0,1280,1280,524352,64,velocities.ys
165,21,4725281195328,4,64,11142464,524288,131072,0,1344,1344,524352,64,velocities.zs
165,22,4725281719680,4,64,11666816,524288,131072,0,1408,1408,524352,64,move_distances
165,23,4725282244032,4,64,12191168,524288,131072,0,1472,1472,524352,64,speeds
165,24,4725282768384,1,64,12715520,131072,131072,0,1536,1536,131136,64,teams
165,25,4725282899520,4,64,12846656,524288,131072,0,1600,1600,524352,64,healths
165,26,4725283423872,8,64,13371008,1048576,131072,0,1664,1664,1048640,64,parent_handles
165,27,4725284472512,1,64,14419648,131072,131072,0,1728,1728,131136,64,awareness_scan_countdowns.counters
165,28,4725284603648,2,64,14550784,262144,131072,0,1792,1792,262208,64,navigation_update_countdowns.remaining_ticks
165,29,4725284865856,2,64,14812992,262144,131072,0,1856,1856,262208,64,navigation_update_countdowns.periods
165,30,4725285128064,4,64,15075200,524288,131072,0,1920,1920,524352,64,separation_steering.xs
165,31,4725285652416,4,64,15599552,524288,131072,0,1984,1984,524352,64,separation_steering.ys
165,32,4725286176768,4,64,16123904,524288,131072,0,2048,2048,524352,64,separation_steering.zs
165,33,4725286701120,1,64,16648256,131072,131072,0,2112,2112,131136,64,navigation_risk_tiers
165,34,4725286832256,1,64,16779392,131072,131072,0,2176,2176,131136,64,navigation_lower_risk_scan_counts
165,35,4725286963392,1,64,16910528,131072,131072,0,2240,2240,131136,64,avoidance_choice_indices
165,36,4725287094528,1,64,17041664,131072,131072,0,2304,2304,131136,64,avoidance_clear_scan_counts
165,37,4725287225664,2,64,17172800,262144,131072,0,2368,2368,262208,64,attack_reposition_countdowns.counters
165,38,4725287487872,2,64,17435008,262144,131072,0,2432,2432,262208,64,attack_cooldowns.counters
165,39,4725287750080,8,64,17697216,1048576,131072,0,2496,2496,1048640,64,target_handles
165,40,4725288798720,4,64,18745856,524288,131072,0,2560,2560,524352,64,target_locations.xs
165,41,4725289323072,4,64,19270208,524288,131072,0,2624,2624,524352,64,target_locations.ys
165,42,4725289847424,4,64,19794560,524288,131072,0,2688,2688,524352,64,target_locations.zs
165,43,4725290371776,4,64,20318912,524288,131072,0,2752,2752,524352,64,target_velocities.xs
165,44,4725290896128,4,64,20843264,524288,131072,0,2816,2816,524352,64,target_velocities.ys
165,45,4725291420480,4,64,21367616,524288,131072,0,2880,2880,524352,64,target_velocities.zs
165,46,4725291944832,4,64,21891968,524288,131072,0,2944,2944,524352,64,target_directions.xs
165,47,4725292469184,4,64,22416320,524288,131072,0,3008,3008,524352,64,target_directions.ys
165,48,4725292993536,4,64,22940672,524288,131072,0,3072,3072,524352,64,target_directions.zs
165,49,4725293517888,4,64,23465024,524288,131072,0,3136,3136,524352,64,intercept_times
165,50,4725294042240,4,64,23989376,524288,131072,0,3200,3200,524352,64,target_distance_sq
165,51,4725294566592,4,64,24513728,524288,131072,0,3264,3264,524352,64,target_distances
165,52,4725295090944,4,64,25038080,524288,131072,0,3328,3328,,,target_radii
166,0,2997082587136,8,64,0,1048576,131072,0,0,0,1048576,0,entity_handles
166,1,2997083635712,4,64,1048576,524288,131072,0,0,0,524288,0,integral_biases
166,2,2997084160000,4,64,1572864,524288,131072,0,0,0,524288,0,float_biases
166,3,2997084684288,1,64,2097152,131072,131072,0,0,0,131072,0,tasks
166,4,2997084815360,4,64,2228224,524288,131072,0,0,0,524288,0,locations.xs
166,5,2997085339648,4,64,2752512,524288,131072,0,0,0,524288,0,locations.ys
166,6,2997085863936,4,64,3276800,524288,131072,0,0,0,524288,0,locations.zs
166,7,2997086388224,4,64,3801088,524288,131072,0,0,0,524288,0,desired_move_locations.xs
166,8,2997086912512,4,64,4325376,524288,131072,0,0,0,524288,0,desired_move_locations.ys
166,9,2997087436800,4,64,4849664,524288,131072,0,0,0,524288,0,desired_move_locations.zs
166,10,2997087961088,4,64,5373952,524288,131072,0,0,0,524288,0,aim_directions.xs
166,11,2997088485376,4,64,5898240,524288,131072,0,0,0,524288,0,aim_directions.ys
166,12,2997089009664,4,64,6422528,524288,131072,0,0,0,524288,0,aim_directions.zs
166,13,2997089533952,4,64,6946816,524288,131072,0,0,0,524288,0,desired_aiming_directions.xs
166,14,2997090058240,4,64,7471104,524288,131072,0,0,0,524288,0,desired_aiming_directions.ys
166,15,2997090582528,4,64,7995392,524288,131072,0,0,0,524288,0,desired_aiming_directions.zs
166,16,2997091106816,4,64,8519680,524288,131072,0,0,0,524288,0,movement_directions.xs
166,17,2997091631104,4,64,9043968,524288,131072,0,0,0,524288,0,movement_directions.ys
166,18,2997092155392,4,64,9568256,524288,131072,0,0,0,524288,0,movement_directions.zs
166,19,2997092679680,4,64,10092544,524288,131072,0,0,0,524288,0,velocities.xs
166,20,2997093203968,4,64,10616832,524288,131072,0,0,0,524288,0,velocities.ys
166,21,2997093728256,4,64,11141120,524288,131072,0,0,0,524288,0,velocities.zs
166,22,2997094252544,4,64,11665408,524288,131072,0,0,0,524288,0,move_distances
166,23,2997094776832,4,64,12189696,524288,131072,0,0,0,524288,0,speeds
166,24,2997095301120,1,64,12713984,131072,131072,0,0,0,131072,0,teams
166,25,2997095432192,4,64,12845056,524288,131072,0,0,0,524288,0,healths
166,26,2997095956480,8,64,13369344,1048576,131072,0,0,0,1048576,0,parent_handles
166,27,2997097005056,1,64,14417920,131072,131072,0,0,0,131072,0,awareness_scan_countdowns.counters
166,28,2997097136128,2,64,14548992,262144,131072,0,0,0,262144,0,navigation_update_countdowns.remaining_ticks
166,29,2997097398272,2,64,14811136,262144,131072,0,0,0,262144,0,navigation_update_countdowns.periods
166,30,2997097660416,4,64,15073280,524288,131072,0,0,0,524288,0,separation_steering.xs
166,31,2997098184704,4,64,15597568,524288,131072,0,0,0,524288,0,separation_steering.ys
166,32,2997098708992,4,64,16121856,524288,131072,0,0,0,524288,0,separation_steering.zs
166,33,2997099233280,1,64,16646144,131072,131072,0,0,0,131072,0,navigation_risk_tiers
166,34,2997099364352,1,64,16777216,131072,131072,0,0,0,131072,0,navigation_lower_risk_scan_counts
166,35,2997099495424,1,64,16908288,131072,131072,0,0,0,131072,0,avoidance_choice_indices
166,36,2997099626496,1,64,17039360,131072,131072,0,0,0,131072,0,avoidance_clear_scan_counts
166,37,2997099757568,2,64,17170432,262144,131072,0,0,0,262144,0,attack_reposition_countdowns.counters
166,38,2997100019712,2,64,17432576,262144,131072,0,0,0,262144,0,attack_cooldowns.counters
166,39,2997100281856,8,64,17694720,1048576,131072,0,0,0,1048576,0,target_handles
166,40,2997101330432,4,64,18743296,524288,131072,0,0,0,524288,0,target_locations.xs
166,41,2997101854720,4,64,19267584,524288,131072,0,0,0,524288,0,target_locations.ys
166,42,2997102379008,4,64,19791872,524288,131072,0,0,0,524288,0,target_locations.zs
166,43,2997102903296,4,64,20316160,524288,131072,0,0,0,524288,0,target_velocities.xs
166,44,2997103427584,4,64,20840448,524288,131072,0,0,0,524288,0,target_velocities.ys
166,45,2997103951872,4,64,21364736,524288,131072,0,0,0,524288,0,target_velocities.zs
166,46,2997104476160,4,64,21889024,524288,131072,0,0,0,524288,0,target_directions.xs
166,47,2997105000448,4,64,22413312,524288,131072,0,0,0,524288,0,target_directions.ys
166,48,2997105524736,4,64,22937600,524288,131072,0,0,0,524288,0,target_directions.zs
166,49,2997106049024,4,64,23461888,524288,131072,0,0,0,524288,0,intercept_times
166,50,2997106573312,4,64,23986176,524288,131072,0,0,0,524288,0,target_distance_sq
166,51,2997107097600,4,64,24510464,524288,131072,0,0,0,524288,0,target_distances
166,52,2997107621888,4,64,25034752,524288,131072,0,0,0,,,target_radii
167,0,3078955401216,8,64,0,800256,100032,0,0,0,800320,64,entity_handles
167,1,3078956201536,4,64,800320,400128,100032,0,1600,13888,400192,64,integral_biases
167,2,3078956601728,4,64,1200512,400128,100032,0,384,20864,400192,64,float_biases
167,3,3078957001920,1,64,1600704,100032,100032,0,3264,27840,100096,64,tasks
167,4,3078957102016,4,64,1700800,400128,100032,0,960,62400,400192,64,locations.xs
167,5,3078957502208,4,64,2100992,400128,100032,0,3840,3840,400192,64,locations.ys
167,6,3078957902400,4,64,2501184,400128,100032,0,2624,10816,400192,64,locations.zs
167,7,3078958302592,4,64,2901376,400128,100032,0,1408,17792,400192,64,desired_move_locations.xs
167,8,3078958702784,4,64,3301568,400128,100032,0,192,24768,400192,64,desired_move_locations.ys
167,9,3078959102976,4,64,3701760,400128,100032,0,3072,31744,400192,64,desired_move_locations.zs
167,10,3078959503168,4,64,4101952,400128,100032,0,1856,38720,400192,64,aim_directions.xs
167,11,3078959903360,4,64,4502144,400128,100032,0,640,45696,400192,64,aim_directions.ys
167,12,3078960303552,4,64,4902336,400128,100032,0,3520,52672,400192,64,aim_directions.zs
167,13,3078960703744,4,64,5302528,400128,100032,0,2304,59648,400192,64,desired_aiming_directions.xs
167,14,3078961103936,4,64,5702720,400128,100032,0,1088,1088,400192,64,desired_aiming_directions.ys
167,15,3078961504128,4,64,6102912,400128,100032,0,3968,8064,400192,64,desired_aiming_directions.zs
167,16,3078961904320,4,64,6503104,400128,100032,0,2752,15040,400192,64,movement_directions.xs
167,17,3078962304512,4,64,6903296,400128,100032,0,1536,22016,400192,64,movement_directions.ys
167,18,3078962704704,4,64,7303488,400128,100032,0,320,28992,400192,64,movement_directions.zs
167,19,3078963104896,4,64,7703680,400128,100032,0,3200,35968,400192,64,velocities.xs
167,20,3078963505088,4,64,8103872,400128,100032,0,1984,42944,400192,64,velocities.ys
167,21,3078963905280,4,64,8504064,400128,100032,0,768,49920,400192,64,velocities.zs
167,22,3078964305472,4,64,8904256,400128,100032,0,3648,56896,400192,64,move_distances
167,23,3078964705664,4,64,9304448,400128,100032,0,2432,63872,400192,64,speeds
167,24,3078965105856,1,64,9704640,100032,100032,0,1216,5312,100096,64,teams
167,25,3078965205952,4,64,9804736,400128,100032,0,3008,39872,400192,64,healths
167,26,3078965606144,8,64,10204928,800256,100032,0,1792,46848,800320,64,parent_handles
167,27,3078966406464,1,64,11005248,100032,100032,0,3392,60736,100096,64,awareness_scan_countdowns.counters
167,28,3078966506560,2,64,11105344,200064,100032,0,1088,29760,200128,64,navigation_update_countdowns.remaining_ticks
167,29,3078966706688,2,64,11305472,200064,100032,0,512,33280,200128,64,navigation_update_countdowns.periods
167,30,3078966906816,4,64,11505600,400128,100032,0,4032,36800,400192,64,separation_steering.xs
167,31,3078967307008,4,64,11905792,400128,100032,0,2816,43776,400192,64,separation_steering.ys
167,32,3078967707200,4,64,12305984,400128,100032,0,1600,50752,400192,64,separation_steering.zs
167,33,3078968107392,1,64,12706176,100032,100032,0,384,57728,100096,64,navigation_risk_tiers
167,34,3078968207488,1,64,12806272,100032,100032,0,2176,26752,100096,64,navigation_lower_risk_scan_counts
167,35,3078968307584,1,64,12906368,100032,100032,0,3968,61312,100096,64,avoidance_choice_indices
167,36,3078968407680,1,64,13006464,100032,100032,0,1664,30336,100096,64,avoidance_clear_scan_counts
167,37,3078968507776,2,64,13106560,200064,100032,0,3456,64896,200128,64,attack_reposition_countdowns.counters
167,38,3078968707904,2,64,13306688,200064,100032,0,2880,2880,200128,64,attack_cooldowns.counters
167,39,3078968908032,8,64,13506816,800256,100032,0,2304,6400,800320,64,target_handles
167,40,3078969708352,4,64,14307136,400128,100032,0,3904,20288,400192,64,target_locations.xs
167,41,3078970108544,4,64,14707328,400128,100032,0,2688,27264,400192,64,target_locations.ys
167,42,3078970508736,4,64,15107520,400128,100032,0,1472,34240,400192,64,target_locations.zs
167,43,3078970908928,4,64,15507712,400128,100032,0,256,41216,400192,64,target_velocities.xs
167,44,3078971309120,4,64,15907904,400128,100032,0,3136,48192,400192,64,target_velocities.ys
167,45,3078971709312,4,64,16308096,400128,100032,0,1920,55168,400192,64,target_velocities.zs
167,46,3078972109504,4,64,16708288,400128,100032,0,704,62144,400192,64,target_directions.xs
167,47,3078972509696,4,64,17108480,400128,100032,0,3584,3584,400192,64,target_directions.ys
167,48,3078972909888,4,64,17508672,400128,100032,0,2368,10560,400192,64,target_directions.zs
167,49,3078973310080,4,64,17908864,400128,100032,0,1152,17536,400192,64,intercept_times
167,50,3078973710272,4,64,18309056,400128,100032,0,4032,24512,400192,64,target_distance_sq
167,51,3078974110464,4,64,18709248,400128,100032,0,2816,31488,400192,64,target_distances
167,52,3078974510656,4,64,19109440,400128,100032,0,1600,38464,,,target_radii
168,0,4998000476160,8,64,0,1048576,131072,0,0,0,1048576,0,entity_handles
168,1,4998001524736,4,64,1048576,524288,131072,0,0,0,524288,0,integral_biases
168,2,4998002049024,4,64,1572864,524288,131072,0,0,0,524288,0,float_biases
168,3,4998002573312,1,64,2097152,131072,131072,0,0,0,131072,0,tasks
168,4,4998002704384,4,64,2228224,524288,131072,0,0,0,524288,0,locations.xs
168,5,4998003228672,4,64,2752512,524288,131072,0,0,0,524288,0,locations.ys
168,6,4998003752960,4,64,3276800,524288,131072,0,0,0,524288,0,locations.zs
168,7,4998004277248,4,64,3801088,524288,131072,0,0,0,524288,0,desired_move_locations.xs
168,8,4998004801536,4,64,4325376,524288,131072,0,0,0,524288,0,desired_move_locations.ys
168,9,4998005325824,4,64,4849664,524288,131072,0,0,0,524288,0,desired_move_locations.zs
168,10,4998005850112,4,64,5373952,524288,131072,0,0,0,524288,0,aim_directions.xs
168,11,4998006374400,4,64,5898240,524288,131072,0,0,0,524288,0,aim_directions.ys
168,12,4998006898688,4,64,6422528,524288,131072,0,0,0,524288,0,aim_directions.zs
168,13,4998007422976,4,64,6946816,524288,131072,0,0,0,524288,0,desired_aiming_directions.xs
168,14,4998007947264,4,64,7471104,524288,131072,0,0,0,524288,0,desired_aiming_directions.ys
168,15,4998008471552,4,64,7995392,524288,131072,0,0,0,524288,0,desired_aiming_directions.zs
168,16,4998008995840,4,64,8519680,524288,131072,0,0,0,524288,0,movement_directions.xs
168,17,4998009520128,4,64,9043968,524288,131072,0,0,0,524288,0,movement_directions.ys
168,18,4998010044416,4,64,9568256,524288,131072,0,0,0,524288,0,movement_directions.zs
168,19,4998010568704,4,64,10092544,524288,131072,0,0,0,524288,0,velocities.xs
168,20,4998011092992,4,64,10616832,524288,131072,0,0,0,524288,0,velocities.ys
168,21,4998011617280,4,64,11141120,524288,131072,0,0,0,524288,0,velocities.zs
168,22,4998012141568,4,64,11665408,524288,131072,0,0,0,524288,0,move_distances
168,23,4998012665856,4,64,12189696,524288,131072,0,0,0,524288,0,speeds
168,24,4998013190144,1,64,12713984,131072,131072,0,0,0,131072,0,teams
168,25,4998013321216,4,64,12845056,524288,131072,0,0,0,524288,0,healths
168,26,4998013845504,8,64,13369344,1048576,131072,0,0,0,1048576,0,parent_handles
168,27,4998014894080,1,64,14417920,131072,131072,0,0,0,131072,0,awareness_scan_countdowns.counters
168,28,4998015025152,2,64,14548992,262144,131072,0,0,0,262144,0,navigation_update_countdowns.remaining_ticks
168,29,4998015287296,2,64,14811136,262144,131072,0,0,0,262144,0,navigation_update_countdowns.periods
168,30,4998015549440,4,64,15073280,524288,131072,0,0,0,524288,0,separation_steering.xs
168,31,4998016073728,4,64,15597568,524288,131072,0,0,0,524288,0,separation_steering.ys
168,32,4998016598016,4,64,16121856,524288,131072,0,0,0,524288,0,separation_steering.zs
168,33,4998017122304,1,64,16646144,131072,131072,0,0,0,131072,0,navigation_risk_tiers
168,34,4998017253376,1,64,16777216,131072,131072,0,0,0,131072,0,navigation_lower_risk_scan_counts
168,35,4998017384448,1,64,16908288,131072,131072,0,0,0,131072,0,avoidance_choice_indices
168,36,4998017515520,1,64,17039360,131072,131072,0,0,0,131072,0,avoidance_clear_scan_counts
168,37,4998017646592,2,64,17170432,262144,131072,0,0,0,262144,0,attack_reposition_countdowns.counters
168,38,4998017908736,2,64,17432576,262144,131072,0,0,0,262144,0,attack_cooldowns.counters
168,39,4998018170880,8,64,17694720,1048576,131072,0,0,0,1048576,0,target_handles
168,40,4998019219456,4,64,18743296,524288,131072,0,0,0,524288,0,target_locations.xs
168,41,4998019743744,4,64,19267584,524288,131072,0,0,0,524288,0,target_locations.ys
168,42,4998020268032,4,64,19791872,524288,131072,0,0,0,524288,0,target_locations.zs
168,43,4998020792320,4,64,20316160,524288,131072,0,0,0,524288,0,target_velocities.xs
168,44,4998021316608,4,64,20840448,524288,131072,0,0,0,524288,0,target_velocities.ys
168,45,4998021840896,4,64,21364736,524288,131072,0,0,0,524288,0,target_velocities.zs
168,46,4998022365184,4,64,21889024,524288,131072,0,0,0,524288,0,target_directions.xs
168,47,4998022889472,4,64,22413312,524288,131072,0,0,0,524288,0,target_directions.ys
168,48,4998023413760,4,64,22937600,524288,131072,0,0,0,524288,0,target_directions.zs
168,49,4998023938048,4,64,23461888,524288,131072,0,0,0,524288,0,intercept_times
168,50,4998024462336,4,64,23986176,524288,131072,0,0,0,524288,0,target_distance_sq
168,51,4998024986624,4,64,24510464,524288,131072,0,0,0,524288,0,target_distances
168,52,4998025510912,4,64,25034752,524288,131072,0,0,0,,,target_radii
169,0,3639448633344,8,64,0,524800,65600,0,0,0,524864,64,entity_handles
169,1,3639449158208,4,64,524864,262400,65600,0,576,576,262464,64,integral_biases
169,2,3639449420672,4,64,787328,262400,65600,0,896,896,262464,64,float_biases
169,3,3639449683136,1,64,1049792,65600,65600,0,1216,1216,65664,64,tasks
169,4,3639449748800,4,64,1115456,262400,65600,0,1344,1344,262464,64,locations.xs
169,5,3639450011264,4,64,1377920,262400,65600,0,1664,1664,262464,64,locations.ys
169,6,3639450273728,4,64,1640384,262400,65600,0,1984,1984,262464,64,locations.zs
169,7,3639450536192,4,64,1902848,262400,65600,0,2304,2304,262464,64,desired_move_locations.xs
169,8,3639450798656,4,64,2165312,262400,65600,0,2624,2624,262464,64,desired_move_locations.ys
169,9,3639451061120,4,64,2427776,262400,65600,0,2944,2944,262464,64,desired_move_locations.zs
169,10,3639451323584,4,64,2690240,262400,65600,0,3264,3264,262464,64,aim_directions.xs
169,11,3639451586048,4,64,2952704,262400,65600,0,3584,3584,262464,64,aim_directions.ys
169,12,3639451848512,4,64,3215168,262400,65600,0,3904,3904,262464,64,aim_directions.zs
169,13,3639452110976,4,64,3477632,262400,65600,0,128,4224,262464,64,desired_aiming_directions.xs
169,14,3639452373440,4,64,3740096,262400,65600,0,448,4544,262464,64,desired_aiming_directions.ys
169,15,3639452635904,4,64,4002560,262400,65600,0,768,4864,262464,64,desired_aiming_directions.zs
169,16,3639452898368,4,64,4265024,262400,65600,0,1088,5184,262464,64,movement_directions.xs
169,17,3639453160832,4,64,4527488,262400,65600,0,1408,5504,262464,64,movement_directions.ys
169,18,3639453423296,4,64,4789952,262400,65600,0,1728,5824,262464,64,movement_directions.zs
169,19,3639453685760,4,64,5052416,262400,65600,0,2048,6144,262464,64,velocities.xs
169,20,3639453948224,4,64,5314880,262400,65600,0,2368,6464,262464,64,velocities.ys
169,21,3639454210688,4,64,5577344,262400,65600,0,2688,6784,262464,64,velocities.zs
169,22,3639454473152,4,64,5839808,262400,65600,0,3008,7104,262464,64,move_distances
169,23,3639454735616,4,64,6102272,262400,65600,0,3328,7424,262464,64,speeds
169,24,3639454998080,1,64,6364736,65600,65600,0,3648,7744,65664,64,teams
169,25,3639455063744,4,64,6430400,262400,65600,0,3776,7872,262464,64,healths
169,26,3639455326208,8,64,6692864,524800,65600,0,0,8192,524864,64,parent_handles
169,27,3639455851072,1,64,7217728,65600,65600,0,576,8768,65664,64,awareness_scan_countdowns.counters
169,28,3639455916736,2,64,7283392,131200,65600,0,704,8896,131264,64,navigation_update_countdowns.remaining_ticks
169,29,3639456048000,2,64,7414656,131200,65600,0,896,9088,131264,64,navigation_update_countdowns.periods
169,30,3639456179264,4,64,7545920,262400,65600,0,1088,9280,262464,64,separation_steering.xs
169,31,3639456441728,4,64,7808384,262400,65600,0,1408,9600,262464,64,separation_steering.ys
169,32,3639456704192,4,64,8070848,262400,65600,0,1728,9920,262464,64,separation_steering.zs
169,33,3639456966656,1,64,8333312,65600,65600,0,2048,10240,65664,64,navigation_risk_tiers
169,34,3639457032320,1,64,8398976,65600,65600,0,2176,10368,65664,64,navigation_lower_risk_scan_counts
169,35,3639457097984,1,64,8464640,65600,65600,0,2304,10496,65664,64,avoidance_choice_indices
169,36,3639457163648,1,64,8530304,65600,65600,0,2432,10624,65664,64,avoidance_clear_scan_counts
169,37,3639457229312,2,64,8595968,131200,65600,0,2560,10752,131264,64,attack_reposition_countdowns.counters
169,38,3639457360576,2,64,8727232,131200,65600,0,2752,10944,131264,64,attack_cooldowns.counters
169,39,3639457491840,8,64,8858496,524800,65600,0,2944,11136,524864,64,target_handles
169,40,3639458016704,4,64,9383360,262400,65600,0,3520,11712,262464,64,target_locations.xs
169,41,3639458279168,4,64,9645824,262400,65600,0,3840,12032,262464,64,target_locations.ys
169,42,3639458541632,4,64,9908288,262400,65600,0,64,12352,262464,64,target_locations.zs
169,43,3639458804096,4,64,10170752,262400,65600,0,384,12672,262464,64,target_velocities.xs
169,44,3639459066560,4,64,10433216,262400,65600,0,704,12992,262464,64,target_velocities.ys
169,45,3639459329024,4,64,10695680,262400,65600,0,1024,13312,262464,64,target_velocities.zs
169,46,3639459591488,4,64,10958144,262400,65600,0,1344,13632,262464,64,target_directions.xs
169,47,3639459853952,4,64,11220608,262400,65600,0,1664,13952,262464,64,target_directions.ys
169,48,3639460116416,4,64,11483072,262400,65600,0,1984,14272,262464,64,target_directions.zs
169,49,3639460378880,4,64,11745536,262400,65600,0,2304,14592,262464,64,intercept_times
169,50,3639460641344,4,64,12008000,262400,65600,0,2624,14912,262464,64,target_distance_sq
169,51,3639460903808,4,64,12270464,262400,65600,0,2944,15232,262464,64,target_distances
169,52,3639461166272,4,64,12532928,262400,65600,0,3264,15552,,,target_radii
170,0,6256727162880,4,64,0,262144,65536,0,0,0,262208,64,bundle0.positions
170,1,6256727425088,4,64,262208,262144,65536,0,64,64,262208,64,bundle0.velocities
170,2,6256727687296,32,64,524416,2097152,65536,0,128,128,2097216,64,bundle0.aligned32
170,3,6256729784512,64,64,2621632,4194304,65536,0,192,192,4194368,64,bundle0.aligned64
170,4,6256733978880,256,256,6816000,16777216,65536,0,256,256,16777280,64,bundle0.aligned256
170,5,6256750756160,4,64,23593280,262144,65536,0,320,320,262208,64,bundle1.positions
170,6,6256751018368,4,64,23855488,262144,65536,0,384,384,262208,64,bundle1.velocities
170,7,6256751280576,32,64,24117696,2097152,65536,0,448,448,2097216,64,bundle1.aligned32
170,8,6256753377792,64,64,26214912,4194304,65536,0,512,512,4194560,256,bundle1.aligned64
170,9,6256757572352,256,256,30409472,16777216,65536,0,768,768,16777280,64,bundle1.aligned256
170,10,6256774349632,4,64,47186752,262144,65536,0,832,832,262208,64,bundle2.positions
170,11,6256774611840,4,64,47448960,262144,65536,0,896,896,262208,64,bundle2.velocities
170,12,6256774874048,32,64,47711168,2097152,65536,0,960,960,2097216,64,bundle2.aligned32
170,13,6256776971264,64,64,49808384,4194304,65536,0,1024,1024,4194560,256,bundle2.aligned64
170,14,6256781165824,256,256,54002944,16777216,65536,0,1280,1280,,,bundle2.aligned256
171,0,5716065320960,1,64,0,75008,75008,0,0,0,75008,0,bundle0.flags
171,1,5716065395968,2,64,75008,150016,75008,0,1280,9472,150016,0,bundle0.counters
171,2,5716065545984,4,64,225024,300032,75008,0,3840,28416,300032,0,bundle0.counts
171,3,5716065846016,8,64,525056,600064,75008,0,768,768,600064,0,bundle0.totals
171,4,5716066446080,3,64,1125120,225024,75008,0,2816,11008,225024,0,bundle0.payloads
171,5,5716066671104,4,64,1350144,300032,75008,0,2560,39424,300032,0,bundle0.values
171,6,5716066971136,8,64,1650176,600064,75008,0,3584,11776,600064,0,bundle0.rates
171,7,5716067571200,1,64,2250240,75008,75008,0,1536,22016,75008,0,bundle1.flags
171,8,5716067646208,2,64,2325248,150016,75008,0,2816,31488,150016,0,bundle1.counters
171,9,5716067796224,4,64,2475264,300032,75008,0,1280,50432,300032,0,bundle1.counts
171,10,5716068096256,8,64,2775296,600064,75008,0,2304,22784,600064,0,bundle1.totals
171,11,5716068696320,3,64,3375360,225024,75008,0,256,33024,225024,0,bundle1.payloads
171,12,5716068921344,4,64,3600384,300032,75008,0,0,61440,300032,0,bundle1.values
171,13,5716069221376,8,64,3900416,600064,75008,0,1024,33792,600064,0,bundle1.rates
171,14,5716069821440,1,64,4500480,75008,75008,0,3072,44032,75008,0,bundle2.flags
171,15,5716069896448,2,64,4575488,150016,75008,0,256,53504,150016,0,bundle2.counters
171,16,5716070046464,4,64,4725504,300032,75008,0,2816,6912,300032,0,bundle2.counts
171,17,5716070346496,8,64,5025536,600064,75008,0,3840,44800,600064,0,bundle2.totals
171,18,5716070946560,3,64,5625600,225024,75008,0,1792,55040,225024,0,bundle2.payloads
171,19,5716071171584,4,64,5850624,300032,75008,0,1536,17920,300032,0,bundle2.values
171,20,5716071471616,8,64,6150656,600064,75008,0,2560,55808,600064,0,bundle2.rates
171,21,5716072071680,1,64,6750720,75008,75008,0,512,512,75008,0,bundle3.flags
171,22,5716072146688,2,64,6825728,150016,75008,0,1792,9984,150016,0,bundle3.counters
171,23,5716072296704,4,64,6975744,300032,75008,0,256,28928,300032,0,bundle3.counts
171,24,5716072596736,8,64,7275776,600064,75008,0,1280,1280,600064,0,bundle3.totals
171,25,5716073196800,3,64,7875840,225024,75008,0,3328,11520,225024,0,bundle3.payloads
171,26,5716073421824,4,64,8100864,300032,75008,0,3072,39936,300032,0,bundle3.values
171,27,5716073721856,8,64,8400896,600064,75008,0,0,12288,600064,0,bundle3.rates
171,28,5716074321920,1,64,9000960,75008,75008,0,2048,22528,75008,0,bundle4.flags
171,29,5716074396928,2,64,9075968,150016,75008,0,3328,32000,150016,0,bundle4.counters
171,30,5716074546944,4,64,9225984,300032,75008,0,1792,50944,300032,0,bundle4.counts
171,31,5716074846976,8,64,9526016,600064,75008,0,2816,23296,600064,0,bundle4.totals
171,32,5716075447040,3,64,10126080,225024,75008,0,768,33536,225024,0,bundle4.payloads
171,33,5716075672064,4,64,10351104,300032,75008,0,512,61952,300032,0,bundle4.values
171,34,5716075972096,8,64,10651136,600064,75008,0,1536,34304,600064,0,bundle4.rates
171,35,5716076572160,1,64,11251200,75008,75008,0,3584,44544,75008,0,bundle5.flags
171,36,5716076647168,2,64,11326208,150016,75008,0,768,54016,150016,0,bundle5.counters
171,37,5716076797184,4,64,11476224,300032,75008,0,3328,7424,300032,0,bundle5.counts
171,38,5716077097216,8,64,11776256,600064,75008,0,256,45312,600064,0,bundle5.totals
171,39,5716077697280,3,64,12376320,225024,75008,0,2304,55552,225024,0,bundle5.payloads
171,40,5716077922304,4,64,12601344,300032,75008,0,2048,18432,300032,0,bundle5.values
171,41,5716078222336,8,64,12901376,600064,75008,0,3072,56320,,,bundle5.rates
172,0,3786282827776,8,64,0,524800,65600,0,0,0,524800,0,entity_handles
172,1,3786283352576,4,64,524800,262400,65600,0,512,512,262400,0,integral_biases
172,2,3786283614976,4,64,787200,262400,65600,0,768,768,262400,0,float_biases
172,3,3786283877376,1,64,1049600,65600,65600,0,1024,1024,65600,0,tasks
172,4,3786283942976,4,64,1115200,262400,65600,0,1088,1088,262400,0,locations.xs
172,5,3786284205376,4,64,1377600,262400,65600,0,1344,1344,262400,0,locations.ys
172,6,3786284467776,4,64,1640000,262400,65600,0,1600,1600,262400,0,locations.zs
172,7,3786284730176,4,64,1902400,262400,65600,0,1856,1856,262400,0,desired_move_locations.xs
172,8,3786284992576,4,64,2164800,262400,65600,0,2112,2112,262400,0,desired_move_locations.ys
172,9,3786285254976,4,64,2427200,262400,65600,0,2368,2368,262400,0,desired_move_locations.zs
172,10,3786285517376,4,64,2689600,262400,65600,0,2624,2624,262400,0,aim_directions.xs
172,11,3786285779776,4,64,2952000,262400,65600,0,2880,2880,262400,0,aim_directions.ys
172,12,3786286042176,4,64,3214400,262400,65600,0,3136,3136,262400,0,aim_directions.zs
172,13,3786286304576,4,64,3476800,262400,65600,0,3392,3392,262400,0,desired_aiming_directions.xs
172,14,3786286566976,4,64,3739200,262400,65600,0,3648,3648,262400,0,desired_aiming_directions.ys
172,15,3786286829376,4,64,4001600,262400,65600,0,3904,3904,262400,0,desired_aiming_directions.zs
172,16,3786287091776,4,64,4264000,262400,65600,0,64,4160,262400,0,movement_directions.xs
172,17,3786287354176,4,64,4526400,262400,65600,0,320,4416,262400,0,movement_directions.ys
172,18,3786287616576,4,64,4788800,262400,65600,0,576,4672,262400,0,movement_directions.zs
172,19,3786287878976,4,64,5051200,262400,65600,0,832,4928,262400,0,velocities.xs
172,20,3786288141376,4,64,5313600,262400,65600,0,1088,5184,262400,0,velocities.ys
172,21,3786288403776,4,64,5576000,262400,65600,0,1344,5440,262400,0,velocities.zs
172,22,3786288666176,4,64,5838400,262400,65600,0,1600,5696,262400,0,move_distances
172,23,3786288928576,4,64,6100800,262400,65600,0,1856,5952,262400,0,speeds
172,24,3786289190976,1,64,6363200,65600,65600,0,2112,6208,65600,0,teams
172,25,3786289256576,4,64,6428800,262400,65600,0,2176,6272,262400,0,healths
172,26,3786289518976,8,64,6691200,524800,65600,0,2432,6528,524800,0,parent_handles
172,27,3786290043776,1,64,7216000,65600,65600,0,2944,7040,65600,0,awareness_scan_countdowns.counters
172,28,3786290109376,2,64,7281600,131200,65600,0,3008,7104,131200,0,navigation_update_countdowns.remaining_ticks
172,29,3786290240576,2,64,7412800,131200,65600,0,3136,7232,131200,0,navigation_update_countdowns.periods
172,30,3786290371776,4,64,7544000,262400,65600,0,3264,7360,262400,0,separation_steering.xs
172,31,3786290634176,4,64,7806400,262400,65600,0,3520,7616,262400,0,separation_steering.ys
172,32,3786290896576,4,64,8068800,262400,65600,0,3776,7872,262400,0,separation_steering.zs
172,33,3786291158976,1,64,8331200,65600,65600,0,4032,8128,65600,0,navigation_risk_tiers
172,34,3786291224576,1,64,8396800,65600,65600,0,0,8192,65600,0,navigation_lower_risk_scan_counts
172,35,3786291290176,1,64,8462400,65600,65600,0,64,8256,65600,0,avoidance_choice_indices
172,36,3786291355776,1,64,8528000,65600,65600,0,128,8320,65600,0,avoidance_clear_scan_counts
172,37,3786291421376,2,64,8593600,131200,65600,0,192,8384,131200,0,attack_reposition_countdowns.counters
172,38,3786291552576,2,64,8724800,131200,65600,0,320,8512,131200,0,attack_cooldowns.counters
172,39,3786291683776,8,64,8856000,524800,65600,0,448,8640,524800,0,target_handles
172,40,3786292208576,4,64,9380800,262400,65600,0,960,9152,262400,0,target_locations.xs
172,41,3786292470976,4,64,9643200,262400,65600,0,1216,9408,262400,0,target_locations.ys
172,42,3786292733376,4,64,9905600,262400,65600,0,1472,9664,262400,0,target_locations.zs
172,43,3786292995776,4,64,10168000,262400,65600,0,1728,9920,262400,0,target_velocities.xs
172,44,3786293258176,4,64,10430400,262400,65600,0,1984,10176,262400,0,target_velocities.ys
172,45,3786293520576,4,64,10692800,262400,65600,0,2240,10432,262400,0,target_velocities.zs
172,46,3786293782976,4,64,10955200,262400,65600,0,2496,10688,262400,0,target_directions.xs
172,47,3786294045376,4,64,11217600,262400,65600,0,2752,10944,262400,0,target_directions.ys
172,48,3786294307776,4,64,11480000,262400,65600,0,3008,11200,262400,0,target_directions.zs
172,49,3786294570176,4,64,11742400,262400,65600,0,3264,11456,262400,0,intercept_times
172,50,3786294832576,4,64,12004800,262400,65600,0,3520,11712,262400,0,target_distance_sq
172,51,3786295094976,4,64,12267200,262400,65600,0,3776,11968,262400,0,target_distances
172,52,3786295357376,4,64,12529600,262400,65600,0,4032,12224,,,target_radii
173,0,6006276882432,4,64,0,524288,131072,0,0,0,524480,192,bundle0.positions
173,1,6006277406912,4,64,524480,524288,131072,0,192,192,524480,192,bundle0.velocities
173,2,6006277931392,32,64,1048960,4194304,131072,0,384,384,4194496,192,bundle0.aligned32
173,3,6006282125888,64,64,5243456,8388608,131072,0,576,576,8388800,192,bundle0.aligned64
173,4,6006290514688,256,256,13632256,33554432,131072,0,768,768,33554624,192,bundle0.aligned256
173,5,6006324069312,4,64,47186880,524288,131072,0,960,960,524480,192,bundle1.positions
173,6,6006324593792,4,64,47711360,524288,131072,0,1152,1152,524480,192,bundle1.velocities
173,7,6006325118272,32,64,48235840,4194304,131072,0,1344,1344,4194496,192,bundle1.aligned32
173,8,6006329312768,64,64,52430336,8388608,131072,0,1536,1536,8388864,256,bundle1.aligned64
173,9,6006337701632,256,256,60819200,33554432,131072,0,1792,1792,33554624,192,bundle1.aligned256
173,10,6006371256256,4,64,94373824,524288,131072,0,1984,1984,524480,192,bundle2.positions
173,11,6006371780736,4,64,94898304,524288,131072,0,2176,2176,524480,192,bundle2.velocities
173,12,6006372305216,32,64,95422784,4194304,131072,0,2368,2368,4194496,192,bundle2.aligned32
173,13,6006376499712,64,64,99617280,8388608,131072,0,2560,2560,8388864,256,bundle2.aligned64
173,14,6006384888576,256,256,108006144,33554432,131072,0,2816,2816,,,bundle2.aligned256
174,0,5561983369216,8,64,0,1048576,131072,0,0,0,1048640,64,positions0.xs
174,1,5561984417856,8,64,1048640,1048576,131072,0,64,64,1048640,64,positions0.ys
174,2,5561985466496,8,64,2097280,1048576,131072,0,128,128,1048640,64,positions0.zs
174,3,5561986515136,8,64,3145920,1048576,131072,0,192,192,1048640,64,velocities0.xs
174,4,5561987563776,8,64,4194560,1048576,131072,0,256,256,1048640,64,velocities0.ys
174,5,5561988612416,8,64,5243200,1048576,131072,0,320,320,1048640,64,velocities0.zs
174,6,5561989661056,8,64,6291840,1048576,131072,0,384,384,1048640,64,positions1.xs
174,7,5561990709696,8,64,7340480,1048576,131072,0,448,448,1048640,64,positions1.ys
174,8,5561991758336,8,64,8389120,1048576,131072,0,512,512,1048640,64,positions1.zs
174,9,5561992806976,8,64,9437760,1048576,131072,0,576,576,1048640,64,velocities1.xs
174,10,5561993855616,8,64,10486400,1048576,131072,0,640,640,1048640,64,velocities1.ys
174,11,5561994904256,8,64,11535040,1048576,131072,0,704,704,1048640,64,velocities1.zs
174,12,5561995952896,8,64,12583680,1048576,131072,0,768,768,1048640,64,positions2.xs
174,13,5561997001536,8,64,13632320,1048576,131072,0,832,832,1048640,64,positions2.ys
174,14,5561998050176,8,64,14680960,1048576,131072,0,896,896,1048640,64,positions2.zs
174,15,5561999098816,8,64,15729600,1048576,131072,0,960,960,1048640,64,velocities2.xs
174,16,5562000147456,8,64,16778240,1048576,131072,0,1024,1024,1048640,64,velocities2.ys
174,17,5562001196096,8,64,17826880,1048576,131072,0,1088,1088,1048640,64,velocities2.zs
174,18,5562002244736,8,64,18875520,1048576,131072,0,1152,1152,1048640,64,positions3.xs
174,19,5562003293376,8,64,19924160,1048576,131072,0,1216,1216,1048640,64,positions3.ys
174,20,5562004342016,8,64,20972800,1048576,131072,0,1280,1280,1048640,64,positions3.zs
174,21,5562005390656,8,64,22021440,1048576,131072,0,1344,1344,1048640,64,velocities3.xs
174,22,5562006439296,8,64,23070080,1048576,131072,0,1408,1408,1048640,64,velocities3.ys
174,23,5562007487936,8,64,24118720,1048576,131072,0,1472,1472,,,velocities3.zs
175,0,4035659366400,1,64,0,65536,65536,0,0,0,65536,0,bundle0.flags
175,1,4035659431936,2,64,65536,131072,65536,0,0,0,131072,0,bundle0.counters
175,2,4035659563008,4,64,196608,262144,65536,0,0,0,262144,0,bundle0.counts
175,3,4035659825152,8,64,458752,524288,65536,0,0,0,524288,0,bundle0.totals
175,4,4035660349440,3,64,983040,196608,65536,0,0,0,196608,0,bundle0.payloads
175,5,4035660546048,4,64,1179648,262144,65536,0,0,0,262144,0,bundle0.values
175,6,4035660808192,8,64,1441792,524288,65536,0,0,0,524288,0,bundle0.rates
175,7,4035661332480,1,64,1966080,65536,65536,0,0,0,65536,0,bundle1.flags
175,8,4035661398016,2,64,2031616,131072,65536,0,0,0,131072,0,bundle1.counters
175,9,4035661529088,4,64,2162688,262144,65536,0,0,0,262144,0,bundle1.counts
175,10,4035661791232,8,64,2424832,524288,65536,0,0,0,524288,0,bundle1.totals
175,11,4035662315520,3,64,2949120,196608,65536,0,0,0,196608,0,bundle1.payloads
175,12,4035662512128,4,64,3145728,262144,65536,0,0,0,262144,0,bundle1.values
175,13,4035662774272,8,64,3407872,524288,65536,0,0,0,524288,0,bundle1.rates
175,14,4035663298560,1,64,3932160,65536,65536,0,0,0,65536,0,bundle2.flags
175,15,4035663364096,2,64,3997696,131072,65536,0,0,0,131072,0,bundle2.counters
175,16,4035663495168,4,64,4128768,262144,65536,0,0,0,262144,0,bundle2.counts
175,17,4035663757312,8,64,4390912,524288,65536,0,0,0,524288,0,bundle2.totals
175,18,4035664281600,3,64,4915200,196608,65536,0,0,0,196608,0,bundle2.payloads
175,19,4035664478208,4,64,5111808,262144,65536,0,0,0,262144,0,bundle2.values
175,20,4035664740352,8,64,5373952,524288,65536,0,0,0,524288,0,bundle2.rates
175,21,4035665264640,1,64,5898240,65536,65536,0,0,0,65536,0,bundle3.flags
175,22,4035665330176,2,64,5963776,131072,65536,0,0,0,131072,0,bundle3.counters
175,23,4035665461248,4,64,6094848,262144,65536,0,0,0,262144,0,bundle3.counts
175,24,4035665723392,8,64,6356992,524288,65536,0,0,0,524288,0,bundle3.totals
175,25,4035666247680,3,64,6881280,196608,65536,0,0,0,196608,0,bundle3.payloads
175,26,4035666444288,4,64,7077888,262144,65536,0,0,0,262144,0,bundle3.values
175,27,4035666706432,8,64,7340032,524288,65536,0,0,0,524288,0,bundle3.rates
175,28,4035667230720,1,64,7864320,65536,65536,0,0,0,65536,0,bundle4.flags
175,29,4035667296256,2,64,7929856,131072,65536,0,0,0,131072,0,bundle4.counters
175,30,4035667427328,4,64,8060928,262144,65536,0,0,0,262144,0,bundle4.counts
175,31,4035667689472,8,64,8323072,524288,65536,0,0,0,524288,0,bundle4.totals
175,32,4035668213760,3,64,8847360,196608,65536,0,0,0,196608,0,bundle4.payloads
175,33,4035668410368,4,64,9043968,262144,65536,0,0,0,262144,0,bundle4.values
175,34,4035668672512,8,64,9306112,524288,65536,0,0,0,524288,0,bundle4.rates
175,35,4035669196800,1,64,9830400,65536,65536,0,0,0,65536,0,bundle5.flags
175,36,4035669262336,2,64,9895936,131072,65536,0,0,0,131072,0,bundle5.counters
175,37,4035669393408,4,64,10027008,262144,65536,0,0,0,262144,0,bundle5.counts
175,38,4035669655552,8,64,10289152,524288,65536,0,0,0,524288,0,bundle5.totals
175,39,4035670179840,3,64,10813440,196608,65536,0,0,0,196608,0,bundle5.payloads
175,40,4035670376448,4,64,11010048,262144,65536,0,0,0,262144,0,bundle5.values
175,41,4035670638592,8,64,11272192,524288,65536,0,0,0,,,bundle5.rates
176,0,2621004513280,1,64,0,65536,65536,0,0,0,65600,64,bundle0.flags
176,1,2621004578880,2,64,65600,131072,65536,0,64,64,131136,64,bundle0.counters
176,2,2621004710016,4,64,196736,262144,65536,0,128,128,262208,64,bundle0.counts
176,3,2621004972224,8,64,458944,524288,65536,0,192,192,524352,64,bundle0.totals
176,4,2621005496576,3,64,983296,196608,65536,0,256,256,196672,64,bundle0.payloads
176,5,2621005693248,4,64,1179968,262144,65536,0,320,320,262208,64,bundle0.values
176,6,2621005955456,8,64,1442176,524288,65536,0,384,384,524352,64,bundle0.rates
176,7,2621006479808,1,64,1966528,65536,65536,0,448,448,65600,64,bundle1.flags
176,8,2621006545408,2,64,2032128,131072,65536,0,512,512,131136,64,bundle1.counters
176,9,2621006676544,4,64,2163264,262144,65536,0,576,576,262208,64,bundle1.counts
176,10,2621006938752,8,64,2425472,524288,65536,0,640,640,524352,64,bundle1.totals
176,11,2621007463104,3,64,2949824,196608,65536,0,704,704,196672,64,bundle1.payloads
176,12,2621007659776,4,64,3146496,262144,65536,0,768,768,262208,64,bundle1.values
176,13,2621007921984,8,64,3408704,524288,65536,0,832,832,524352,64,bundle1.rates
176,14,2621008446336,1,64,3933056,65536,65536,0,896,896,65600,64,bundle2.flags
176,15,2621008511936,2,64,3998656,131072,65536,0,960,960,131136,64,bundle2.counters
176,16,2621008643072,4,64,4129792,262144,65536,0,1024,1024,262208,64,bundle2.counts
176,17,2621008905280,8,64,4392000,524288,65536,0,1088,1088,524352,64,bundle2.totals
176,18,2621009429632,3,64,4916352,196608,65536,0,1152,1152,196672,64,bundle2.payloads
176,19,2621009626304,4,64,5113024,262144,65536,0,1216,1216,262208,64,bundle2.values
176,20,2621009888512,8,64,5375232,524288,65536,0,1280,1280,524352,64,bundle2.rates
176,21,2621010412864,1,64,5899584,65536,65536,0,1344,1344,65600,64,bundle3.flags
176,22,2621010478464,2,64,5965184,131072,65536,0,1408,1408,131136,64,bundle3.counters
176,23,2621010609600,4,64,6096320,262144,65536,0,1472,1472,262208,64,bundle3.counts
176,24,2621010871808,8,64,6358528,524288,65536,0,1536,1536,524352,64,bundle3.totals
176,25,2621011396160,3,64,6882880,196608,65536,0,1600,1600,196672,64,bundle3.payloads
176,26,2621011592832,4,64,7079552,262144,65536,0,1664,1664,262208,64,bundle3.values
176,27,2621011855040,8,64,7341760,524288,65536,0,1728,1728,524352,64,bundle3.rates
176,28,2621012379392,1,64,7866112,65536,65536,0,1792,1792,65600,64,bundle4.flags
176,29,2621012444992,2,64,7931712,131072,65536,0,1856,1856,131136,64,bundle4.counters
176,30,2621012576128,4,64,8062848,262144,65536,0,1920,1920,262208,64,bundle4.counts
176,31,2621012838336,8,64,8325056,524288,65536,0,1984,1984,524352,64,bundle4.totals
176,32,2621013362688,3,64,8849408,196608,65536,0,2048,2048,196672,64,bundle4.payloads
176,33,2621013559360,4,64,9046080,262144,65536,0,2112,2112,262208,64,bundle4.values
176,34,2621013821568,8,64,9308288,524288,65536,0,2176,2176,524352,64,bundle4.rates
176,35,2621014345920,1,64,9832640,65536,65536,0,2240,2240,65600,64,bundle5.flags
176,36,2621014411520,2,64,9898240,131072,65536,0,2304,2304,131136,64,bundle5.counters
176,37,2621014542656,4,64,10029376,262144,65536,0,2368,2368,262208,64,bundle5.counts
176,38,2621014804864,8,64,10291584,524288,65536,0,2432,2432,524352,64,bundle5.totals
176,39,2621015329216,3,64,10815936,196608,65536,0,2496,2496,196672,64,bundle5.payloads
176,40,2621015525888,4,64,11012608,262144,65536,0,2560,2560,262208,64,bundle5.values
176,41,2621015788096,8,64,11274816,524288,65536,0,2624,2624,,,bundle5.rates
177,0,3420438134784,4,64,0,524288,131072,0,0,0,524352,64,bundle0.positions
177,1,3420438659136,4,64,524352,524288,131072,0,64,64,524352,64,bundle0.velocities
177,2,3420439183488,32,64,1048704,4194304,131072,0,128,128,4194368,64,bundle0.aligned32
177,3,3420443377856,64,64,5243072,8388608,131072,0,192,192,8388672,64,bundle0.aligned64
177,4,3420451766528,256,256,13631744,33554432,131072,0,256,256,33554496,64,bundle0.aligned256
177,5,3420485321024,4,64,47186240,524288,131072,0,320,320,524352,64,bundle1.positions
177,6,3420485845376,4,64,47710592,524288,131072,0,384,384,524352,64,bundle1.velocities
177,7,3420486369728,32,64,48234944,4194304,131072,0,448,448,4194368,64,bundle1.aligned32
177,8,3420490564096,64,64,52429312,8388608,131072,0,512,512,8388864,256,bundle1.aligned64
177,9,3420498952960,256,256,60818176,33554432,131072,0,768,768,33554496,64,bundle1.aligned256
177,10,3420532507456,4,64,94372672,524288,131072,0,832,832,524352,64,bundle2.positions
177,11,3420533031808,4,64,94897024,524288,131072,0,896,896,524352,64,bundle2.velocities
177,12,3420533556160,32,64,95421376,4194304,131072,0,960,960,4194368,64,bundle2.aligned32
177,13,3420537750528,64,64,99615744,8388608,131072,0,1024,1024,8388864,256,bundle2.aligned64
177,14,3420546139392,256,256,108004608,33554432,131072,0,1280,1280,,,bundle2.aligned256
178,0,4656583409664,4,64,0,524288,131072,0,0,0,524480,192,bundle0.positions
178,1,4656583934144,4,64,524480,524288,131072,0,192,192,524480,192,bundle0.velocities
178,2,4656584458624,32,64,1048960,4194304,131072,0,384,384,4194496,192,bundle0.aligned32
178,3,4656588653120,64,64,5243456,8388608,131072,0,576,576,8388800,192,bundle0.aligned64
178,4,4656597041920,256,256,13632256,33554432,131072,0,768,768,33554624,192,bundle0.aligned256
178,5,4656630596544,4,64,47186880,524288,131072,0,960,960,524480,192,bundle1.positions
178,6,4656631121024,4,64,47711360,524288,131072,0,1152,1152,524480,192,bundle1.velocities
178,7,4656631645504,32,64,48235840,4194304,131072,0,1344,1344,4194496,192,bundle1.aligned32
178,8,4656635840000,64,64,52430336,8388608,131072,0,1536,1536,8388864,256,bundle1.aligned64
178,9,4656644228864,256,256,60819200,33554432,131072,0,1792,1792,33554624,192,bundle1.aligned256
178,10,4656677783488,4,64,94373824,524288,131072,0,1984,1984,524480,192,bundle2.positions
178,11,4656678307968,4,64,94898304,524288,131072,0,2176,2176,524480,192,bundle2.velocities
178,12,4656678832448,32,64,95422784,4194304,131072,0,2368,2368,4194496,192,bundle2.aligned32
178,13,4656683026944,64,64,99617280,8388608,131072,0,2560,2560,8388864,256,bundle2.aligned64
178,14,4656691415808,256,256,108006144,33554432,131072,0,2816,2816,,,bundle2.aligned256
179,0,2701803585536,8,64,0,600064,75008,0,0,0,600064,0,entity_handles
179,1,2701804185600,4,64,600064,300032,75008,0,2048,10240,300032,0,integral_biases
179,2,2701804485632,4,64,900096,300032,75008,0,3072,48128,300032,0,float_biases
179,3,2701804785664,1,64,1200128,75008,75008,0,0,20480,75008,0,tasks
179,4,2701804860672,4,64,1275136,300032,75008,0,1280,29952,300032,0,locations.xs
179,5,2701805160704,4,64,1575168,300032,75008,0,2304,2304,300032,0,locations.ys
179,6,2701805460736,4,64,1875200,300032,75008,0,3328,40192,300032,0,locations.zs
179,7,2701805760768,4,64,2175232,300032,75008,0,256,12544,300032,0,desired_move_locations.xs
179,8,2701806060800,4,64,2475264,300032,75008,0,1280,50432,300032,0,desired_move_locations.ys
179,9,2701806360832,4,64,2775296,300032,75008,0,2304,22784,300032,0,desired_move_locations.zs
179,10,2701806660864,4,64,3075328,300032,75008,0,3328,60672,300032,0,aim_directions.xs
179,11,2701806960896,4,64,3375360,300032,75008,0,256,33024,300032,0,aim_directions.ys
179,12,2701807260928,4,64,3675392,300032,75008,0,1280,5376,300032,0,aim_directions.zs
179,13,2701807560960,4,64,3975424,300032,75008,0,2304,43264,300032,0,desired_aiming_directions.xs
179,14,2701807860992,4,64,4275456,300032,75008,0,3328,15616,300032,0,desired_aiming_directions.ys
179,15,2701808161024,4,64,4575488,300032,75008,0,256,53504,300032,0,desired_aiming_directions.zs
179,16,2701808461056,4,64,4875520,300032,75008,0,1280,25856,300032,0,movement_directions.xs
179,17,2701808761088,4,64,5175552,300032,75008,0,2304,63744,300032,0,movement_directions.ys
179,18,2701809061120,4,64,5475584,300032,75008,0,3328,36096,300032,0,movement_directions.zs
179,19,2701809361152,4,64,5775616,300032,75008,0,256,8448,300032,0,velocities.xs
179,20,2701809661184,4,64,6075648,300032,75008,0,1280,46336,300032,0,velocities.ys
179,21,2701809961216,4,64,6375680,300032,75008,0,2304,18688,300032,0,velocities.zs
179,22,2701810261248,4,64,6675712,300032,75008,0,3328,56576,300032,0,move_distances
179,23,2701810561280,4,64,6975744,300032,75008,0,256,28928,300032,0,speeds
179,24,2701810861312,1,64,7275776,75008,75008,0,1280,1280,75008,0,teams
179,25,2701810936320,4,64,7350784,300032,75008,0,2560,10752,300032,0,healths
179,26,2701811236352,8,64,7650816,600064,75008,0,3584,48640,600064,0,parent_handles
179,27,2701811836416,1,64,8250880,75008,75008,0,1536,58880,75008,0,awareness_scan_countdowns.counters
179,28,2701811911424,2,64,8325888,150016,75008,0,2816,2816,150016,0,navigation_update_countdowns.remaining_ticks
179,29,2701812061440,2,64,8475904,150016,75008,0,1280,21760,150016,0,navigation_update_countdowns.periods
179,30,2701812211456,4,64,8625920,300032,75008,0,3840,40704,300032,0,separation_steering.xs
179,31,2701812511488,4,64,8925952,300032,75008,0,768,13056,300032,0,separation_steering.ys
179,32,2701812811520,4,64,9225984,300032,75008,0,1792,50944,300032,0,separation_steering.zs
179,33,2701813111552,1,64,9526016,75008,75008,0,2816,23296,75008,0,navigation_risk_tiers
179,34,2701813186560,1,64,9601024,75008,75008,0,0,32768,75008,0,navigation_lower_risk_scan_counts
179,35,2701813261568,1,64,9676032,75008,75008,0,1280,42240,75008,0,avoidance_choice_indices
179,36,2701813336576,1,64,9751040,75008,75008,0,2560,51712,75008,0,avoidance_clear_scan_counts
179,37,2701813411584,2,64,9826048,150016,75008,0,3840,61184,150016,0,attack_reposition_countdowns.counters
179,38,2701813561600,2,64,9976064,150016,75008,0,2304,14592,150016,0,attack_cooldowns.counters
179,39,2701813711616,8,64,10126080,600064,75008,0,768,33536,600064,0,target_handles
179,40,2701814311680,4,64,10726144,300032,75008,0,2816,43776,300032,0,target_locations.xs
179,41,2701814611712,4,64,11026176,300032,75008,0,3840,16128,300032,0,target_locations.ys
179,42,2701814911744,4,64,11326208,300032,75008,0,768,54016,300032,0,target_locations.zs
179,43,2701815211776,4,64,11626240,300032,75008,0,1792,26368,300032,0,target_velocities.xs
179,44,2701815511808,4,64,11926272,300032,75008,0,2816,64256,300032,0,target_velocities.ys
179,45,2701815811840,4,64,12226304,300032,75008,0,3840,36608,300032,0,target_velocities.zs
179,46,2701816111872,4,64,12526336,300032,75008,0,768,8960,300032,0,target_directions.xs
179,47,2701816411904,4,64,12826368,300032,75008,0,1792,46848,300032,0,target_directions.ys
179,48,2701816711936,4,64,13126400,300032,75008,0,2816,19200,300032,0,target_directions.zs
179,49,2701817011968,4,64,13426432,300032,75008,0,3840,57088,300032,0,intercept_times
179,50,2701817312000,4,64,13726464,300032,75008,0,768,29440,300032,0,target_distance_sq
179,51,2701817612032,4,64,14026496,300032,75008,0,1792,1792,300032,0,target_distances
179,52,2701817912064,4,64,14326528,300032,75008,0,2816,39680,,,target_radii
180,0,2459406368768,8,64,0,600064,75008,0,0,0,600064,0,positions0.xs
180,1,2459406968832,8,64,600064,600064,75008,0,2048,10240,600064,0,positions0.ys
180,2,2459407568896,8,64,1200128,600064,75008,0,0,20480,600064,0,positions0.zs
180,3,2459408168960,8,64,1800192,600064,75008,0,2048,30720,600064,0,velocities0.xs
180,4,2459408769024,8,64,2400256,600064,75008,0,0,40960,600064,0,velocities0.ys
180,5,2459409369088,8,64,3000320,600064,75008,0,2048,51200,600064,0,velocities0.zs
180,6,2459409969152,8,64,3600384,600064,75008,0,0,61440,600064,0,positions1.xs
180,7,2459410569216,8,64,4200448,600064,75008,0,2048,6144,600064,0,positions1.ys
180,8,2459411169280,8,64,4800512,600064,75008,0,0,16384,600064,0,positions1.zs
180,9,2459411769344,8,64,5400576,600064,75008,0,2048,26624,600064,0,velocities1.xs
180,10,2459412369408,8,64,6000640,600064,75008,0,0,36864,600064,0,velocities1.ys
180,11,2459412969472,8,64,6600704,600064,75008,0,2048,47104,600064,0,velocities1.zs
180,12,2459413569536,8,64,7200768,600064,75008,0,0,57344,600064,0,positions2.xs
180,13,2459414169600,8,64,7800832,600064,75008,0,2048,2048,600064,0,positions2.ys
180,14,2459414769664,8,64,8400896,600064,75008,0,0,12288,600064,0,positions2.zs
180,15,2459415369728,8,64,9000960,600064,75008,0,2048,22528,600064,0,velocities2.xs
180,16,2459415969792,8,64,9601024,600064,75008,0,0,32768,600064,0,velocities2.ys
180,17,2459416569856,8,64,10201088,600064,75008,0,2048,43008,600064,0,velocities2.zs
180,18,2459417169920,8,64,10801152,600064,75008,0,0,53248,600064,0,positions3.xs
180,19,2459417769984,8,64,11401216,600064,75008,0,2048,63488,600064,0,positions3.ys
180,20,2459418370048,8,64,12001280,600064,75008,0,0,8192,600064,0,positions3.zs
180,21,2459418970112,8,64,12601344,600064,75008,0,2048,18432,600064,0,velocities3.xs
180,22,2459419570176,8,64,13201408,600064,75008,0,0,28672,600064,0,velocities3.ys
180,23,2459420170240,8,64,13801472,600064,75008,0,2048,38912,,,velocities3.zs
181,0,3334505955328,8,64,0,600064,75008,0,0,0,600256,192,positions0.xs
181,1,3334506555584,8,64,600256,600064,75008,0,2240,10432,600256,192,positions0.ys
181,2,3334507155840,8,64,1200512,600064,75008,0,384,20864,600256,192,positions0.zs
181,3,3334507756096,8,64,1800768,600064,75008,0,2624,31296,600256,192,velocities0.xs
181,4,3334508356352,8,64,2401024,600064,75008,0,768,41728,600256,192,velocities0.ys
181,5,3334508956608,8,64,3001280,600064,75008,0,3008,52160,600256,192,velocities0.zs
181,6,3334509556864,8,64,3601536,600064,75008,0,1152,62592,600256,192,positions1.xs
181,7,3334510157120,8,64,4201792,600064,75008,0,3392,7488,600256,192,positions1.ys
181,8,3334510757376,8,64,4802048,600064,75008,0,1536,17920,600256,192,positions1.zs
181,9,3334511357632,8,64,5402304,600064,75008,0,3776,28352,600256,192,velocities1.xs
181,10,3334511957888,8,64,6002560,600064,75008,0,1920,38784,600256,192,velocities1.ys
181,11,3334512558144,8,64,6602816,600064,75008,0,64,49216,600256,192,velocities1.zs
181,12,3334513158400,8,64,7203072,600064,75008,0,2304,59648,600256,192,positions2.xs
181,13,3334513758656,8,64,7803328,600064,75008,0,448,4544,600256,192,positions2.ys
181,14,3334514358912,8,64,8403584,600064,75008,0,2688,14976,600256,192,positions2.zs
181,15,3334514959168,8,64,9003840,600064,75008,0,832,25408,600256,192,velocities2.xs
181,16,3334515559424,8,64,9604096,600064,75008,0,3072,35840,600256,192,velocities2.ys
181,17,3334516159680,8,64,10204352,600064,75008,0,1216,46272,600256,192,velocities2.zs
181,18,3334516759936,8,64,10804608,600064,75008,0,3456,56704,600256,192,positions3.xs
181,19,3334517360192,8,64,11404864,600064,75008,0,1600,1600,600256,192,positions3.ys
181,20,3334517960448,8,64,12005120,600064,75008,0,3840,12032,600256,192,positions3.zs
181,21,3334518560704,8,64,12605376,600064,75008,0,1984,22464,600256,192,velocities3.xs
181,22,3334519160960,8,64,13205632,600064,75008,0,128,32896,600256,192,velocities3.ys
181,23,3334519761216,8,64,13805888,600064,75008,0,2368,43328,,,velocities3.zs
182,0,5484673957888,1,64,0,65536,65536,0,0,0,65536,0,bundle0.flags
182,1,5484674023424,2,64,65536,131072,65536,0,0,0,131072,0,bundle0.counters
182,2,5484674154496,4,64,196608,262144,65536,0,0,0,262144,0,bundle0.counts
182,3,5484674416640,8,64,458752,524288,65536,0,0,0,524288,0,bundle0.totals
182,4,5484674940928,3,64,983040,196608,65536,0,0,0,196608,0,bundle0.payloads
182,5,5484675137536,4,64,1179648,262144,65536,0,0,0,262144,0,bundle0.values
182,6,5484675399680,8,64,1441792,524288,65536,0,0,0,524288,0,bundle0.rates
182,7,5484675923968,1,64,1966080,65536,65536,0,0,0,65536,0,bundle1.flags
182,8,5484675989504,2,64,2031616,131072,65536,0,0,0,131072,0,bundle1.counters
182,9,5484676120576,4,64,2162688,262144,65536,0,0,0,262144,0,bundle1.counts
182,10,5484676382720,8,64,2424832,524288,65536,0,0,0,524288,0,bundle1.totals
182,11,5484676907008,3,64,2949120,196608,65536,0,0,0,196608,0,bundle1.payloads
182,12,5484677103616,4,64,3145728,262144,65536,0,0,0,262144,0,bundle1.values
182,13,5484677365760,8,64,3407872,524288,65536,0,0,0,524288,0,bundle1.rates
182,14,5484677890048,1,64,3932160,65536,65536,0,0,0,65536,0,bundle2.flags
182,15,5484677955584,2,64,3997696,131072,65536,0,0,0,131072,0,bundle2.counters
182,16,5484678086656,4,64,4128768,262144,65536,0,0,0,262144,0,bundle2.counts
182,17,5484678348800,8,64,4390912,524288,65536,0,0,0,524288,0,bundle2.totals
182,18,5484678873088,3,64,4915200,196608,65536,0,0,0,196608,0,bundle2.payloads
182,19,5484679069696,4,64,5111808,262144,65536,0,0,0,262144,0,bundle2.values
182,20,5484679331840,8,64,5373952,524288,65536,0,0,0,524288,0,bundle2.rates
182,21,5484679856128,1,64,5898240,65536,65536,0,0,0,65536,0,bundle3.flags
182,22,5484679921664,2,64,5963776,131072,65536,0,0,0,131072,0,bundle3.counters
182,23,5484680052736,4,64,6094848,262144,65536,0,0,0,262144,0,bundle3.counts
182,24,5484680314880,8,64,6356992,524288,65536,0,0,0,524288,0,bundle3.totals
182,25,5484680839168,3,64,6881280,196608,65536,0,0,0,196608,0,bundle3.payloads
182,26,5484681035776,4,64,7077888,262144,65536,0,0,0,262144,0,bundle3.values
182,27,5484681297920,8,64,7340032,524288,65536,0,0,0,524288,0,bundle3.rates
182,28,5484681822208,1,64,7864320,65536,65536,0,0,0,65536,0,bundle4.flags
182,29,5484681887744,2,64,7929856,131072,65536,0,0,0,131072,0,bundle4.counters
182,30,5484682018816,4,64,8060928,262144,65536,0,0,0,262144,0,bundle4.counts
182,31,5484682280960,8,64,8323072,524288,65536,0,0,0,524288,0,bundle4.totals
182,32,5484682805248,3,64,8847360,196608,65536,0,0,0,196608,0,bundle4.payloads
182,33,5484683001856,4,64,9043968,262144,65536,0,0,0,262144,0,bundle4.values
182,34,5484683264000,8,64,9306112,524288,65536,0,0,0,524288,0,bundle4.rates
182,35,5484683788288,1,64,9830400,65536,65536,0,0,0,65536,0,bundle5.flags
182,36,5484683853824,2,64,9895936,131072,65536,0,0,0,131072,0,bundle5.counters
182,37,5484683984896,4,64,10027008,262144,65536,0,0,0,262144,0,bundle5.counts
182,38,5484684247040,8,64,10289152,524288,65536,0,0,0,524288,0,bundle5.totals
182,39,5484684771328,3,64,10813440,196608,65536,0,0,0,196608,0,bundle5.payloads
182,40,5484684967936,4,64,11010048,262144,65536,0,0,0,262144,0,bundle5.values
182,41,5484685230080,8,64,11272192,524288,65536,0,0,0,,,bundle5.rates
183,0,3692867289088,1,64,0,131072,131072,0,0,0,131136,64,bundle0.flags
183,1,3692867420224,2,64,131136,262144,131072,0,64,64,262208,64,bundle0.counters
183,2,3692867682432,4,64,393344,524288,131072,0,128,128,524352,64,bundle0.counts
183,3,3692868206784,8,64,917696,1048576,131072,0,192,192,1048640,64,bundle0.totals
183,4,3692869255424,3,64,1966336,393216,131072,0,256,256,393280,64,bundle0.payloads
183,5,3692869648704,4,64,2359616,524288,131072,0,320,320,524352,64,bundle0.values
183,6,3692870173056,8,64,2883968,1048576,131072,0,384,384,1048640,64,bundle0.rates
183,7,3692871221696,1,64,3932608,131072,131072,0,448,448,131136,64,bundle1.flags
183,8,3692871352832,2,64,4063744,262144,131072,0,512,512,262208,64,bundle1.counters
183,9,3692871615040,4,64,4325952,524288,131072,0,576,576,524352,64,bundle1.counts
183,10,3692872139392,8,64,4850304,1048576,131072,0,640,640,1048640,64,bundle1.totals
183,11,3692873188032,3,64,5898944,393216,131072,0,704,704,393280,64,bundle1.payloads
183,12,3692873581312,4,64,6292224,524288,131072,0,768,768,524352,64,bundle1.values
183,13,3692874105664,8,64,6816576,1048576,131072,0,832,832,1048640,64,bundle1.rates
183,14,3692875154304,1,64,7865216,131072,131072,0,896,896,131136,64,bundle2.flags
183,15,3692875285440,2,64,7996352,262144,131072,0,960,960,262208,64,bundle2.counters
183,16,3692875547648,4,64,8258560,524288,131072,0,1024,1024,524352,64,bundle2.counts
183,17,3692876072000,8,64,8782912,1048576,131072,0,1088,1088,1048640,64,bundle2.totals
183,18,3692877120640,3,64,9831552,393216,131072,0,1152,1152,393280,64,bundle2.payloads
183,19,3692877513920,4,64,10224832,524288,131072,0,1216,1216,524352,64,bundle2.values
183,20,3692878038272,8,64,10749184,1048576,131072,0,1280,1280,1048640,64,bundle2.rates
183,21,3692879086912,1,64,11797824,131072,131072,0,1344,1344,131136,64,bundle3.flags
183,22,3692879218048,2,64,11928960,262144,131072,0,1408,1408,262208,64,bundle3.counters
183,23,3692879480256,4,64,12191168,524288,131072,0,1472,1472,524352,64,bundle3.counts
183,24,3692880004608,8,64,12715520,1048576,131072,0,1536,1536,1048640,64,bundle3.totals
183,25,3692881053248,3,64,13764160,393216,131072,0,1600,1600,393280,64,bundle3.payloads
183,26,3692881446528,4,64,14157440,524288,131072,0,1664,1664,524352,64,bundle3.values
183,27,3692881970880,8,64,14681792,1048576,131072,0,1728,1728,1048640,64,bundle3.rates
183,28,3692883019520,1,64,15730432,131072,131072,0,1792,1792,131136,64,bundle4.flags
183,29,3692883150656,2,64,15861568,262144,131072,0,1856,1856,262208,64,bundle4.counters
183,30,3692883412864,4,64,16123776,524288,131072,0,1920,1920,524352,64,bundle4.counts
183,31,3692883937216,8,64,16648128,1048576,131072,0,1984,1984,1048640,64,bundle4.totals
183,32,3692884985856,3,64,17696768,393216,131072,0,2048,2048,393280,64,bundle4.payloads
183,33,3692885379136,4,64,18090048,524288,131072,0,2112,2112,524352,64,bundle4.values
183,34,3692885903488,8,64,18614400,1048576,131072,0,2176,2176,1048640,64,bundle4.rates
183,35,3692886952128,1,64,19663040,131072,131072,0,2240,2240,131136,64,bundle5.flags
183,36,3692887083264,2,64,19794176,262144,131072,0,2304,2304,262208,64,bundle5.counters
183,37,3692887345472,4,64,20056384,524288,131072,0,2368,2368,524352,64,bundle5.counts
183,38,3692887869824,8,64,20580736,1048576,131072,0,2432,2432,1048640,64,bundle5.totals
183,39,3692888918464,3,64,21629376,393216,131072,0,2496,2496,393280,64,bundle5.payloads
183,40,3692889311744,4,64,22022656,524288,131072,0,2560,2560,524352,64,bundle5.values
183,41,3692889836096,8,64,22547008,1048576,131072,0,2624,2624,,,bundle5.rates
184,0,5875515981824,1,64,0,65536,65536,0,0,0,65728,192,bundle0.flags
184,1,5875516047552,2,64,65728,131072,65536,0,192,192,131264,192,bundle0.counters
184,2,5875516178816,4,64,196992,262144,65536,0,384,384,262336,192,bundle0.counts
184,3,5875516441152,8,64,459328,524288,65536,0,576,576,524480,192,bundle0.totals
184,4,5875516965632,3,64,983808,196608,65536,0,768,768,196800,192,bundle0.payloads
184,5,5875517162432,4,64,1180608,262144,65536,0,960,960,262336,192,bundle0.values
184,6,5875517424768,8,64,1442944,524288,65536,0,1152,1152,524480,192,bundle0.rates
184,7,5875517949248,1,64,1967424,65536,65536,0,1344,1344,65728,192,bundle1.flags
184,8,5875518014976,2,64,2033152,131072,65536,0,1536,1536,131264,192,bundle1.counters
184,9,5875518146240,4,64,2164416,262144,65536,0,1728,1728,262336,192,bundle1.counts
184,10,5875518408576,8,64,2426752,524288,65536,0,1920,1920,524480,192,bundle1.totals
184,11,5875518933056,3,64,2951232,196608,65536,0,2112,2112,196800,192,bundle1.payloads
184,12,5875519129856,4,64,3148032,262144,65536,0,2304,2304,262336,192,bundle1.values
184,13,5875519392192,8,64,3410368,524288,65536,0,2496,2496,524480,192,bundle1.rates
184,14,5875519916672,1,64,3934848,65536,65536,0,2688,2688,65728,192,bundle2.flags
184,15,5875519982400,2,64,4000576,131072,65536,0,2880,2880,131264,192,bundle2.counters
184,16,5875520113664,4,64,4131840,262144,65536,0,3072,3072,262336,192,bundle2.counts
184,17,5875520376000,8,64,4394176,524288,65536,0,3264,3264,524480,192,bundle2.totals
184,18,5875520900480,3,64,4918656,196608,65536,0,3456,3456,196800,192,bundle2.payloads
184,19,5875521097280,4,64,5115456,262144,65536,0,3648,3648,262336,192,bundle2.values
184,20,5875521359616,8,64,5377792,524288,65536,0,3840,3840,524480,192,bundle2.rates
184,21,5875521884096,1,64,5902272,65536,65536,0,4032,4032,65728,192,bundle3.flags
184,22,5875521949824,2,64,5968000,131072,65536,0,128,4224,131264,192,bundle3.counters
184,23,5875522081088,4,64,6099264,262144,65536,0,320,4416,262336,192,bundle3.counts
184,24,5875522343424,8,64,6361600,524288,65536,0,512,4608,524480,192,bundle3.totals
184,25,5875522867904,3,64,6886080,196608,65536,0,704,4800,196800,192,bundle3.payloads
184,26,5875523064704,4,64,7082880,262144,65536,0,896,4992,262336,192,bundle3.values
184,27,5875523327040,8,64,7345216,524288,65536,0,1088,5184,524480,192,bundle3.rates
184,28,5875523851520,1,64,7869696,65536,65536,0,1280,5376,65728,192,bundle4.flags
184,29,5875523917248,2,64,7935424,131072,65536,0,1472,5568,131264,192,bundle4.counters
184,30,5875524048512,4,64,8066688,262144,65536,0,1664,5760,262336,192,bundle4.counts
184,31,5875524310848,8,64,8329024,524288,65536,0,1856,5952,524480,192,bundle4.totals
184,32,5875524835328,3,64,8853504,196608,65536,0,2048,6144,196800,192,bundle4.payloads
184,33,5875525032128,4,64,9050304,262144,65536,0,2240,6336,262336,192,bundle4.values
184,34,5875525294464,8,64,9312640,524288,65536,0,2432,6528,524480,192,bundle4.rates
184,35,5875525818944,1,64,9837120,65536,65536,0,2624,6720,65728,192,bundle5.flags
184,36,5875525884672,2,64,9902848,131072,65536,0,2816,6912,131264,192,bundle5.counters
184,37,5875526015936,4,64,10034112,262144,65536,0,3008,7104,262336,192,bundle5.counts
184,38,5875526278272,8,64,10296448,524288,65536,0,3200,7296,524480,192,bundle5.totals
184,39,5875526802752,3,64,10820928,196608,65536,0,3392,7488,196800,192,bundle5.payloads
184,40,5875526999552,4,64,11017728,262144,65536,0,3584,7680,262336,192,bundle5.values
184,41,5875527261888,8,64,11280064,524288,65536,0,3776,7872,,,bundle5.rates
185,0,6189317029888,8,64,0,1048576,131072,0,0,0,1048576,0,positions0.xs
185,1,6189318078464,8,64,1048576,1048576,131072,0,0,0,1048576,0,positions0.ys
185,2,6189319127040,8,64,2097152,1048576,131072,0,0,0,1048576,0,positions0.zs
185,3,6189320175616,8,64,3145728,1048576,131072,0,0,0,1048576,0,velocities0.xs
185,4,6189321224192,8,64,4194304,1048576,131072,0,0,0,1048576,0,velocities0.ys
185,5,6189322272768,8,64,5242880,1048576,131072,0,0,0,1048576,0,velocities0.zs
185,6,6189323321344,8,64,6291456,1048576,131072,0,0,0,1048576,0,positions1.xs
185,7,6189324369920,8,64,7340032,1048576,131072,0,0,0,1048576,0,positions1.ys
185,8,6189325418496,8,64,8388608,1048576,131072,0,0,0,1048576,0,positions1.zs
185,9,6189326467072,8,64,9437184,1048576,131072,0,0,0,1048576,0,velocities1.xs
185,10,6189327515648,8,64,10485760,1048576,131072,0,0,0,1048576,0,velocities1.ys
185,11,6189328564224,8,64,11534336,1048576,131072,0,0,0,1048576,0,velocities1.zs
185,12,6189329612800,8,64,12582912,1048576,131072,0,0,0,1048576,0,positions2.xs
185,13,6189330661376,8,64,13631488,1048576,131072,0,0,0,1048576,0,positions2.ys
185,14,6189331709952,8,64,14680064,1048576,131072,0,0,0,1048576,0,positions2.zs
185,15,6189332758528,8,64,15728640,1048576,131072,0,0,0,1048576,0,velocities2.xs
185,16,6189333807104,8,64,16777216,1048576,131072,0,0,0,1048576,0,velocities2.ys
185,17,6189334855680,8,64,17825792,1048576,131072,0,0,0,1048576,0,velocities2.zs
185,18,6189335904256,8,64,18874368,1048576,131072,0,0,0,1048576,0,positions3.xs
185,19,6189336952832,8,64,19922944,1048576,131072,0,0,0,1048576,0,positions3.ys
185,20,6189338001408,8,64,20971520,1048576,131072,0,0,0,1048576,0,positions3.zs
185,21,6189339049984,8,64,22020096,1048576,131072,0,0,0,1048576,0,velocities3.xs
185,22,6189340098560,8,64,23068672,1048576,131072,0,0,0,1048576,0,velocities3.ys
185,23,6189341147136,8,64,24117248,1048576,131072,0,0,0,,,velocities3.zs
186,0,3784403779584,8,64,0,600064,75008,0,0,0,600064,0,positions0.xs
186,1,3784404379648,8,64,600064,600064,75008,0,2048,10240,600064,0,positions0.ys
186,2,3784404979712,8,64,1200128,600064,75008,0,0,20480,600064,0,positions0.zs
186,3,3784405579776,8,64,1800192,600064,75008,0,2048,30720,600064,0,velocities0.xs
186,4,3784406179840,8,64,2400256,600064,75008,0,0,40960,600064,0,velocities0.ys
186,5,3784406779904,8,64,3000320,600064,75008,0,2048,51200,600064,0,velocities0.zs
186,6,3784407379968,8,64,3600384,600064,75008,0,0,61440,600064,0,positions1.xs
186,7,3784407980032,8,64,4200448,600064,75008,0,2048,6144,600064,0,positions1.ys
186,8,3784408580096,8,64,4800512,600064,75008,0,0,16384,600064,0,positions1.zs
186,9,3784409180160,8,64,5400576,600064,75008,0,2048,26624,600064,0,velocities1.xs
186,10,3784409780224,8,64,6000640,600064,75008,0,0,36864,600064,0,velocities1.ys
186,11,3784410380288,8,64,6600704,600064,75008,0,2048,47104,600064,0,velocities1.zs
186,12,3784410980352,8,64,7200768,600064,75008,0,0,57344,600064,0,positions2.xs
186,13,3784411580416,8,64,7800832,600064,75008,0,2048,2048,600064,0,positions2.ys
186,14,3784412180480,8,64,8400896,600064,75008,0,0,12288,600064,0,positions2.zs
186,15,3784412780544,8,64,9000960,600064,75008,0,2048,22528,600064,0,velocities2.xs
186,16,3784413380608,8,64,9601024,600064,75008,0,0,32768,600064,0,velocities2.ys
186,17,3784413980672,8,64,10201088,600064,75008,0,2048,43008,600064,0,velocities2.zs
186,18,3784414580736,8,64,10801152,600064,75008,0,0,53248,600064,0,positions3.xs
186,19,3784415180800,8,64,11401216,600064,75008,0,2048,63488,600064,0,positions3.ys
186,20,3784415780864,8,64,12001280,600064,75008,0,0,8192,600064,0,positions3.zs
186,21,3784416380928,8,64,12601344,600064,75008,0,2048,18432,600064,0,velocities3.xs
186,22,3784416980992,8,64,13201408,600064,75008,0,0,28672,600064,0,velocities3.ys
186,23,3784417581056,8,64,13801472,600064,75008,0,2048,38912,,,velocities3.zs
187,0,4660577107968,8,64,0,524288,65536,0,0,0,524352,64,entity_handles
187,1,4660577632320,4,64,524352,262144,65536,0,64,64,262208,64,integral_biases
187,2,4660577894528,4,64,786560,262144,65536,0,128,128,262208,64,float_biases
187,3,4660578156736,1,64,1048768,65536,65536,0,192,192,65600,64,tasks
187,4,4660578222336,4,64,1114368,262144,65536,0,256,256,262208,64,locations.xs
187,5,4660578484544,4,64,1376576,262144,65536,0,320,320,262208,64,locations.ys
187,6,4660578746752,4,64,1638784,262144,65536,0,384,384,262208,64,locations.zs
187,7,4660579008960,4,64,1900992,262144,65536,0,448,448,262208,64,desired_move_locations.xs
187,8,4660579271168,4,64,2163200,262144,65536,0,512,512,262208,64,desired_move_locations.ys
187,9,4660579533376,4,64,2425408,262144,65536,0,576,576,262208,64,desired_move_locations.zs
187,10,4660579795584,4,64,2687616,262144,65536,0,640,640,262208,64,aim_directions.xs
187,11,4660580057792,4,64,2949824,262144,65536,0,704,704,262208,64,aim_directions.ys
187,12,4660580320000,4,64,3212032,262144,65536,0,768,768,262208,64,aim_directions.zs
187,13,4660580582208,4,64,3474240,262144,65536,0,832,832,262208,64,desired_aiming_directions.xs
187,14,4660580844416,4,64,3736448,262144,65536,0,896,896,262208,64,desired_aiming_directions.ys
187,15,4660581106624,4,64,3998656,262144,65536,0,960,960,262208,64,desired_aiming_directions.zs
187,16,4660581368832,4,64,4260864,262144,65536,0,1024,1024,262208,64,movement_directions.xs
187,17,4660581631040,4,64,4523072,262144,65536,0,1088,1088,262208,64,movement_directions.ys
187,18,4660581893248,4,64,4785280,262144,65536,0,1152,1152,262208,64,movement_directions.zs
187,19,4660582155456,4,64,5047488,262144,65536,0,1216,1216,262208,64,velocities.xs
187,20,4660582417664,4,64,5309696,262144,65536,0,1280,1280,262208,64,velocities.ys
187,21,4660582679872,4,64,5571904,262144,65536,0,1344,1344,262208,64,velocities.zs
187,22,4660582942080,4,64,5834112,262144,65536,0,1408,1408,262208,64,move_distances
187,23,4660583204288,4,64,6096320,262144,65536,0,1472,1472,262208,64,speeds
187,24,4660583466496,1,64,6358528,65536,65536,0,1536,1536,65600,64,teams
187,25,4660583532096,4,64,6424128,262144,65536,0,1600,1600,262208,64,healths
187,26,4660583794304,8,64,6686336,524288,65536,0,1664,1664,524352,64,parent_handles
187,27,4660584318656,1,64,7210688,65536,65536,0,1728,1728,65600,64,awareness_scan_countdowns.counters
187,28,4660584384256,2,64,7276288,131072,65536,0,1792,1792,131136,64,navigation_update_countdowns.remaining_ticks
187,29,4660584515392,2,64,7407424,131072,65536,0,1856,1856,131136,64,navigation_update_countdowns.periods
187,30,4660584646528,4,64,7538560,262144,65536,0,1920,1920,262208,64,separation_steering.xs
187,31,4660584908736,4,64,7800768,262144,65536,0,1984,1984,262208,64,separation_steering.ys
187,32,4660585170944,4,64,8062976,262144,65536,0,2048,2048,262208,64,separation_steering.zs
187,33,4660585433152,1,64,8325184,65536,65536,0,2112,2112,65600,64,navigation_risk_tiers
187,34,4660585498752,1,64,8390784,65536,65536,0,2176,2176,65600,64,navigation_lower_risk_scan_counts
187,35,4660585564352,1,64,8456384,65536,65536,0,2240,2240,65600,64,avoidance_choice_indices
187,36,4660585629952,1,64,8521984,65536,65536,0,2304,2304,65600,64,avoidance_clear_scan_counts
187,37,4660585695552,2,64,8587584,131072,65536,0,2368,2368,131136,64,attack_reposition_countdowns.counters
187,38,4660585826688,2,64,8718720,131072,65536,0,2432,2432,131136,64,attack_cooldowns.counters
187,39,4660585957824,8,64,8849856,524288,65536,0,2496,2496,524352,64,target_handles
187,40,4660586482176,4,64,9374208,262144,65536,0,2560,2560,262208,64,target_locations.xs
187,41,4660586744384,4,64,9636416,262144,65536,0,2624,2624,262208,64,target_locations.ys
187,42,4660587006592,4,64,9898624,262144,65536,0,2688,2688,262208,64,target_locations.zs
187,43,4660587268800,4,64,10160832,262144,65536,0,2752,2752,262208,64,target_velocities.xs
187,44,4660587531008,4,64,10423040,262144,65536,0,2816,2816,262208,64,target_velocities.ys
187,45,4660587793216,4,64,10685248,262144,65536,0,2880,2880,262208,64,target_velocities.zs
187,46,4660588055424,4,64,10947456,262144,65536,0,2944,2944,262208,64,target_directions.xs
187,47,4660588317632,4,64,11209664,262144,65536,0,3008,3008,262208,64,target_directions.ys
187,48,4660588579840,4,64,11471872,262144,65536,0,3072,3072,262208,64,target_directions.zs
187,49,4660588842048,4,64,11734080,262144,65536,0,3136,3136,262208,64,intercept_times
187,50,4660589104256,4,64,11996288,262144,65536,0,3200,3200,262208,64,target_distance_sq
187,51,4660589366464,4,64,12258496,262144,65536,0,3264,3264,262208,64,target_distances
187,52,4660589628672,4,64,12520704,262144,65536,0,3328,3328,,,target_radii
188,0,4307885752320,4,64,0,300032,75008,0,0,0,300032,0,bundle0.positions
188,1,4307886052352,4,64,300032,300032,75008,0,1024,37888,300032,0,bundle0.velocities
188,2,4307886352384,32,64,600064,2400256,75008,0,2048,10240,2400256,0,bundle0.aligned32
188,3,4307888752640,64,64,3000320,4800512,75008,0,2048,51200,4800512,0,bundle0.aligned64
188,4,4307893553152,256,256,7800832,19202048,75008,0,2048,2048,19202048,0,bundle0.aligned256
188,5,4307912755200,4,64,27002880,300032,75008,0,2048,2048,300032,0,bundle1.positions
188,6,4307913055232,4,64,27302912,300032,75008,0,3072,39936,300032,0,bundle1.velocities
188,7,4307913355264,32,64,27602944,2400256,75008,0,0,12288,2400256,0,bundle1.aligned32
188,8,4307915755520,64,64,30003200,4800512,75008,0,0,53248,4800512,0,bundle1.aligned64
188,9,4307920556032,256,256,34803712,19202048,75008,0,0,4096,19202048,0,bundle1.aligned256
188,10,4307939758080,4,64,54005760,300032,75008,0,0,4096,300032,0,bundle2.positions
188,11,4307940058112,4,64,54305792,300032,75008,0,1024,41984,300032,0,bundle2.velocities
188,12,4307940358144,32,64,54605824,2400256,75008,0,2048,14336,2400256,0,bundle2.aligned32
188,13,4307942758400,64,64,57006080,4800512,75008,0,2048,55296,4800512,0,bundle2.aligned64
188,14,4307947558912,256,256,61806592,19202048,75008,0,2048,6144,,,bundle2.aligned256
189,0,4904886206464,4,64,0,262144,65536,0,0,0,262144,0,bundle0.positions
189,1,4904886468608,4,64,262144,262144,65536,0,0,0,262144,0,bundle0.velocities
189,2,4904886730752,32,64,524288,2097152,65536,0,0,0,2097152,0,bundle0.aligned32
189,3,4904888827904,64,64,2621440,4194304,65536,0,0,0,4194304,0,bundle0.aligned64
189,4,4904893022208,256,256,6815744,16777216,65536,0,0,0,16777216,0,bundle0.aligned256
189,5,4904909799424,4,64,23592960,262144,65536,0,0,0,262144,0,bundle1.positions
189,6,4904910061568,4,64,23855104,262144,65536,0,0,0,262144,0,bundle1.velocities
189,7,4904910323712,32,64,24117248,2097152,65536,0,0,0,2097152,0,bundle1.aligned32
189,8,4904912420864,64,64,26214400,4194304,65536,0,0,0,4194304,0,bundle1.aligned64
189,9,4904916615168,256,256,30408704,16777216,65536,0,0,0,16777216,0,bundle1.aligned256
189,10,4904933392384,4,64,47185920,262144,65536,0,0,0,262144,0,bundle2.positions
189,11,4904933654528,4,64,47448064,262144,65536,0,0,0,262144,0,bundle2.velocities
189,12,4904933916672,32,64,47710208,2097152,65536,0,0,0,2097152,0,bundle2.aligned32
189,13,4904936013824,64,64,49807360,4194304,65536,0,0,0,4194304,0,bundle2.aligned64
189,14,4904940208128,256,256,54001664,16777216,65536,0,0,0,,,bundle2.aligned256
190,0,4045591478272,8,64,0,524288,65536,0,0,0,524352,64,positions0.xs
190,1,4045592002624,8,64,524352,524288,65536,0,64,64,524352,64,positions0.ys
190,2,4045592526976,8,64,1048704,524288,65536,0,128,128,524352,64,positions0.zs
190,3,4045593051328,8,64,1573056,524288,65536,0,192,192,524352,64,velocities0.xs
190,4,4045593575680,8,64,2097408,524288,65536,0,256,256,524352,64,velocities0.ys
190,5,4045594100032,8,64,2621760,524288,65536,0,320,320,524352,64,velocities0.zs
190,6,4045594624384,8,64,3146112,524288,65536,0,384,384,524352,64,positions1.xs
190,7,4045595148736,8,64,3670464,524288,65536,0,448,448,524352,64,positions1.ys
190,8,4045595673088,8,64,4194816,524288,65536,0,512,512,524352,64,positions1.zs
190,9,4045596197440,8,64,4719168,524288,65536,0,576,576,524352,64,velocities1.xs
190,10,4045596721792,8,64,5243520,524288,65536,0,640,640,524352,64,velocities1.ys
190,11,4045597246144,8,64,5767872,524288,65536,0,704,704,524352,64,velocities1.zs
190,12,4045597770496,8,64,6292224,524288,65536,0,768,768,524352,64,positions2.xs
190,13,4045598294848,8,64,6816576,524288,65536,0,832,832,524352,64,positions2.ys
190,14,4045598819200,8,64,7340928,524288,65536,0,896,896,524352,64,positions2.zs
190,15,4045599343552,8,64,7865280,524288,65536,0,960,960,524352,64,velocities2.xs
190,16,4045599867904,8,64,8389632,524288,65536,0,1024,1024,524352,64,velocities2.ys
190,17,4045600392256,8,64,8913984,524288,65536,0,1088,1088,524352,64,velocities2.zs
190,18,4045600916608,8,64,9438336,524288,65536,0,1152,1152,524352,64,positions3.xs
190,19,4045601440960,8,64,9962688,524288,65536,0,1216,1216,524352,64,positions3.ys
190,20,4045601965312,8,64,10487040,524288,65536,0,1280,1280,524352,64,positions3.zs
190,21,4045602489664,8,64,11011392,524288,65536,0,1344,1344,524352,64,velocities3.xs
190,22,4045603014016,8,64,11535744,524288,65536,0,1408,1408,524352,64,velocities3.ys
190,23,4045603538368,8,64,12060096,524288,65536,0,1472,1472,,,velocities3.zs
191,0,6355210141696,8,64,0,600064,75008,0,0,0,600064,0,entity_handles
191,1,6355210741760,4,64,600064,300032,75008,0,2048,10240,300032,0,integral_biases
191,2,6355211041792,4,64,900096,300032,75008,0,3072,48128,300032,0,float_biases
191,3,6355211341824,1,64,1200128,75008,75008,0,0,20480,75008,0,tasks
191,4,6355211416832,4,64,1275136,300032,75008,0,1280,29952,300032,0,locations.xs
191,5,6355211716864,4,64,1575168,300032,75008,0,2304,2304,300032,0,locations.ys
191,6,6355212016896,4,64,1875200,300032,75008,0,3328,40192,300032,0,locations.zs
191,7,6355212316928,4,64,2175232,300032,75008,0,256,12544,300032,0,desired_move_locations.xs
191,8,6355212616960,4,64,2475264,300032,75008,0,1280,50432,300032,0,desired_move_locations.ys
191,9,6355212916992,4,64,2775296,300032,75008,0,2304,22784,300032,0,desired_move_locations.zs
191,10,6355213217024,4,64,3075328,300032,75008,0,3328,60672,300032,0,aim_directions.xs
191,11,6355213517056,4,64,3375360,300032,75008,0,256,33024,300032,0,aim_directions.ys
191,12,6355213817088,4,64,3675392,300032,75008,0,1280,5376,300032,0,aim_directions.zs
191,13,6355214117120,4,64,3975424,300032,75008,0,2304,43264,300032,0,desired_aiming_directions.xs
191,14,6355214417152,4,64,4275456,300032,75008,0,3328,15616,300032,0,desired_aiming_directions.ys
191,15,6355214717184,4,64,4575488,300032,75008,0,256,53504,300032,0,desired_aiming_directions.zs
191,16,6355215017216,4,64,4875520,300032,75008,0,1280,25856,300032,0,movement_directions.xs
191,17,6355215317248,4,64,5175552,300032,75008,0,2304,63744,300032,0,movement_directions.ys
191,18,6355215617280,4,64,5475584,300032,75008,0,3328,36096,300032,0,movement_directions.zs
191,19,6355215917312,4,64,5775616,300032,75008,0,256,8448,300032,0,velocities.xs
191,20,6355216217344,4,64,6075648,300032,75008,0,1280,46336,300032,0,velocities.ys
191,21,6355216517376,4,64,6375680,300032,75008,0,2304,18688,300032,0,velocities.zs
191,22,6355216817408,4,64,6675712,300032,75008,0,3328,56576,300032,0,move_distances
191,23,6355217117440,4,64,6975744,300032,75008,0,256,28928,300032,0,speeds
191,24,6355217417472,1,64,7275776,75008,75008,0,1280,1280,75008,0,teams
191,25,6355217492480,4,64,7350784,300032,75008,0,2560,10752,300032,0,healths
191,26,6355217792512,8,64,7650816,600064,75008,0,3584,48640,600064,0,parent_handles
191,27,6355218392576,1,64,8250880,75008,75008,0,1536,58880,75008,0,awareness_scan_countdowns.counters
191,28,6355218467584,2,64,8325888,150016,75008,0,2816,2816,150016,0,navigation_update_countdowns.remaining_ticks
191,29,6355218617600,2,64,8475904,150016,75008,0,1280,21760,150016,0,navigation_update_countdowns.periods
191,30,6355218767616,4,64,8625920,300032,75008,0,3840,40704,300032,0,separation_steering.xs
191,31,6355219067648,4,64,8925952,300032,75008,0,768,13056,300032,0,separation_steering.ys
191,32,6355219367680,4,64,9225984,300032,75008,0,1792,50944,300032,0,separation_steering.zs
191,33,6355219667712,1,64,9526016,75008,75008,0,2816,23296,75008,0,navigation_risk_tiers
191,34,6355219742720,1,64,9601024,75008,75008,0,0,32768,75008,0,navigation_lower_risk_scan_counts
191,35,6355219817728,1,64,9676032,75008,75008,0,1280,42240,75008,0,avoidance_choice_indices
191,36,6355219892736,1,64,9751040,75008,75008,0,2560,51712,75008,0,avoidance_clear_scan_counts
191,37,6355219967744,2,64,9826048,150016,75008,0,3840,61184,150016,0,attack_reposition_countdowns.counters
191,38,6355220117760,2,64,9976064,150016,75008,0,2304,14592,150016,0,attack_cooldowns.counters
191,39,6355220267776,8,64,10126080,600064,75008,0,768,33536,600064,0,target_handles
191,40,6355220867840,4,64,10726144,300032,75008,0,2816,43776,300032,0,target_locations.xs
191,41,6355221167872,4,64,11026176,300032,75008,0,3840,16128,300032,0,target_locations.ys
191,42,6355221467904,4,64,11326208,300032,75008,0,768,54016,300032,0,target_locations.zs
191,43,6355221767936,4,64,11626240,300032,75008,0,1792,26368,300032,0,target_velocities.xs
191,44,6355222067968,4,64,11926272,300032,75008,0,2816,64256,300032,0,target_velocities.ys
191,45,6355222368000,4,64,12226304,300032,75008,0,3840,36608,300032,0,target_velocities.zs
191,46,6355222668032,4,64,12526336,300032,75008,0,768,8960,300032,0,target_directions.xs
191,47,6355222968064,4,64,12826368,300032,75008,0,1792,46848,300032,0,target_directions.ys
191,48,6355223268096,4,64,13126400,300032,75008,0,2816,19200,300032,0,target_directions.zs
191,49,6355223568128,4,64,13426432,300032,75008,0,3840,57088,300032,0,intercept_times
191,50,6355223868160,4,64,13726464,300032,75008,0,768,29440,300032,0,target_distance_sq
191,51,6355224168192,4,64,14026496,300032,75008,0,1792,1792,300032,0,target_distances
191,52,6355224468224,4,64,14326528,300032,75008,0,2816,39680,,,target_radii
192,0,2708547305472,4,64,0,262144,65536,0,0,0,262144,0,bundle0.positions
192,1,2708547567616,4,64,262144,262144,65536,0,0,0,262144,0,bundle0.velocities
192,2,2708547829760,32,64,524288,2097152,65536,0,0,0,2097152,0,bundle0.aligned32
192,3,2708549926912,64,64,2621440,4194304,65536,0,0,0,4194304,0,bundle0.aligned64
192,4,2708554121216,256,256,6815744,16777216,65536,0,0,0,16777216,0,bundle0.aligned256
192,5,2708570898432,4,64,23592960,262144,65536,0,0,0,262144,0,bundle1.positions
192,6,2708571160576,4,64,23855104,262144,65536,0,0,0,262144,0,bundle1.velocities
192,7,2708571422720,32,64,24117248,2097152,65536,0,0,0,2097152,0,bundle1.aligned32
192,8,2708573519872,64,64,26214400,4194304,65536,0,0,0,4194304,0,bundle1.aligned64
192,9,2708577714176,256,256,30408704,16777216,65536,0,0,0,16777216,0,bundle1.aligned256
192,10,2708594491392,4,64,47185920,262144,65536,0,0,0,262144,0,bundle2.positions
192,11,2708594753536,4,64,47448064,262144,65536,0,0,0,262144,0,bundle2.velocities
192,12,2708595015680,32,64,47710208,2097152,65536,0,0,0,2097152,0,bundle2.aligned32
192,13,2708597112832,64,64,49807360,4194304,65536,0,0,0,4194304,0,bundle2.aligned64
192,14,2708601307136,256,256,54001664,16777216,65536,0,0,0,,,bundle2.aligned256
193,0,3615289442304,8,64,0,524800,65600,0,0,0,524992,192,entity_handles
193,1,3615289967296,4,64,524992,262400,65600,0,704,704,262592,192,integral_biases
193,2,3615290229888,4,64,787584,262400,65600,0,1152,1152,262592,192,float_biases
193,3,3615290492480,1,64,1050176,65600,65600,0,1600,1600,65792,192,tasks
193,4,3615290558272,4,64,1115968,262400,65600,0,1856,1856,262592,192,locations.xs
193,5,3615290820864,4,64,1378560,262400,65600,0,2304,2304,262592,192,locations.ys
193,6,3615291083456,4,64,1641152,262400,65600,0,2752,2752,262592,192,locations.zs
193,7,3615291346048,4,64,1903744,262400,65600,0,3200,3200,262592,192,desired_move_locations.xs
193,8,3615291608640,4,64,2166336,262400,65600,0,3648,3648,262592,192,desired_move_locations.ys
193,9,3615291871232,4,64,2428928,262400,65600,0,0,4096,262592,192,desired_move_locations.zs
193,10,3615292133824,4,64,2691520,262400,65600,0,448,4544,262592,192,aim_directions.xs
193,11,3615292396416,4,64,2954112,262400,65600,0,896,4992,262592,192,aim_directions.ys
193,12,3615292659008,4,64,3216704,262400,65600,0,1344,5440,262592,192,aim_directions.zs
193,13,3615292921600,4,64,3479296,262400,65600,0,1792,5888,262592,192,desired_aiming_directions.xs
193,14,3615293184192,4,64,3741888,262400,65600,0,2240,6336,262592,192,desired_aiming_directions.ys
193,15,3615293446784,4,64,4004480,262400,65600,0,2688,6784,262592,192,desired_aiming_directions.zs
193,16,3615293709376,4,64,4267072,262400,65600,0,3136,7232,262592,192,movement_directions.xs
193,17,3615293971968,4,64,4529664,262400,65600,0,3584,7680,262592,192,movement_directions.ys
193,18,3615294234560,4,64,4792256,262400,65600,0,4032,8128,262592,192,movement_directions.zs
193,19,3615294497152,4,64,5054848,262400,65600,0,384,8576,262592,192,velocities.xs
193,20,3615294759744,4,64,5317440,262400,65600,0,832,9024,262592,192,velocities.ys
193,21,3615295022336,4,64,5580032,262400,65600,0,1280,9472,262592,192,velocities.zs
193,22,3615295284928,4,64,5842624,262400,65600,0,1728,9920,262592,192,move_distances
193,23,3615295547520,4,64,6105216,262400,65600,0,2176,10368,262592,192,speeds
193,24,3615295810112,1,64,6367808,65600,65600,0,2624,10816,65792,192,teams
193,25,3615295875904,4,64,6433600,262400,65600,0,2880,11072,262592,192,healths
193,26,3615296138496,8,64,6696192,524800,65600,0,3328,11520,524992,192,parent_handles
193,27,3615296663488,1,64,7221184,65600,65600,0,4032,12224,65792,192,awareness_scan_countdowns.counters
193,28,3615296729280,2,64,7286976,131200,65600,0,192,12480,131392,192,navigation_update_countdowns.remaining_ticks
193,29,3615296860672,2,64,7418368,131200,65600,0,512,12800,131392,192,navigation_update_countdowns.periods
193,30,3615296992064,4,64,7549760,262400,65600,0,832,13120,262592,192,separation_steering.xs
193,31,3615297254656,4,64,7812352,262400,65600,0,1280,13568,262592,192,separation_steering.ys
193,32,3615297517248,4,64,8074944,262400,65600,0,1728,14016,262592,192,separation_steering.zs
193,33,3615297779840,1,64,8337536,65600,65600,0,2176,14464,65792,192,navigation_risk_tiers
193,34,3615297845632,1,64,8403328,65600,65600,0,2432,14720,65792,192,navigation_lower_risk_scan_counts
193,35,3615297911424,1,64,8469120,65600,65600,0,2688,14976,65792,192,avoidance_choice_indices
193,36,3615297977216,1,64,8534912,65600,65600,0,2944,15232,65792,192,avoidance_clear_scan_counts
193,37,3615298043008,2,64,8600704,131200,65600,0,3200,15488,131392,192,attack_reposition_countdowns.counters
193,38,3615298174400,2,64,8732096,131200,65600,0,3520,15808,131392,192,attack_cooldowns.counters
193,39,3615298305792,8,64,8863488,524800,65600,0,3840,16128,524992,192,target_handles
193,40,3615298830784,4,64,9388480,262400,65600,0,448,16832,262592,192,target_locations.xs
193,41,3615299093376,4,64,9651072,262400,65600,0,896,17280,262592,192,target_locations.ys
193,42,3615299355968,4,64,9913664,262400,65600,0,1344,17728,262592,192,target_locations.zs
193,43,3615299618560,4,64,10176256,262400,65600,0,1792,18176,262592,192,target_velocities.xs
193,44,3615299881152,4,64,10438848,262400,65600,0,2240,18624,262592,192,target_velocities.ys
193,45,3615300143744,4,64,10701440,262400,65600,0,2688,19072,262592,192,target_velocities.zs
193,46,3615300406336,4,64,10964032,262400,65600,0,3136,19520,262592,192,target_directions.xs
193,47,3615300668928,4,64,11226624,262400,65600,0,3584,19968,262592,192,target_directions.ys
193,48,3615300931520,4,64,11489216,262400,65600,0,4032,20416,262592,192,target_directions.zs
193,49,3615301194112,4,64,11751808,262400,65600,0,384,20864,262592,192,intercept_times
193,50,3615301456704,4,64,12014400,262400,65600,0,832,21312,262592,192,target_distance_sq
193,51,3615301719296,4,64,12276992,262400,65600,0,1280,21760,262592,192,target_distances
193,52,3615301981888,4,64,12539584,262400,65600,0,1728,22208,,,target_radii
194,0,2323309592576,8,64,0,1048576,131072,0,0,0,1048768,192,entity_handles
194,1,2323310641344,4,64,1048768,524288,131072,0,192,192,524480,192,integral_biases
194,2,2323311165824,4,64,1573248,524288,131072,0,384,384,524480,192,float_biases
194,3,2323311690304,1,64,2097728,131072,131072,0,576,576,131264,192,tasks
194,4,2323311821568,4,64,2228992,524288,131072,0,768,768,524480,192,locations.xs
194,5,2323312346048,4,64,2753472,524288,131072,0,960,960,524480,192,locations.ys
194,6,2323312870528,4,64,3277952,524288,131072,0,1152,1152,524480,192,locations.zs
194,7,2323313395008,4,64,3802432,524288,131072,0,1344,1344,524480,192,desired_move_locations.xs
194,8,2323313919488,4,64,4326912,524288,131072,0,1536,1536,524480,192,desired_move_locations.ys
194,9,2323314443968,4,64,4851392,524288,131072,0,1728,1728,524480,192,desired_move_locations.zs
194,10,2323314968448,4,64,5375872,524288,131072,0,1920,1920,524480,192,aim_directions.xs
194,11,2323315492928,4,64,5900352,524288,131072,0,2112,2112,524480,192,aim_directions.ys
194,12,2323316017408,4,64,6424832,524288,131072,0,2304,2304,524480,192,aim_directions.zs
194,13,2323316541888,4,64,6949312,524288,131072,0,2496,2496,524480,192,desired_aiming_directions.xs
194,14,2323317066368,4,64,7473792,524288,131072,0,2688,2688,524480,192,desired_aiming_directions.ys
194,15,2323317590848,4,64,7998272,524288,131072,0,2880,2880,524480,192,desired_aiming_directions.zs
194,16,2323318115328,4,64,8522752,524288,131072,0,3072,3072,524480,192,movement_directions.xs
194,17,2323318639808,4,64,9047232,524288,131072,0,3264,3264,524480,192,movement_directions.ys
194,18,2323319164288,4,64,9571712,524288,131072,0,3456,3456,524480,192,movement_directions.zs
194,19,2323319688768,4,64,10096192,524288,131072,0,3648,3648,524480,192,velocities.xs
194,20,2323320213248,4,64,10620672,524288,131072,0,3840,3840,524480,192,velocities.ys
194,21,2323320737728,4,64,11145152,524288,131072,0,4032,4032,524480,192,velocities.zs
194,22,2323321262208,4,64,11669632,524288,131072,0,128,4224,524480,192,move_distances
194,23,2323321786688,4,64,12194112,524288,131072,0,320,4416,524480,192,speeds
194,24,2323322311168,1,64,12718592,131072,131072,0,512,4608,131264,192,teams
194,25,2323322442432,4,64,12849856,524288,131072,0,704,4800,524480,192,healths
194,26,2323322966912,8,64,13374336,1048576,131072,0,896,4992,1048768,192,parent_handles
194,27,2323324015680,1,64,14423104,131072,131072,0,1088,5184,131264,192,awareness_scan_countdowns.counters
194,28,2323324146944,2,64,14554368,262144,131072,0,1280,5376,262336,192,navigation_update_countdowns.remaining_ticks
194,29,2323324409280,2,64,14816704,262144,131072,0,1472,5568,262336,192,navigation_update_countdowns.periods
194,30,2323324671616,4,64,15079040,524288,131072,0,1664,5760,524480,192,separation_steering.xs
194,31,2323325196096,4,64,15603520,524288,131072,0,1856,5952,524480,192,separation_steering.ys
194,32,2323325720576,4,64,16128000,524288,131072,0,2048,6144,524480,192,separation_steering.zs
194,33,2323326245056,1,64,16652480,131072,131072,0,2240,6336,131264,192,navigation_risk_tiers
194,34,2323326376320,1,64,16783744,131072,131072,0,2432,6528,131264,192,navigation_lower_risk_scan_counts
194,35,2323326507584,1,64,16915008,131072,131072,0,2624,6720,131264,192,avoidance_choice_indices
194,36,2323326638848,1,64,17046272,131072,131072,0,2816,6912,131264,192,avoidance_clear_scan_counts
194,37,2323326770112,2,64,17177536,262144,131072,0,3008,7104,262336,192,attack_reposition_countdowns.counters
194,38,2323327032448,2,64,17439872,262144,131072,0,3200,7296,262336,192,attack_cooldowns.counters
194,39,2323327294784,8,64,17702208,1048576,131072,0,3392,7488,1048768,192,target_handles
194,40,2323328343552,4,64,18750976,524288,131072,0,3584,7680,524480,192,target_locations.xs
194,41,2323328868032,4,64,19275456,524288,131072,0,3776,7872,524480,192,target_locations.ys
194,42,2323329392512,4,64,19799936,524288,131072,0,3968,8064,524480,192,target_locations.zs
194,43,2323329916992,4,64,20324416,524288,131072,0,64,8256,524480,192,target_velocities.xs
194,44,2323330441472,4,64,20848896,524288,131072,0,256,8448,524480,192,target_velocities.ys
194,45,2323330965952,4,64,21373376,524288,131072,0,448,8640,524480,192,target_velocities.zs
194,46,2323331490432,4,64,21897856,524288,131072,0,640,8832,524480,192,target_directions.xs
194,47,2323332014912,4,64,22422336,524288,131072,0,832,9024,524480,192,target_directions.ys
194,48,2323332539392,4,64,22946816,524288,131072,0,1024,9216,524480,192,target_directions.zs
194,49,2323333063872,4,64,23471296,524288,131072,0,1216,9408,524480,192,intercept_times
194,50,2323333588352,4,64,23995776,524288,131072,0,1408,9600,524480,192,target_distance_sq
194,51,2323334112832,4,64,24520256,524288,131072,0,1600,9792,524480,192,target_distances
194,52,2323334637312,4,64,25044736,524288,131072,0,1792,9984,,,target_radii
195,0,3133179363328,1,64,0,75008,75008,0,0,0,75008,0,bundle0.flags
195,1,3133179438336,2,64,75008,150016,75008,0,1280,9472,150016,0,bundle0.counters
195,2,3133179588352,4,64,225024,300032,75008,0,3840,28416,300032,0,bundle0.counts
195,3,3133179888384,8,64,525056,600064,75008,0,768,768,600064,0,bundle0.totals
195,4,3133180488448,3,64,1125120,225024,75008,0,2816,11008,225024,0,bundle0.payloads
195,5,3133180713472,4,64,1350144,300032,75008,0,2560,39424,300032,0,bundle0.values
195,6,3133181013504,8,64,1650176,600064,75008,0,3584,11776,600064,0,bundle0.rates
195,7,3133181613568,1,64,2250240,75008,75008,0,1536,22016,75008,0,bundle1.flags
195,8,3133181688576,2,64,2325248,150016,75008,0,2816,31488,150016,0,bundle1.counters
195,9,3133181838592,4,64,2475264,300032,75008,0,1280,50432,300032,0,bundle1.counts
195,10,3133182138624,8,64,2775296,600064,75008,0,2304,22784,600064,0,bundle1.totals
195,11,3133182738688,3,64,3375360,225024,75008,0,256,33024,225024,0,bundle1.payloads
195,12,3133182963712,4,64,3600384,300032,75008,0,0,61440,300032,0,bundle1.values
195,13,3133183263744,8,64,3900416,600064,75008,0,1024,33792,600064,0,bundle1.rates
195,14,3133183863808,1,64,4500480,75008,75008,0,3072,44032,75008,0,bundle2.flags
195,15,3133183938816,2,64,4575488,150016,75008,0,256,53504,150016,0,bundle2.counters
195,16,3133184088832,4,64,4725504,300032,75008,0,2816,6912,300032,0,bundle2.counts
195,17,3133184388864,8,64,5025536,600064,75008,0,3840,44800,600064,0,bundle2.totals
195,18,3133184988928,3,64,5625600,225024,75008,0,1792,55040,225024,0,bundle2.payloads
195,19,3133185213952,4,64,5850624,300032,75008,0,1536,17920,300032,0,bundle2.values
195,20,3133185513984,8,64,6150656,600064,75008,0,2560,55808,600064,0,bundle2.rates
195,21,3133186114048,1,64,6750720,75008,75008,0,512,512,75008,0,bundle3.flags
195,22,3133186189056,2,64,6825728,150016,75008,0,1792,9984,150016,0,bundle3.counters
195,23,3133186339072,4,64,6975744,300032,75008,0,256,28928,300032,0,bundle3.counts
195,24,3133186639104,8,64,7275776,600064,75008,0,1280,1280,600064,0,bundle3.totals
195,25,3133187239168,3,64,7875840,225024,75008,0,3328,11520,225024,0,bundle3.payloads
195,26,3133187464192,4,64,8100864,300032,75008,0,3072,39936,300032,0,bundle3.values
195,27,3133187764224,8,64,8400896,600064,75008,0,0,12288,600064,0,bundle3.rates
195,28,3133188364288,1,64,9000960,75008,75008,0,2048,22528,75008,0,bundle4.flags
195,29,3133188439296,2,64,9075968,150016,75008,0,3328,32000,150016,0,bundle4.counters
195,30,3133188589312,4,64,9225984,300032,75008,0,1792,50944,300032,0,bundle4.counts
195,31,3133188889344,8,64,9526016,600064,75008,0,2816,23296,600064,0,bundle4.totals
195,32,3133189489408,3,64,10126080,225024,75008,0,768,33536,225024,0,bundle4.payloads
195,33,3133189714432,4,64,10351104,300032,75008,0,512,61952,300032,0,bundle4.values
195,34,3133190014464,8,64,10651136,600064,75008,0,1536,34304,600064,0,bundle4.rates
195,35,3133190614528,1,64,11251200,75008,75008,0,3584,44544,75008,0,bundle5.flags
195,36,3133190689536,2,64,11326208,150016,75008,0,768,54016,150016,0,bundle5.counters
195,37,3133190839552,4,64,11476224,300032,75008,0,3328,7424,300032,0,bundle5.counts
195,38,3133191139584,8,64,11776256,600064,75008,0,256,45312,600064,0,bundle5.totals
195,39,3133191739648,3,64,12376320,225024,75008,0,2304,55552,225024,0,bundle5.payloads
195,40,3133191964672,4,64,12601344,300032,75008,0,2048,18432,300032,0,bundle5.values
195,41,3133192264704,8,64,12901376,600064,75008,0,3072,56320,,,bundle5.rates
196,0,4961794523136,4,64,0,300032,75008,0,0,0,300224,192,bundle0.positions
196,1,4961794823360,4,64,300224,300032,75008,0,1216,38080,300224,192,bundle0.velocities
196,2,4961795123584,32,64,600448,2400256,75008,0,2432,10624,2400448,192,bundle0.aligned32
196,3,4961797524032,64,64,3000896,4800512,75008,0,2624,51776,4800704,192,bundle0.aligned64
196,4,4961802324736,256,256,7801600,19202048,75008,0,2816,2816,19202240,192,bundle0.aligned256
196,5,4961821526976,4,64,27003840,300032,75008,0,3008,3008,300224,192,bundle1.positions
196,6,4961821827200,4,64,27304064,300032,75008,0,128,41088,300224,192,bundle1.velocities
196,7,4961822127424,32,64,27604288,2400256,75008,0,1344,13632,2400448,192,bundle1.aligned32
196,8,4961824527872,64,64,30004736,4800512,75008,0,1536,54784,4800768,256,bundle1.aligned64
196,9,4961829328640,256,256,34805504,19202048,75008,0,1792,5888,19202240,192,bundle1.aligned256
196,10,4961848530880,4,64,54007744,300032,75008,0,1984,6080,300224,192,bundle2.positions
196,11,4961848831104,4,64,54307968,300032,75008,0,3200,44160,300224,192,bundle2.velocities
196,12,4961849131328,32,64,54608192,2400256,75008,0,320,16704,2400448,192,bundle2.aligned32
196,13,4961851531776,64,64,57008640,4800512,75008,0,512,57856,4800768,256,bundle2.aligned64
196,14,4961856332544,256,256,61809408,19202048,75008,0,768,8960,,,bundle2.aligned256
197,0,3317862957056,8,64,0,600064,75008,0,0,0,600256,192,positions0.xs
197,1,3317863557312,8,64,600256,600064,75008,0,2240,10432,600256,192,positions0.ys
197,2,3317864157568,8,64,1200512,600064,75008,0,384,20864,600256,192,positions0.zs
197,3,3317864757824,8,64,1800768,600064,75008,0,2624,31296,600256,192,velocities0.xs
197,4,3317865358080,8,64,2401024,600064,75008,0,768,41728,600256,192,velocities0.ys
197,5,3317865958336,8,64,3001280,600064,75008,0,3008,52160,600256,192,velocities0.zs
197,6,3317866558592,8,64,3601536,600064,75008,0,1152,62592,600256,192,positions1.xs
197,7,3317867158848,8,64,4201792,600064,75008,0,3392,7488,600256,192,positions1.ys
197,8,3317867759104,8,64,4802048,600064,75008,0,1536,17920,600256,192,positions1.zs
197,9,3317868359360,8,64,5402304,600064,75008,0,3776,28352,600256,192,velocities1.xs
197,10,3317868959616,8,64,6002560,600064,75008,0,1920,38784,600256,192,velocities1.ys
197,11,3317869559872,8,64,6602816,600064,75008,0,64,49216,600256,192,velocities1.zs
197,12,3317870160128,8,64,7203072,600064,75008,0,2304,59648,600256,192,positions2.xs
197,13,3317870760384,8,64,7803328,600064,75008,0,448,4544,600256,192,positions2.ys
197,14,3317871360640,8,64,8403584,600064,75008,0,2688,14976,600256,192,positions2.zs
197,15,3317871960896,8,64,9003840,600064,75008,0,832,25408,600256,192,velocities2.xs
197,16,3317872561152,8,64,9604096,600064,75008,0,3072,35840,600256,192,velocities2.ys
197,17,3317873161408,8,64,10204352,600064,75008,0,1216,46272,600256,192,velocities2.zs
197,18,3317873761664,8,64,10804608,600064,75008,0,3456,56704,600256,192,positions3.xs
197,19,3317874361920,8,64,11404864,600064,75008,0,1600,1600,600256,192,positions3.ys
197,20,3317874962176,8,64,12005120,600064,75008,0,3840,12032,600256,192,positions3.zs
197,21,3317875562432,8,64,12605376,600064,75008,0,1984,22464,600256,192,velocities3.xs
197,22,3317876162688,8,64,13205632,600064,75008,0,128,32896,600256,192,velocities3.ys
197,23,3317876762944,8,64,13805888,600064,75008,0,2368,43328,,,velocities3.zs
198,0,4785131159552,8,64,0,524288,65536,0,0,0,524288,0,positions0.xs
198,1,4785131683840,8,64,524288,524288,65536,0,0,0,524288,0,positions0.ys
198,2,4785132208128,8,64,1048576,524288,65536,0,0,0,524288,0,positions0.zs
198,3,4785132732416,8,64,1572864,524288,65536,0,0,0,524288,0,velocities0.xs
198,4,4785133256704,8,64,2097152,524288,65536,0,0,0,524288,0,velocities0.ys
198,5,4785133780992,8,64,2621440,524288,65536,0,0,0,524288,0,velocities0.zs
198,6,4785134305280,8,64,3145728,524288,65536,0,0,0,524288,0,positions1.xs
198,7,4785134829568,8,64,3670016,524288,65536,0,0,0,524288,0,positions1.ys
198,8,4785135353856,8,64,4194304,524288,65536,0,0,0,524288,0,positions1.zs
198,9,4785135878144,8,64,4718592,524288,65536,0,0,0,524288,0,velocities1.xs
198,10,4785136402432,8,64,5242880,524288,65536,0,0,0,524288,0,velocities1.ys
198,11,4785136926720,8,64,5767168,524288,65536,0,0,0,524288,0,velocities1.zs
198,12,4785137451008,8,64,6291456,524288,65536,0,0,0,524288,0,positions2.xs
198,13,4785137975296,8,64,6815744,524288,65536,0,0,0,524288,0,positions2.ys
198,14,4785138499584,8,64,7340032,524288,65536,0,0,0,524288,0,positions2.zs
198,15,4785139023872,8,64,7864320,524288,65536,0,0,0,524288,0,velocities2.xs
198,16,4785139548160,8,64,8388608,524288,65536,0,0,0,524288,0,velocities2.ys
198,17,4785140072448,8,64,8912896,524288,65536,0,0,0,524288,0,velocities2.zs
198,18,4785140596736,8,64,9437184,524288,65536,0,0,0,524288,0,positions3.xs
198,19,4785141121024,8,64,9961472,524288,65536,0,0,0,524288,0,positions3.ys
198,20,4785141645312,8,64,10485760,524288,65536,0,0,0,524288,0,positions3.zs
198,21,4785142169600,8,64,11010048,524288,65536,0,0,0,524288,0,velocities3.xs
198,22,4785142693888,8,64,11534336,524288,65536,0,0,0,524288,0,velocities3.ys
198,23,4785143218176,8,64,12058624,524288,65536,0,0,0,,,velocities3.zs
199,0,4921260769280,4,64,0,262144,65536,0,0,0,262208,64,bundle0.positions
199,1,4921261031488,4,64,262208,262144,65536,0,64,64,262208,64,bundle0.velocities
199,2,4921261293696,32,64,524416,2097152,65536,0,128,128,2097216,64,bundle0.aligned32
199,3,4921263390912,64,64,2621632,4194304,65536,0,192,192,4194368,64,bundle0.aligned64
199,4,4921267585280,256,256,6816000,16777216,65536,0,256,256,16777280,64,bundle0.aligned256
199,5,4921284362560,4,64,23593280,262144,65536,0,320,320,262208,64,bundle1.positions
199,6,4921284624768,4,64,23855488,262144,65536,0,384,384,262208,64,bundle1.velocities
199,7,4921284886976,32,64,24117696,2097152,65536,0,448,448,2097216,64,bundle1.aligned32
199,8,4921286984192,64,64,26214912,4194304,65536,0,512,512,4194560,256,bundle1.aligned64
199,9,4921291178752,256,256,30409472,16777216,65536,0,768,768,16777280,64,bundle1.aligned256
199,10,4921307956032,4,64,47186752,262144,65536,0,832,832,262208,64,bundle2.positions
199,11,4921308218240,4,64,47448960,262144,65536,0,896,896,262208,64,bundle2.velocities
199,12,4921308480448,32,64,47711168,2097152,65536,0,960,960,2097216,64,bundle2.aligned32
199,13,4921310577664,64,64,49808384,4194304,65536,0,1024,1024,4194560,256,bundle2.aligned64
199,14,4921314772224,256,256,54002944,16777216,65536,0,1280,1280,,,bundle2.aligned256
200,0,4665945817088,8,64,0,524288,65536,0,0,0,524352,64,entity_handles
200,1,4665946341440,4,64,524352,262144,65536,0,64,64,262208,64,integral_biases
200,2,4665946603648,4,64,786560,262144,65536,0,128,128,262208,64,float_biases
200,3,4665946865856,1,64,1048768,65536,65536,0,192,192,65600,64,tasks
200,4,4665946931456,4,64,1114368,262144,65536,0,256,256,262208,64,locations.xs
200,5,4665947193664,4,64,1376576,262144,65536,0,320,320,262208,64,locations.ys
200,6,4665947455872,4,64,1638784,262144,65536,0,384,384,262208,64,locations.zs
200,7,4665947718080,4,64,1900992,262144,65536,0,448,448,262208,64,desired_move_locations.xs
200,8,4665947980288,4,64,2163200,262144,65536,0,512,512,262208,64,desired_move_locations.ys
200,9,4665948242496,4,64,2425408,262144,65536,0,576,576,262208,64,desired_move_locations.zs
200,10,4665948504704,4,64,2687616,262144,65536,0,640,640,262208,64,aim_directions.xs
200,11,4665948766912,4,64,2949824,262144,65536,0,704,704,262208,64,aim_directions.ys
200,12,4665949029120,4,64,3212032,262144,65536,0,768,768,262208,64,aim_directions.zs
200,13,4665949291328,4,64,3474240,262144,65536,0,832,832,262208,64,desired_aiming_directions.xs
200,14,4665949553536,4,64,3736448,262144,65536,0,896,896,262208,64,desired_aiming_directions.ys
200,15,4665949815744,4,64,3998656,262144,65536,0,960,960,262208,64,desired_aiming_directions.zs
200,16,4665950077952,4,64,4260864,262144,65536,0,1024,1024,262208,64,movement_directions.xs
200,17,4665950340160,4,64,4523072,262144,65536,0,1088,1088,262208,64,movement_directions.ys
200,18,4665950602368,4,64,4785280,262144,65536,0,1152,1152,262208,64,movement_directions.zs
200,19,4665950864576,4,64,5047488,262144,65536,0,1216,1216,262208,64,velocities.xs
200,20,4665951126784,4,64,5309696,262144,65536,0,1280,1280,262208,64,velocities.ys
200,21,4665951388992,4,64,5571904,262144,65536,0,1344,1344,262208,64,velocities.zs
200,22,4665951651200,4,64,5834112,262144,65536,0,1408,1408,262208,64,move_distances
200,23,4665951913408,4,64,6096320,262144,65536,0,1472,1472,262208,64,speeds
200,24,4665952175616,1,64,6358528,65536,65536,0,1536,1536,65600,64,teams
200,25,4665952241216,4,64,6424128,262144,65536,0,1600,1600,262208,64,healths
200,26,4665952503424,8,64,6686336,524288,65536,0,1664,1664,524352,64,parent_handles
200,27,4665953027776,1,64,7210688,65536,65536,0,1728,1728,65600,64,awareness_scan_countdowns.counters
200,28,4665953093376,2,64,7276288,131072,65536,0,1792,1792,131136,64,navigation_update_countdowns.remaining_ticks
200,29,4665953224512,2,64,7407424,131072,65536,0,1856,1856,131136,64,navigation_update_countdowns.periods
200,30,4665953355648,4,64,7538560,262144,65536,0,1920,1920,262208,64,separation_steering.xs
200,31,4665953617856,4,64,7800768,262144,65536,0,1984,1984,262208,64,separation_steering.ys
200,32,4665953880064,4,64,8062976,262144,65536,0,2048,2048,262208,64,separation_steering.zs
200,33,4665954142272,1,64,8325184,65536,65536,0,2112,2112,65600,64,navigation_risk_tiers
200,34,4665954207872,1,64,8390784,65536,65536,0,2176,2176,65600,64,navigation_lower_risk_scan_counts
200,35,4665954273472,1,64,8456384,65536,65536,0,2240,2240,65600,64,avoidance_choice_indices
200,36,4665954339072,1,64,8521984,65536,65536,0,2304,2304,65600,64,avoidance_clear_scan_counts
200,37,4665954404672,2,64,8587584,131072,65536,0,2368,2368,131136,64,attack_reposition_countdowns.counters
200,38,4665954535808,2,64,8718720,131072,65536,0,2432,2432,131136,64,attack_cooldowns.counters
200,39,4665954666944,8,64,8849856,524288,65536,0,2496,2496,524352,64,target_handles
200,40,4665955191296,4,64,9374208,262144,65536,0,2560,2560,262208,64,target_locations.xs
200,41,4665955453504,4,64,9636416,262144,65536,0,2624,2624,262208,64,target_locations.ys
200,42,4665955715712,4,64,9898624,262144,65536,0,2688,2688,262208,64,target_locations.zs
200,43,4665955977920,4,64,10160832,262144,65536,0,2752,2752,262208,64,target_velocities.xs
200,44,4665956240128,4,64,10423040,262144,65536,0,2816,2816,262208,64,target_velocities.ys
200,45,4665956502336,4,64,10685248,262144,65536,0,2880,2880,262208,64,target_velocities.zs
200,46,4665956764544,4,64,10947456,262144,65536,0,2944,2944,262208,64,target_directions.xs
200,47,4665957026752,4,64,11209664,262144,65536,0,3008,3008,262208,64,target_directions.ys
200,48,4665957288960,4,64,11471872,262144,65536,0,3072,3072,262208,64,target_directions.zs
200,49,4665957551168,4,64,11734080,262144,65536,0,3136,3136,262208,64,intercept_times
200,50,4665957813376,4,64,11996288,262144,65536,0,3200,3200,262208,64,target_distance_sq
200,51,4665958075584,4,64,12258496,262144,65536,0,3264,3264,262208,64,target_distances
200,52,4665958337792,4,64,12520704,262144,65536,0,3328,3328,,,target_radii
201,0,2849475919872,4,64,0,300032,75008,0,0,0,300096,64,bundle0.positions
201,1,2849476219968,4,64,300096,300032,75008,0,1088,37952,300096,64,bundle0.velocities
201,2,2849476520064,32,64,600192,2400256,75008,0,2176,10368,2400320,64,bundle0.aligned32
201,3,2849478920384,64,64,3000512,4800512,75008,0,2240,51392,4800576,64,bundle0.aligned64
201,4,2849483720960,256,256,7801088,19202048,75008,0,2304,2304,19202112,64,bundle0.aligned256
201,5,2849502923072,4,64,27003200,300032,75008,0,2368,2368,300096,64,bundle1.positions
201,6,2849503223168,4,64,27303296,300032,75008,0,3456,40320,300096,64,bundle1.velocities
201,7,2849503523264,32,64,27603392,2400256,75008,0,448,12736,2400320,64,bundle1.aligned32
201,8,2849505923584,64,64,30003712,4800512,75008,0,512,53760,4800768,256,bundle1.aligned64
201,9,2849510724352,256,256,34804480,19202048,75008,0,768,4864,19202112,64,bundle1.aligned256
201,10,2849529926464,4,64,54006592,300032,75008,0,832,4928,300096,64,bundle2.positions
201,11,2849530226560,4,64,54306688,300032,75008,0,1920,42880,300096,64,bundle2.velocities
201,12,2849530526656,32,64,54606784,2400256,75008,0,3008,15296,2400320,64,bundle2.aligned32
201,13,2849532926976,64,64,57007104,4800512,75008,0,3072,56320,4800768,256,bundle2.aligned64
201,14,2849537727744,256,256,61807872,19202048,75008,0,3328,7424,,,bundle2.aligned256
202,0,2667443847168,8,64,0,600064,75008,0,0,0,600064,0,entity_handles
202,1,2667444447232,4,64,600064,300032,75008,0,2048,10240,300032,0,integral_biases
202,2,2667444747264,4,64,900096,300032,75008,0,3072,48128,300032,0,float_biases
202,3,2667445047296,1,64,1200128,75008,75008,0,0,20480,75008,0,tasks
202,4,2667445122304,4,64,1275136,300032,75008,0,1280,29952,300032,0,locations.xs
202,5,2667445422336,4,64,1575168,300032,75008,0,2304,2304,300032,0,locations.ys
202,6,2667445722368,4,64,1875200,300032,75008,0,3328,40192,300032,0,locations.zs
202,7,2667446022400,4,64,2175232,300032,75008,0,256,12544,300032,0,desired_move_locations.xs
202,8,2667446322432,4,64,2475264,300032,75008,0,1280,50432,300032,0,desired_move_locations.ys
202,9,2667446622464,4,64,2775296,300032,75008,0,2304,22784,300032,0,desired_move_locations.zs
202,10,2667446922496,4,64,3075328,300032,75008,0,3328,60672,300032,0,aim_directions.xs
202,11,2667447222528,4,64,3375360,300032,75008,0,256,33024,300032,0,aim_directions.ys
202,12,2667447522560,4,64,3675392,300032,75008,0,1280,5376,300032,0,aim_directions.zs
202,13,2667447822592,4,64,3975424,300032,75008,0,2304,43264,300032,0,desired_aiming_directions.xs
202,14,2667448122624,4,64,4275456,300032,75008,0,3328,15616,300032,0,desired_aiming_directions.ys
202,15,2667448422656,4,64,4575488,300032,75008,0,256,53504,300032,0,desired_aiming_directions.zs
202,16,2667448722688,4,64,4875520,300032,75008,0,1280,25856,300032,0,movement_directions.xs
202,17,2667449022720,4,64,5175552,300032,75008,0,2304,63744,300032,0,movement_directions.ys
202,18,2667449322752,4,64,5475584,300032,75008,0,3328,36096,300032,0,movement_directions.zs
202,19,2667449622784,4,64,5775616,300032,75008,0,256,8448,300032,0,velocities.xs
202,20,2667449922816,4,64,6075648,300032,75008,0,1280,46336,300032,0,velocities.ys
202,21,2667450222848,4,64,6375680,300032,75008,0,2304,18688,300032,0,velocities.zs
202,22,2667450522880,4,64,6675712,300032,75008,0,3328,56576,300032,0,move_distances
202,23,2667450822912,4,64,6975744,300032,75008,0,256,28928,300032,0,speeds
202,24,2667451122944,1,64,7275776,75008,75008,0,1280,1280,75008,0,teams
202,25,2667451197952,4,64,7350784,300032,75008,0,2560,10752,300032,0,healths
202,26,2667451497984,8,64,7650816,600064,75008,0,3584,48640,600064,0,parent_handles
202,27,2667452098048,1,64,8250880,75008,75008,0,1536,58880,75008,0,awareness_scan_countdowns.counters
202,28,2667452173056,2,64,8325888,150016,75008,0,2816,2816,150016,0,navigation_update_countdowns.remaining_ticks
202,29,2667452323072,2,64,8475904,150016,75008,0,1280,21760,150016,0,navigation_update_countdowns.periods
202,30,2667452473088,4,64,8625920,300032,75008,0,3840,40704,300032,0,separation_steering.xs
202,31,2667452773120,4,64,8925952,300032,75008,0,768,13056,300032,0,separation_steering.ys
202,32,2667453073152,4,64,9225984,300032,75008,0,1792,50944,300032,0,separation_steering.zs
202,33,2667453373184,1,64,9526016,75008,75008,0,2816,23296,75008,0,navigation_risk_tiers
202,34,2667453448192,1,64,9601024,75008,75008,0,0,32768,75008,0,navigation_lower_risk_scan_counts
202,35,2667453523200,1,64,9676032,75008,75008,0,1280,42240,75008,0,avoidance_choice_indices
202,36,2667453598208,1,64,9751040,75008,75008,0,2560,51712,75008,0,avoidance_clear_scan_counts
202,37,2667453673216,2,64,9826048,150016,75008,0,3840,61184,150016,0,attack_reposition_countdowns.counters
202,38,2667453823232,2,64,9976064,150016,75008,0,2304,14592,150016,0,attack_cooldowns.counters
202,39,2667453973248,8,64,10126080,600064,75008,0,768,33536,600064,0,target_handles
202,40,2667454573312,4,64,10726144,300032,75008,0,2816,43776,300032,0,target_locations.xs
202,41,2667454873344,4,64,11026176,300032,75008,0,3840,16128,300032,0,target_locations.ys
202,42,2667455173376,4,64,11326208,300032,75008,0,768,54016,300032,0,target_locations.zs
202,43,2667455473408,4,64,11626240,300032,75008,0,1792,26368,300032,0,target_velocities.xs
202,44,2667455773440,4,64,11926272,300032,75008,0,2816,64256,300032,0,target_velocities.ys
202,45,2667456073472,4,64,12226304,300032,75008,0,3840,36608,300032,0,target_velocities.zs
202,46,2667456373504,4,64,12526336,300032,75008,0,768,8960,300032,0,target_directions.xs
202,47,2667456673536,4,64,12826368,300032,75008,0,1792,46848,300032,0,target_directions.ys
202,48,2667456973568,4,64,13126400,300032,75008,0,2816,19200,300032,0,target_directions.zs
202,49,2667457273600,4,64,13426432,300032,75008,0,3840,57088,300032,0,intercept_times
202,50,2667457573632,4,64,13726464,300032,75008,0,768,29440,300032,0,target_distance_sq
202,51,2667457873664,4,64,14026496,300032,75008,0,1792,1792,300032,0,target_distances
202,52,2667458173696,4,64,14326528,300032,75008,0,2816,39680,,,target_radii
203,0,6160090398720,4,64,0,300032,75008,0,0,0,300032,0,bundle0.positions
203,1,6160090698752,4,64,300032,300032,75008,0,1024,37888,300032,0,bundle0.velocities
203,2,6160090998784,32,64,600064,2400256,75008,0,2048,10240,2400256,0,bundle0.aligned32
203,3,6160093399040,64,64,3000320,4800512,75008,0,2048,51200,4800512,0,bundle0.aligned64
203,4,6160098199552,256,256,7800832,19202048,75008,0,2048,2048,19202048,0,bundle0.aligned256
203,5,6160117401600,4,64,27002880,300032,75008,0,2048,2048,300032,0,bundle1.positions
203,6,6160117701632,4,64,27302912,300032,75008,0,3072,39936,300032,0,bundle1.velocities
203,7,6160118001664,32,64,27602944,2400256,75008,0,0,12288,2400256,0,bundle1.aligned32
203,8,6160120401920,64,64,30003200,4800512,75008,0,0,53248,4800512,0,bundle1.aligned64
203,9,6160125202432,256,256,34803712,19202048,75008,0,0,4096,19202048,0,bundle1.aligned256
203,10,6160144404480,4,64,54005760,300032,75008,0,0,4096,300032,0,bundle2.positions
203,11,6160144704512,4,64,54305792,300032,75008,0,1024,41984,300032,0,bundle2.velocities
203,12,6160145004544,32,64,54605824,2400256,75008,0,2048,14336,2400256,0,bundle2.aligned32
203,13,6160147404800,64,64,57006080,4800512,75008,0,2048,55296,4800512,0,bundle2.aligned64
203,14,6160152205312,256,256,61806592,19202048,75008,0,2048,6144,,,bundle2.aligned256
204,0,6426345537536,8,64,0,524800,65600,0,0,0,524800,0,entity_handles
204,1,6426346062336,4,64,524800,262400,65600,0,512,512,262400,0,integral_biases
204,2,6426346324736,4,64,787200,262400,65600,0,768,768,262400,0,float_biases
204,3,6426346587136,1,64,1049600,65600,65600,0,1024,1024,65600,0,tasks
204,4,6426346652736,4,64,1115200,262400,65600,0,1088,1088,262400,0,locations.xs
204,5,6426346915136,4,64,1377600,262400,65600,0,1344,1344,262400,0,locations.ys
204,6,6426347177536,4,64,1640000,262400,65600,0,1600,1600,262400,0,locations.zs
204,7,6426347439936,4,64,1902400,262400,65600,0,1856,1856,262400,0,desired_move_locations.xs
204,8,6426347702336,4,64,2164800,262400,65600,0,2112,2112,262400,0,desired_move_locations.ys
204,9,6426347964736,4,64,2427200,262400,65600,0,2368,2368,262400,0,desired_move_locations.zs
204,10,6426348227136,4,64,2689600,262400,65600,0,2624,2624,262400,0,aim_directions.xs
204,11,6426348489536,4,64,2952000,262400,65600,0,2880,2880,262400,0,aim_directions.ys
204,12,6426348751936,4,64,3214400,262400,65600,0,3136,3136,262400,0,aim_directions.zs
204,13,6426349014336,4,64,3476800,262400,65600,0,3392,3392,262400,0,desired_aiming_directions.xs
204,14,6426349276736,4,64,3739200,262400,65600,0,3648,3648,262400,0,desired_aiming_directions.ys
204,15,6426349539136,4,64,4001600,262400,65600,0,3904,3904,262400,0,desired_aiming_directions.zs
204,16,6426349801536,4,64,4264000,262400,65600,0,64,4160,262400,0,movement_directions.xs
204,17,6426350063936,4,64,4526400,262400,65600,0,320,4416,262400,0,movement_directions.ys
204,18,6426350326336,4,64,4788800,262400,65600,0,576,4672,262400,0,movement_directions.zs
204,19,6426350588736,4,64,5051200,262400,65600,0,832,4928,262400,0,velocities.xs
204,20,6426350851136,4,64,5313600,262400,65600,0,1088,5184,262400,0,velocities.ys
204,21,6426351113536,4,64,5576000,262400,65600,0,1344,5440,262400,0,velocities.zs
204,22,6426351375936,4,64,5838400,262400,65600,0,1600,5696,262400,0,move_distances
204,23,6426351638336,4,64,6100800,262400,65600,0,1856,5952,262400,0,speeds
204,24,6426351900736,1,64,6363200,65600,65600,0,2112,6208,65600,0,teams
204,25,6426351966336,4,64,6428800,262400,65600,0,2176,6272,262400,0,healths
204,26,6426352228736,8,64,6691200,524800,65600,0,2432,6528,524800,0,parent_handles
204,27,6426352753536,1,64,7216000,65600,65600,0,2944,7040,65600,0,awareness_scan_countdowns.counters
204,28,6426352819136,2,64,7281600,131200,65600,0,3008,7104,131200,0,navigation_update_countdowns.remaining_ticks
204,29,6426352950336,2,64,7412800,131200,65600,0,3136,7232,131200,0,navigation_update_countdowns.periods
204,30,6426353081536,4,64,7544000,262400,65600,0,3264,7360,262400,0,separation_steering.xs
204,31,6426353343936,4,64,7806400,262400,65600,0,3520,7616,262400,0,separation_steering.ys
204,32,6426353606336,4,64,8068800,262400,65600,0,3776,7872,262400,0,separation_steering.zs
204,33,6426353868736,1,64,8331200,65600,65600,0,4032,8128,65600,0,navigation_risk_tiers
204,34,6426353934336,1,64,8396800,65600,65600,0,0,8192,65600,0,navigation_lower_risk_scan_counts
204,35,6426353999936,1,64,8462400,65600,65600,0,64,8256,65600,0,avoidance_choice_indices
204,36,6426354065536,1,64,8528000,65600,65600,0,128,8320,65600,0,avoidance_clear_scan_counts
204,37,6426354131136,2,64,8593600,131200,65600,0,192,8384,131200,0,attack_reposition_countdowns.counters
204,38,6426354262336,2,64,8724800,131200,65600,0,320,8512,131200,0,attack_cooldowns.counters
204,39,6426354393536,8,64,8856000,524800,65600,0,448,8640,524800,0,target_handles
204,40,6426354918336,4,64,9380800,262400,65600,0,960,9152,262400,0,target_locations.xs
204,41,6426355180736,4,64,9643200,262400,65600,0,1216,9408,262400,0,target_locations.ys
204,42,6426355443136,4,64,9905600,262400,65600,0,1472,9664,262400,0,target_locations.zs
204,43,6426355705536,4,64,10168000,262400,65600,0,1728,9920,262400,0,target_velocities.xs
204,44,6426355967936,4,64,10430400,262400,65600,0,1984,10176,262400,0,target_velocities.ys
204,45,6426356230336,4,64,10692800,262400,65600,0,2240,10432,262400,0,target_velocities.zs
204,46,6426356492736,4,64,10955200,262400,65600,0,2496,10688,262400,0,target_directions.xs
204,47,6426356755136,4,64,11217600,262400,65600,0,2752,10944,262400,0,target_directions.ys
204,48,6426357017536,4,64,11480000,262400,65600,0,3008,11200,262400,0,target_directions.zs
204,49,6426357279936,4,64,11742400,262400,65600,0,3264,11456,262400,0,intercept_times
204,50,6426357542336,4,64,12004800,262400,65600,0,3520,11712,262400,0,target_distance_sq
204,51,6426357804736,4,64,12267200,262400,65600,0,3776,11968,262400,0,target_distances
204,52,6426358067136,4,64,12529600,262400,65600,0,4032,12224,,,target_radii
205,0,3936069812224,8,64,0,1048576,131072,0,0,0,1048768,192,positions0.xs
205,1,3936070860992,8,64,1048768,1048576,131072,0,192,192,1048768,192,positions0.ys
205,2,3936071909760,8,64,2097536,1048576,131072,0,384,384,1048768,192,positions0.zs
205,3,3936072958528,8,64,3146304,1048576,131072,0,576,576,1048768,192,velocities0.xs
205,4,3936074007296,8,64,4195072,1048576,131072,0,768,768,1048768,192,velocities0.ys
205,5,3936075056064,8,64,5243840,1048576,131072,0,960,960,1048768,192,velocities0.zs
205,6,3936076104832,8,64,6292608,1048576,131072,0,1152,1152,1048768,192,positions1.xs
205,7,3936077153600,8,64,7341376,1048576,131072,0,1344,1344,1048768,192,positions1.ys
205,8,3936078202368,8,64,8390144,1048576,131072,0,1536,1536,1048768,192,positions1.zs
205,9,3936079251136,8,64,9438912,1048576,131072,0,1728,1728,1048768,192,velocities1.xs
205,10,3936080299904,8,64,10487680,1048576,131072,0,1920,1920,1048768,192,velocities1.ys
205,11,3936081348672,8,64,11536448,1048576,131072,0,2112,2112,1048768,192,velocities1.zs
205,12,3936082397440,8,64,12585216,1048576,131072,0,2304,2304,1048768,192,positions2.xs
205,13,3936083446208,8,64,13633984,1048576,131072,0,2496,2496,1048768,192,positions2.ys
205,14,3936084494976,8,64,14682752,1048576,131072,0,2688,2688,1048768,192,positions2.zs
205,15,3936085543744,8,64,15731520,1048576,131072,0,2880,2880,1048768,192,velocities2.xs
205,16,3936086592512,8,64,16780288,1048576,131072,0,3072,3072,1048768,192,velocities2.ys
205,17,3936087641280,8,64,17829056,1048576,131072,0,3264,3264,1048768,192,velocities2.zs
205,18,3936088690048,8,64,18877824,1048576,131072,0,3456,3456,1048768,192,positions3.xs
205,19,3936089738816,8,64,19926592,1048576,131072,0,3648,3648,1048768,192,positions3.ys
205,20,3936090787584,8,64,20975360,1048576,131072,0,3840,3840,1048768,192,positions3.zs
205,21,3936091836352,8,64,22024128,1048576,131072,0,4032,4032,1048768,192,velocities3.xs
205,22,3936092885120,8,64,23072896,1048576,131072,0,128,4224,1048768,192,velocities3.ys
205,23,3936093933888,8,64,24121664,1048576,131072,0,320,4416,,,velocities3.zs
206,0,4096627048448,4,64,0,300032,75008,0,0,0,300032,0,bundle0.positions
206,1,4096627348480,4,64,300032,300032,75008,0,1024,37888,300032,0,bundle0.velocities
206,2,4096627648512,32,64,600064,2400256,75008,0,2048,10240,2400256,0,bundle0.aligned32
206,3,4096630048768,64,64,3000320,4800512,75008,0,2048,51200,4800512,0,bundle0.aligned64
206,4,4096634849280,256,256,7800832,19202048,75008,0,2048,2048,19202048,0,bundle0.aligned256
206,5,4096654051328,4,64,27002880,300032,75008,0,2048,2048,300032,0,bundle1.positions
206,6,4096654351360,4,64,27302912,300032,75008,0,3072,39936,300032,0,bundle1.velocities
206,7,4096654651392,32,64,27602944,2400256,75008,0,0,12288,2400256,0,bundle1.aligned32
206,8,4096657051648,64,64,30003200,4800512,75008,0,0,53248,4800512,0,bundle1.aligned64
206,9,4096661852160,256,256,34803712,19202048,75008,0,0,4096,19202048,0,bundle1.aligned256
206,10,4096681054208,4,64,54005760,300032,75008,0,0,4096,300032,0,bundle2.positions
206,11,4096681354240,4,64,54305792,300032,75008,0,1024,41984,300032,0,bundle2.velocities
206,12,4096681654272,32,64,54605824,2400256,75008,0,2048,14336,2400256,0,bundle2.aligned32
206,13,4096684054528,64,64,57006080,4800512,75008,0,2048,55296,4800512,0,bundle2.aligned64
206,14,4096688855040,256,256,61806592,19202048,75008,0,2048,6144,,,bundle2.aligned256
207,0,3586566848512,1,64,0,75008,75008,0,0,0,75200,192,bundle0.flags
207,1,3586566923712,2,64,75200,150016,75008,0,1472,9664,150208,192,bundle0.counters
207,2,3586567073920,4,64,225408,300032,75008,0,128,28800,300224,192,bundle0.counts
207,3,3586567374144,8,64,525632,600064,75008,0,1344,1344,600256,192,bundle0.totals
207,4,3586567974400,3,64,1125888,225024,75008,0,3584,11776,225216,192,bundle0.payloads
207,5,3586568199616,4,64,1351104,300032,75008,0,3520,40384,300224,192,bundle0.values
207,6,3586568499840,8,64,1651328,600064,75008,0,640,12928,600256,192,bundle0.rates
207,7,3586569100096,1,64,2251584,75008,75008,0,2880,23360,75200,192,bundle1.flags
207,8,3586569175296,2,64,2326784,150016,75008,0,256,33024,150208,192,bundle1.counters
207,9,3586569325504,4,64,2476992,300032,75008,0,3008,52160,300224,192,bundle1.counts
207,10,3586569625728,8,64,2777216,600064,75008,0,128,24704,600256,192,bundle1.totals
207,11,3586570225984,3,64,3377472,225024,75008,0,2368,35136,225216,192,bundle1.payloads
207,12,3586570451200,4,64,3602688,300032,75008,0,2304,63744,300224,192,bundle1.values
207,13,3586570751424,8,64,3902912,600064,75008,0,3520,36288,600256,192,bundle1.rates
207,14,3586571351680,1,64,4503168,75008,75008,0,1664,46720,75200,192,bundle2.flags
207,15,3586571426880,2,64,4578368,150016,75008,0,3136,56384,150208,192,bundle2.counters
207,16,3586571577088,4,64,4728576,300032,75008,0,1792,9984,300224,192,bundle2.counts
207,17,3586571877312,8,64,5028800,600064,75008,0,3008,48064,600256,192,bundle2.totals
207,18,3586572477568,3,64,5629056,225024,75008,0,1152,58496,225216,192,bundle2.payloads
207,19,3586572702784,4,64,5854272,300032,75008,0,1088,21568,300224,192,bundle2.values
207,20,3586573003008,8,64,6154496,600064,75008,0,2304,59648,600256,192,bundle2.rates
207,21,3586573603264,1,64,6754752,75008,75008,0,448,4544,75200,192,bundle3.flags
207,22,3586573678464,2,64,6829952,150016,75008,0,1920,14208,150208,192,bundle3.counters
207,23,3586573828672,4,64,6980160,300032,75008,0,576,33344,300224,192,bundle3.counts
207,24,3586574128896,8,64,7280384,600064,75008,0,1792,5888,600256,192,bundle3.totals
207,25,3586574729152,3,64,7880640,225024,75008,0,4032,16320,225216,192,bundle3.payloads
207,26,3586574954368,4,64,8105856,300032,75008,0,3968,44928,300224,192,bundle3.values
207,27,3586575254592,8,64,8406080,600064,75008,0,1088,17472,600256,192,bundle3.rates
207,28,3586575854848,1,64,9006336,75008,75008,0,3328,27904,75200,192,bundle4.flags
207,29,3586575930048,2,64,9081536,150016,75008,0,704,37568,150208,192,bundle4.counters
207,30,3586576080256,4,64,9231744,300032,75008,0,3456,56704,300224,192,bundle4.counts
207,31,3586576380480,8,64,9531968,600064,75008,0,576,29248,600256,192,bundle4.totals
207,32,3586576980736,3,64,10132224,225024,75008,0,2816,39680,225216,192,bundle4.payloads
207,33,3586577205952,4,64,10357440,300032,75008,0,2752,2752,300224,192,bundle4.values
207,34,3586577506176,8,64,10657664,600064,75008,0,3968,40832,600256,192,bundle4.rates
207,35,3586578106432,1,64,11257920,75008,75008,0,2112,51264,75200,192,bundle5.flags
207,36,3586578181632,2,64,11333120,150016,75008,0,3584,60928,150208,192,bundle5.counters
207,37,3586578331840,4,64,11483328,300032,75008,0,2240,14528,300224,192,bundle5.counts
207,38,3586578632064,8,64,11783552,600064,75008,0,3456,52608,600256,192,bundle5.totals
207,39,3586579232320,3,64,12383808,225024,75008,0,1600,63040,225216,192,bundle5.payloads
207,40,3586579457536,4,64,12609024,300032,75008,0,1536,26112,300224,192,bundle5.values
207,41,3586579757760,8,64,12909248,600064,75008,0,2752,64192,,,bundle5.rates
208,0,6098317410304,1,64,0,65536,65536,0,0,0,65600,64,bundle0.flags
208,1,6098317475904,2,64,65600,131072,65536,0,64,64,131136,64,bundle0.counters
208,2,6098317607040,4,64,196736,262144,65536,0,128,128,262208,64,bundle0.counts
208,3,6098317869248,8,64,458944,524288,65536,0,192,192,524352,64,bundle0.totals
208,4,6098318393600,3,64,983296,196608,65536,0,256,256,196672,64,bundle0.payloads
208,5,6098318590272,4,64,1179968,262144,65536,0,320,320,262208,64,bundle0.values
208,6,6098318852480,8,64,1442176,524288,65536,0,384,384,524352,64,bundle0.rates
208,7,6098319376832,1,64,1966528,65536,65536,0,448,448,65600,64,bundle1.flags
208,8,6098319442432,2,64,2032128,131072,65536,0,512,512,131136,64,bundle1.counters
208,9,6098319573568,4,64,2163264,262144,65536,0,576,576,262208,64,bundle1.counts
208,10,6098319835776,8,64,2425472,524288,65536,0,640,640,524352,64,bundle1.totals
208,11,6098320360128,3,64,2949824,196608,65536,0,704,704,196672,64,bundle1.payloads
208,12,6098320556800,4,64,3146496,262144,65536,0,768,768,262208,64,bundle1.values
208,13,6098320819008,8,64,3408704,524288,65536,0,832,832,524352,64,bundle1.rates
208,14,6098321343360,1,64,3933056,65536,65536,0,896,896,65600,64,bundle2.flags
208,15,6098321408960,2,64,3998656,131072,65536,0,960,960,131136,64,bundle2.counters
208,16,6098321540096,4,64,4129792,262144,65536,0,1024,1024,262208,64,bundle2.counts
208,17,6098321802304,8,64,4392000,524288,65536,0,1088,1088,524352,64,bundle2.totals
208,18,6098322326656,3,64,4916352,196608,65536,0,1152,1152,196672,64,bundle2.payloads
208,19,6098322523328,4,64,5113024,262144,65536,0,1216,1216,262208,64,bundle2.values
208,20,6098322785536,8,64,5375232,524288,65536,0,1280,1280,524352,64,bundle2.rates
208,21,6098323309888,1,64,5899584,65536,65536,0,1344,1344,65600,64,bundle3.flags
208,22,6098323375488,2,64,5965184,131072,65536,0,1408,1408,131136,64,bundle3.counters
208,23,6098323506624,4,64,6096320,262144,65536,0,1472,1472,262208,64,bundle3.counts
208,24,6098323768832,8,64,6358528,524288,65536,0,1536,1536,524352,64,bundle3.totals
208,25,6098324293184,3,64,6882880,196608,65536,0,1600,1600,196672,64,bundle3.payloads
208,26,6098324489856,4,64,7079552,262144,65536,0,1664,1664,262208,64,bundle3.values
208,27,6098324752064,8,64,7341760,524288,65536,0,1728,1728,524352,64,bundle3.rates
208,28,6098325276416,1,64,7866112,65536,65536,0,1792,1792,65600,64,bundle4.flags
208,29,6098325342016,2,64,7931712,131072,65536,0,1856,1856,131136,64,bundle4.counters
208,30,6098325473152,4,64,8062848,262144,65536,0,1920,1920,262208,64,bundle4.counts
208,31,6098325735360,8,64,8325056,524288,65536,0,1984,1984,524352,64,bundle4.totals
208,32,6098326259712,3,64,8849408,196608,65536,0,2048,2048,196672,64,bundle4.payloads
208,33,6098326456384,4,64,9046080,262144,65536,0,2112,2112,262208,64,bundle4.values
208,34,6098326718592,8,64,9308288,524288,65536,0,2176,2176,524352,64,bundle4.rates
208,35,6098327242944,1,64,9832640,65536,65536,0,2240,2240,65600,64,bundle5.flags
208,36,6098327308544,2,64,9898240,131072,65536,0,2304,2304,131136,64,bundle5.counters
208,37,6098327439680,4,64,10029376,262144,65536,0,2368,2368,262208,64,bundle5.counts
208,38,6098327701888,8,64,10291584,524288,65536,0,2432,2432,524352,64,bundle5.totals
208,39,6098328226240,3,64,10815936,196608,65536,0,2496,2496,196672,64,bundle5.payloads
208,40,6098328422912,4,64,11012608,262144,65536,0,2560,2560,262208,64,bundle5.values
208,41,6098328685120,8,64,11274816,524288,65536,0,2624,2624,,,bundle5.rates
209,0,4835865460736,8,64,0,1048576,131072,0,0,0,1048576,0,entity_handles
209,1,4835866509312,4,64,1048576,524288,131072,0,0,0,524288,0,integral_biases
209,2,4835867033600,4,64,1572864,524288,131072,0,0,0,524288,0,float_biases
209,3,4835867557888,1,64,2097152,131072,131072,0,0,0,131072,0,tasks
209,4,4835867688960,4,64,2228224,524288,131072,0,0,0,524288,0,locations.xs
209,5,4835868213248,4,64,2752512,524288,131072,0,0,0,524288,0,locations.ys
209,6,4835868737536,4,64,3276800,524288,131072,0,0,0,524288,0,locations.zs
209,7,4835869261824,4,64,3801088,524288,131072,0,0,0,524288,0,desired_move_locations.xs
209,8,4835869786112,4,64,4325376,524288,131072,0,0,0,524288,0,desired_move_locations.ys
209,9,4835870310400,4,64,4849664,524288,131072,0,0,0,524288,0,desired_move_locations.zs
209,10,4835870834688,4,64,5373952,524288,131072,0,0,0,524288,0,aim_directions.xs
209,11,4835871358976,4,64,5898240,524288,131072,0,0,0,524288,0,aim_directions.ys
209,12,4835871883264,4,64,6422528,524288,131072,0,0,0,524288,0,aim_directions.zs
209,13,4835872407552,4,64,6946816,524288,131072,0,0,0,524288,0,desired_aiming_directions.xs
209,14,4835872931840,4,64,7471104,524288,131072,0,0,0,524288,0,desired_aiming_directions.ys
209,15,4835873456128,4,64,7995392,524288,131072,0,0,0,524288,0,desired_aiming_directions.zs
209,16,4835873980416,4,64,8519680,524288,131072,0,0,0,524288,0,movement_directions.xs
209,17,4835874504704,4,64,9043968,524288,131072,0,0,0,524288,0,movement_directions.ys
209,18,4835875028992,4,64,9568256,524288,131072,0,0,0,524288,0,movement_directions.zs
209,19,4835875553280,4,64,10092544,524288,131072,0,0,0,524288,0,velocities.xs
209,20,4835876077568,4,64,10616832,524288,131072,0,0,0,524288,0,velocities.ys
209,21,4835876601856,4,64,11141120,524288,131072,0,0,0,524288,0,velocities.zs
209,22,4835877126144,4,64,11665408,524288,131072,0,0,0,524288,0,move_distances
209,23,4835877650432,4,64,12189696,524288,131072,0,0,0,524288,0,speeds
209,24,4835878174720,1,64,12713984,131072,131072,0,0,0,131072,0,teams
209,25,4835878305792,4,64,12845056,524288,131072,0,0,0,524288,0,healths
209,26,4835878830080,8,64,13369344,1048576,131072,0,0,0,1048576,0,parent_handles
209,27,4835879878656,1,64,14417920,131072,131072,0,0,0,131072,0,awareness_scan_countdowns.counters
209,28,4835880009728,2,64,14548992,262144,131072,0,0,0,262144,0,navigation_update_countdowns.remaining_ticks
209,29,4835880271872,2,64,14811136,262144,131072,0,0,0,262144,0,navigation_update_countdowns.periods
209,30,4835880534016,4,64,15073280,524288,131072,0,0,0,524288,0,separation_steering.xs
209,31,4835881058304,4,64,15597568,524288,131072,0,0,0,524288,0,separation_steering.ys
209,32,4835881582592,4,64,16121856,524288,131072,0,0,0,524288,0,separation_steering.zs
209,33,4835882106880,1,64,16646144,131072,131072,0,0,0,131072,0,navigation_risk_tiers
209,34,4835882237952,1,64,16777216,131072,131072,0,0,0,131072,0,navigation_lower_risk_scan_counts
209,35,4835882369024,1,64,16908288,131072,131072,0,0,0,131072,0,avoidance_choice_indices
209,36,4835882500096,1,64,17039360,131072,131072,0,0,0,131072,0,avoidance_clear_scan_counts
209,37,4835882631168,2,64,17170432,262144,131072,0,0,0,262144,0,attack_reposition_countdowns.counters
209,38,4835882893312,2,64,17432576,262144,131072,0,0,0,262144,0,attack_cooldowns.counters
209,39,4835883155456,8,64,17694720,1048576,131072,0,0,0,1048576,0,target_handles
209,40,4835884204032,4,64,18743296,524288,131072,0,0,0,524288,0,target_locations.xs
209,41,4835884728320,4,64,19267584,524288,131072,0,0,0,524288,0,target_locations.ys
209,42,4835885252608,4,64,19791872,524288,131072,0,0,0,524288,0,target_locations.zs
209,43,4835885776896,4,64,20316160,524288,131072,0,0,0,524288,0,target_velocities.xs
209,44,4835886301184,4,64,20840448,524288,131072,0,0,0,524288,0,target_velocities.ys
209,45,4835886825472,4,64,21364736,524288,131072,0,0,0,524288,0,target_velocities.zs
209,46,4835887349760,4,64,21889024,524288,131072,0,0,0,524288,0,target_directions.xs
209,47,4835887874048,4,64,22413312,524288,131072,0,0,0,524288,0,target_directions.ys
209,48,4835888398336,4,64,22937600,524288,131072,0,0,0,524288,0,target_directions.zs
209,49,4835888922624,4,64,23461888,524288,131072,0,0,0,524288,0,intercept_times
209,50,4835889446912,4,64,23986176,524288,131072,0,0,0,524288,0,target_distance_sq
209,51,4835889971200,4,64,24510464,524288,131072,0,0,0,524288,0,target_distances
209,52,4835890495488,4,64,25034752,524288,131072,0,0,0,,,target_radii
210,0,2704487940096,8,64,0,800256,100032,0,0,0,800256,0,entity_handles
210,1,2704488740352,4,64,800256,400128,100032,0,1536,13824,400128,0,integral_biases
210,2,2704489140480,4,64,1200384,400128,100032,0,256,20736,400128,0,float_biases
210,3,2704489540608,1,64,1600512,100032,100032,0,3072,27648,100032,0,tasks
210,4,2704489640640,4,64,1700544,400128,100032,0,704,62144,400128,0,locations.xs
210,5,2704490040768,4,64,2100672,400128,100032,0,3520,3520,400128,0,locations.ys
210,6,2704490440896,4,64,2500800,400128,100032,0,2240,10432,400128,0,locations.zs
210,7,2704490841024,4,64,2900928,400128,100032,0,960,17344,400128,0,desired_move_locations.xs
210,8,2704491241152,4,64,3301056,400128,100032,0,3776,24256,400128,0,desired_move_locations.ys
210,9,2704491641280,4,64,3701184,400128,100032,0,2496,31168,400128,0,desired_move_locations.zs
210,10,2704492041408,4,64,4101312,400128,100032,0,1216,38080,400128,0,aim_directions.xs
210,11,2704492441536,4,64,4501440,400128,100032,0,4032,44992,400128,0,aim_directions.ys
210,12,2704492841664,4,64,4901568,400128,100032,0,2752,51904,400128,0,aim_directions.zs
210,13,2704493241792,4,64,5301696,400128,100032,0,1472,58816,400128,0,desired_aiming_directions.xs
210,14,2704493641920,4,64,5701824,400128,100032,0,192,192,400128,0,desired_aiming_directions.ys
210,15,2704494042048,4,64,6101952,400128,100032,0,3008,7104,400128,0,desired_aiming_directions.zs
210,16,2704494442176,4,64,6502080,400128,100032,0,1728,14016,400128,0,movement_directions.xs
210,17,2704494842304,4,64,6902208,400128,100032,0,448,20928,400128,0,movement_directions.ys
210,18,2704495242432,4,64,7302336,400128,100032,0,3264,27840,400128,0,movement_directions.zs
210,19,2704495642560,4,64,7702464,400128,100032,0,1984,34752,400128,0,velocities.xs
210,20,2704496042688,4,64,8102592,400128,100032,0,704,41664,400128,0,velocities.ys
210,21,2704496442816,4,64,8502720,400128,100032,0,3520,48576,400128,0,velocities.zs
210,22,2704496842944,4,64,8902848,400128,100032,0,2240,55488,400128,0,move_distances
210,23,2704497243072,4,64,9302976,400128,100032,0,960,62400,400128,0,speeds
210,24,2704497643200,1,64,9703104,100032,100032,0,3776,3776,100032,0,teams
210,25,2704497743232,4,64,9803136,400128,100032,0,1408,38272,400128,0,healths
210,26,2704498143360,8,64,10203264,800256,100032,0,128,45184,800256,0,parent_handles
210,27,2704498943616,1,64,11003520,100032,100032,0,1664,59008,100032,0,awareness_scan_countdowns.counters
210,28,2704499043648,2,64,11103552,200064,100032,0,3392,27968,200064,0,navigation_update_countdowns.remaining_ticks
210,29,2704499243712,2,64,11303616,200064,100032,0,2752,31424,200064,0,navigation_update_countdowns.periods
210,30,2704499443776,4,64,11503680,400128,100032,0,2112,34880,400128,0,separation_steering.xs
210,31,2704499843904,4,64,11903808,400128,100032,0,832,41792,400128,0,separation_steering.ys
210,32,2704500244032,4,64,12303936,400128,100032,0,3648,48704,400128,0,separation_steering.zs
210,33,2704500644160,1,64,12704064,100032,100032,0,2368,55616,100032,0,navigation_risk_tiers
210,34,2704500744192,1,64,12804096,100032,100032,0,0,24576,100032,0,navigation_lower_risk_scan_counts
210,35,2704500844224,1,64,12904128,100032,100032,0,1728,59072,100032,0,avoidance_choice_indices
210,36,2704500944256,1,64,13004160,100032,100032,0,3456,28032,100032,0,avoidance_clear_scan_counts
210,37,2704501044288,2,64,13104192,200064,100032,0,1088,62528,200064,0,attack_reposition_countdowns.counters
210,38,2704501244352,2,64,13304256,200064,100032,0,448,448,200064,0,attack_cooldowns.counters
210,39,2704501444416,8,64,13504320,800256,100032,0,3904,3904,800256,0,target_handles
210,40,2704502244672,4,64,14304576,400128,100032,0,1344,17728,400128,0,target_locations.xs
210,41,2704502644800,4,64,14704704,400128,100032,0,64,24640,400128,0,target_locations.ys
210,42,2704503044928,4,64,15104832,400128,100032,0,2880,31552,400128,0,target_locations.zs
210,43,2704503445056,4,64,15504960,400128,100032,0,1600,38464,400128,0,target_velocities.xs
210,44,2704503845184,4,64,15905088,400128,100032,0,320,45376,400128,0,target_velocities.ys
210,45,2704504245312,4,64,16305216,400128,100032,0,3136,52288,400128,0,target_velocities.zs
210,46,2704504645440,4,64,16705344,400128,100032,0,1856,59200,400128,0,target_directions.xs
210,47,2704505045568,4,64,17105472,400128,100032,0,576,576,400128,0,target_directions.ys
210,48,2704505445696,4,64,17505600,400128,100032,0,3392,7488,400128,0,target_directions.zs
210,49,2704505845824,4,64,17905728,400128,100032,0,2112,14400,400128,0,intercept_times
210,50,2704506245952,4,64,18305856,400128,100032,0,832,21312,400128,0,target_distance_sq
210,51,2704506646080,4,64,18705984,400128,100032,0,3648,28224,400128,0,target_distances
210,52,2704507046208,4,64,19106112,400128,100032,0,2368,35136,,,target_radii
211,0,5545340370944,8,64,0,524288,65536,0,0,0,524352,64,positions0.xs
211,1,5545340895296,8,64,524352,524288,65536,0,64,64,524352,64,positions0.ys
211,2,5545341419648,8,64,1048704,524288,65536,0,128,128,524352,64,positions0.zs
211,3,5545341944000,8,64,1573056,524288,65536,0,192,192,524352,64,velocities0.xs
211,4,5545342468352,8,64,2097408,524288,65536,0,256,256,524352,64,velocities0.ys
211,5,5545342992704,8,64,2621760,524288,65536,0,320,320,524352,64,velocities0.zs
211,6,5545343517056,8,64,3146112,524288,65536,0,384,384,524352,64,positions1.xs
211,7,5545344041408,8,64,3670464,524288,65536,0,448,448,524352,64,positions1.ys
211,8,5545344565760,8,64,4194816,524288,65536,0,512,512,524352,64,positions1.zs
211,9,5545345090112,8,64,4719168,524288,65536,0,576,576,524352,64,velocities1.xs
211,10,5545345614464,8,64,5243520,524288,65536,0,640,640,524352,64,velocities1.ys
211,11,5545346138816,8,64,5767872,524288,65536,0,704,704,524352,64,velocities1.zs
211,12,5545346663168,8,64,6292224,524288,65536,0,768,768,524352,64,positions2.xs
211,13,5545347187520,8,64,6816576,524288,65536,0,832,832,524352,64,positions2.ys
211,14,5545347711872,8,64,7340928,524288,65536,0,896,896,524352,64,positions2.zs
211,15,5545348236224,8,64,7865280,524288,65536,0,960,960,524352,64,velocities2.xs
211,16,5545348760576,8,64,8389632,524288,65536,0,1024,1024,524352,64,velocities2.ys
211,17,5545349284928,8,64,8913984,524288,65536,0,1088,1088,524352,64,velocities2.zs
211,18,5545349809280,8,64,9438336,524288,65536,0,1152,1152,524352,64,positions3.xs
211,19,5545350333632,8,64,9962688,524288,65536,0,1216,1216,524352,64,positions3.ys
211,20,5545350857984,8,64,10487040,524288,65536,0,1280,1280,524352,64,positions3.zs
211,21,5545351382336,8,64,11011392,524288,65536,0,1344,1344,524352,64,velocities3.xs
211,22,5545351906688,8,64,11535744,524288,65536,0,1408,1408,524352,64,velocities3.ys
211,23,5545352431040,8,64,12060096,524288,65536,0,1472,1472,,,velocities3.zs
212,0,4738423390208,1,64,0,131072,131072,0,0,0,131264,192,bundle0.flags
212,1,4738423521472,2,64,131264,262144,131072,0,192,192,262336,192,bundle0.counters
212,2,4738423783808,4,64,393600,524288,131072,0,384,384,524480,192,bundle0.counts
212,3,4738424308288,8,64,918080,1048576,131072,0,576,576,1048768,192,bundle0.totals
212,4,4738425357056,3,64,1966848,393216,131072,0,768,768,393408,192,bundle0.payloads
212,5,4738425750464,4,64,2360256,524288,131072,0,960,960,524480,192,bundle0.values
212,6,4738426274944,8,64,2884736,1048576,131072,0,1152,1152,1048768,192,bundle0.rates
212,7,4738427323712,1,64,3933504,131072,131072,0,1344,1344,131264,192,bundle1.flags
212,8,4738427454976,2,64,4064768,262144,131072,0,1536,1536,262336,192,bundle1.counters
212,9,4738427717312,4,64,4327104,524288,131072,0,1728,1728,524480,192,bundle1.counts
212,10,4738428241792,8,64,4851584,1048576,131072,0,1920,1920,1048768,192,bundle1.totals
212,11,4738429290560,3,64,5900352,393216,131072,0,2112,2112,393408,192,bundle1.payloads
212,12,4738429683968,4,64,6293760,524288,131072,0,2304,2304,524480,192,bundle1.values
212,13,4738430208448,8,64,6818240,1048576,131072,0,2496,2496,1048768,192,bundle1.rates
212,14,4738431257216,1,64,7867008,131072,131072,0,2688,2688,131264,192,bundle2.flags
212,15,4738431388480,2,64,7998272,262144,131072,0,2880,2880,262336,192,bundle2.counters
212,16,4738431650816,4,64,8260608,524288,131072,0,3072,3072,524480,192,bundle2.counts
212,17,4738432175296,8,64,8785088,1048576,131072,0,3264,3264,1048768,192,bundle2.totals
212,18,4738433224064,3,64,9833856,393216,131072,0,3456,3456,393408,192,bundle2.payloads
212,19,4738433617472,4,64,10227264,524288,131072,0,3648,3648,524480,192,bundle2.values
212,20,4738434141952,8,64,10751744,1048576,131072,0,3840,3840,1048768,192,bundle2.rates
212,21,4738435190720,1,64,11800512,131072,131072,0,4032,4032,131264,192,bundle3.flags
212,22,4738435321984,2,64,11931776,262144,131072,0,128,4224,262336,192,bundle3.counters
212,23,4738435584320,4,64,12194112,524288,131072,0,320,4416,524480,192,bundle3.counts
212,24,4738436108800,8,64,12718592,1048576,131072,0,512,4608,1048768,192,bundle3.totals
212,25,4738437157568,3,64,13767360,393216,131072,0,704,4800,393408,192,bundle3.payloads
212,26,4738437550976,4,64,14160768,524288,131072,0,896,4992,524480,192,bundle3.values
212,27,4738438075456,8,64,14685248,1048576,131072,0,1088,5184,1048768,192,bundle3.rates
212,28,4738439124224,1,64,15734016,131072,131072,0,1280,5376,131264,192,bundle4.flags
212,29,4738439255488,2,64,15865280,262144,131072,0,1472,5568,262336,192,bundle4.counters
212,30,4738439517824,4,64,16127616,524288,131072,0,1664,5760,524480,192,bundle4.counts
212,31,4738440042304,8,64,16652096,1048576,131072,0,1856,5952,1048768,192,bundle4.totals
212,32,4738441091072,3,64,17700864,393216,131072,0,2048,6144,393408,192,bundle4.payloads
212,33,4738441484480,4,64,18094272,524288,131072,0,2240,6336,524480,192,bundle4.values
212,34,4738442008960,8,64,18618752,1048576,131072,0,2432,6528,1048768,192,bundle4.rates
212,35,4738443057728,1,64,19667520,131072,131072,0,2624,6720,131264,192,bundle5.flags
212,36,4738443188992,2,64,19798784,262144,131072,0,2816,6912,262336,192,bundle5.counters
212,37,4738443451328,4,64,20061120,524288,131072,0,3008,7104,524480,192,bundle5.counts
212,38,4738443975808,8,64,20585600,1048576,131072,0,3200,7296,1048768,192,bundle5.totals
212,39,4738445024576,3,64,21634368,393216,131072,0,3392,7488,393408,192,bundle5.payloads
212,40,4738445417984,4,64,22027776,524288,131072,0,3584,7680,524480,192,bundle5.values
212,41,4738445942464,8,64,22552256,1048576,131072,0,3776,7872,,,bundle5.rates
213,0,6391717363712,8,64,0,600064,75008,0,0,0,600128,64,positions0.xs
213,1,6391717963840,8,64,600128,600064,75008,0,2112,10304,600128,64,positions0.ys
213,2,6391718563968,8,64,1200256,600064,75008,0,128,20608,600128,64,positions0.zs
213,3,6391719164096,8,64,1800384,600064,75008,0,2240,30912,600128,64,velocities0.xs
213,4,6391719764224,8,64,2400512,600064,75008,0,256,41216,600128,64,velocities0.ys
213,5,6391720364352,8,64,3000640,600064,75008,0,2368,51520,600128,64,velocities0.zs
213,6,6391720964480,8,64,3600768,600064,75008,0,384,61824,600128,64,positions1.xs
213,7,6391721564608,8,64,4200896,600064,75008,0,2496,6592,600128,64,positions1.ys
213,8,6391722164736,8,64,4801024,600064,75008,0,512,16896,600128,64,positions1.zs
213,9,6391722764864,8,64,5401152,600064,75008,0,2624,27200,600128,64,velocities1.xs
213,10,6391723364992,8,64,6001280,600064,75008,0,640,37504,600128,64,velocities1.ys
213,11,6391723965120,8,64,6601408,600064,75008,0,2752,47808,600128,64,velocities1.zs
213,12,6391724565248,8,64,7201536,600064,75008,0,768,58112,600128,64,positions2.xs
213,13,6391725165376,8,64,7801664,600064,75008,0,2880,2880,600128,64,positions2.ys
213,14,6391725765504,8,64,8401792,600064,75008,0,896,13184,600128,64,positions2.zs
213,15,6391726365632,8,64,9001920,600064,75008,0,3008,23488,600128,64,velocities2.xs
213,16,6391726965760,8,64,9602048,600064,75008,0,1024,33792,600128,64,velocities2.ys
213,17,6391727565888,8,64,10202176,600064,75008,0,3136,44096,600128,64,velocities2.zs
213,18,6391728166016,8,64,10802304,600064,75008,0,1152,54400,600128,64,positions3.xs
213,19,6391728766144,8,64,11402432,600064,75008,0,3264,64704,600128,64,positions3.ys
213,20,6391729366272,8,64,12002560,600064,75008,0,1280,9472,600128,64,positions3.zs
213,21,6391729966400,8,64,12602688,600064,75008,0,3392,19776,600128,64,velocities3.xs
213,22,6391730566528,8,64,13202816,600064,75008,0,1408,30080,600128,64,velocities3.ys
213,23,6391731166656,8,64,13802944,600064,75008,0,3520,40384,,,velocities3.zs
214,0,4517232574464,8,64,0,800256,100032,0,0,0,800448,192,entity_handles
214,1,4517233374912,4,64,800448,400128,100032,0,1728,14016,400320,192,integral_biases
214,2,4517233775232,4,64,1200768,400128,100032,0,640,21120,400320,192,float_biases
214,3,4517234175552,1,64,1601088,100032,100032,0,3648,28224,100224,192,tasks
214,4,4517234275776,4,64,1701312,400128,100032,0,1472,62912,400320,192,locations.xs
214,5,4517234676096,4,64,2101632,400128,100032,0,384,4480,400320,192,locations.ys
214,6,4517235076416,4,64,2501952,400128,100032,0,3392,11584,400320,192,locations.zs
214,7,4517235476736,4,64,2902272,400128,100032,0,2304,18688,400320,192,desired_move_locations.xs
214,8,4517235877056,4,64,3302592,400128,100032,0,1216,25792,400320,192,desired_move_locations.ys
214,9,4517236277376,4,64,3702912,400128,100032,0,128,32896,400320,192,desired_move_locations.zs
214,10,4517236677696,4,64,4103232,400128,100032,0,3136,40000,400320,192,aim_directions.xs
214,11,4517237078016,4,64,4503552,400128,100032,0,2048,47104,400320,192,aim_directions.ys
214,12,4517237478336,4,64,4903872,400128,100032,0,960,54208,400320,192,aim_directions.zs
214,13,4517237878656,4,64,5304192,400128,100032,0,3968,61312,400320,192,desired_aiming_directions.xs
214,14,4517238278976,4,64,5704512,400128,100032,0,2880,2880,400320,192,desired_aiming_directions.ys
214,15,4517238679296,4,64,6104832,400128,100032,0,1792,9984,400320,192,desired_aiming_directions.zs
214,16,4517239079616,4,64,6505152,400128,100032,0,704,17088,400320,192,movement_directions.xs
214,17,4517239479936,4,64,6905472,400128,100032,0,3712,24192,400320,192,movement_directions.ys
214,18,4517239880256,4,64,7305792,400128,100032,0,2624,31296,400320,192,movement_directions.zs
214,19,4517240280576,4,64,7706112,400128,100032,0,1536,38400,400320,192,velocities.xs
214,20,4517240680896,4,64,8106432,400128,100032,0,448,45504,400320,192,velocities.ys
214,21,4517241081216,4,64,8506752,400128,100032,0,3456,52608,400320,192,velocities.zs
214,22,4517241481536,4,64,8907072,400128,100032,0,2368,59712,400320,192,move_distances
214,23,4517241881856,4,64,9307392,400128,100032,0,1280,1280,400320,192,speeds
214,24,4517242282176,1,64,9707712,100032,100032,0,192,8384,100224,192,teams
214,25,4517242382400,4,64,9807936,400128,100032,0,2112,43072,400320,192,healths
214,26,4517242782720,8,64,10208256,800256,100032,0,1024,50176,800448,192,parent_handles
214,27,4517243583168,1,64,11008704,100032,100032,0,2752,64192,100224,192,awareness_scan_countdowns.counters
214,28,4517243683392,2,64,11108928,200064,100032,0,576,33344,200256,192,navigation_update_countdowns.remaining_ticks
214,29,4517243883648,2,64,11309184,200064,100032,0,128,36992,200256,192,navigation_update_countdowns.periods
214,30,4517244083904,4,64,11509440,400128,100032,0,3776,40640,400320,192,separation_steering.xs
214,31,4517244484224,4,64,11909760,400128,100032,0,2688,47744,400320,192,separation_steering.ys
214,32,4517244884544,4,64,12310080,400128,100032,0,1600,54848,400320,192,separation_steering.zs
214,33,4517245284864,1,64,12710400,100032,100032,0,512,61952,100224,192,navigation_risk_tiers
214,34,4517245385088,1,64,12810624,100032,100032,0,2432,31104,100224,192,navigation_lower_risk_scan_counts
214,35,4517245485312,1,64,12910848,100032,100032,0,256,256,100224,192,avoidance_choice_indices
214,36,4517245585536,1,64,13011072,100032,100032,0,2176,34944,100224,192,avoidance_clear_scan_counts
214,37,4517245685760,2,64,13111296,200064,100032,0,0,4096,200256,192,attack_reposition_countdowns.counters
214,38,4517245886016,2,64,13311552,200064,100032,0,3648,7744,200256,192,attack_cooldowns.counters
214,39,4517246086272,8,64,13511808,800256,100032,0,3200,11392,800448,192,target_handles
214,40,4517246886720,4,64,14312256,400128,100032,0,832,25408,400320,192,target_locations.xs
214,41,4517247287040,4,64,14712576,400128,100032,0,3840,32512,400320,192,target_locations.ys
214,42,4517247687360,4,64,15112896,400128,100032,0,2752,39616,400320,192,target_locations.zs
214,43,4517248087680,4,64,15513216,400128,100032,0,1664,46720,400320,192,target_velocities.xs
214,44,4517248488000,4,64,15913536,400128,100032,0,576,53824,400320,192,target_velocities.ys
214,45,4517248888320,4,64,16313856,400128,100032,0,3584,60928,400320,192,target_velocities.zs
214,46,4517249288640,4,64,16714176,400128,100032,0,2496,2496,400320,192,target_directions.xs
214,47,4517249688960,4,64,17114496,400128,100032,0,1408,9600,400320,192,target_directions.ys
214,48,4517250089280,4,64,17514816,400128,100032,0,320,16704,400320,192,target_directions.zs
214,49,4517250489600,4,64,17915136,400128,100032,0,3328,23808,400320,192,intercept_times
214,50,4517250889920,4,64,18315456,400128,100032,0,2240,30912,400320,192,target_distance_sq
214,51,4517251290240,4,64,18715776,400128,100032,0,1152,38016,400320,192,target_distances
214,52,4517251690560,4,64,19116096,400128,100032,0,64,45120,,,target_radii
215,0,4555081973760,1,64,0,131072,131072,0,0,0,131072,0,bundle0.flags
215,1,4555082104832,2,64,131072,262144,131072,0,0,0,262144,0,bundle0.counters
215,2,4555082366976,4,64,393216,524288,131072,0,0,0,524288,0,bundle0.counts
215,3,4555082891264,8,64,917504,1048576,131072,0,0,0,1048576,0,bundle0.totals
215,4,4555083939840,3,64,1966080,393216,131072,0,0,0,393216,0,bundle0.payloads
215,5,4555084333056,4,64,2359296,524288,131072,0,0,0,524288,0,bundle0.values
215,6,4555084857344,8,64,2883584,1048576,131072,0,0,0,1048576,0,bundle0.rates
215,7,4555085905920,1,64,3932160,131072,131072,0,0,0,131072,0,bundle1.flags
215,8,4555086036992,2,64,4063232,262144,131072,0,0,0,262144,0,bundle1.counters
215,9,4555086299136,4,64,4325376,524288,131072,0,0,0,524288,0,bundle1.counts
215,10,4555086823424,8,64,4849664,1048576,131072,0,0,0,1048576,0,bundle1.totals
215,11,4555087872000,3,64,5898240,393216,131072,0,0,0,393216,0,bundle1.payloads
215,12,4555088265216,4,64,6291456,524288,131072,0,0,0,524288,0,bundle1.values
215,13,4555088789504,8,64,6815744,1048576,131072,0,0,0,1048576,0,bundle1.rates
215,14,4555089838080,1,64,7864320,131072,131072,0,0,0,131072,0,bundle2.flags
215,15,4555089969152,2,64,7995392,262144,131072,0,0,0,262144,0,bundle2.counters
215,16,4555090231296,4,64,8257536,524288,131072,0,0,0,524288,0,bundle2.counts
215,17,4555090755584,8,64,8781824,1048576,131072,0,0,0,1048576,0,bundle2.totals
215,18,4555091804160,3,64,9830400,393216,131072,0,0,0,393216,0,bundle2.payloads
215,19,4555092197376,4,64,10223616,524288,131072,0,0,0,524288,0,bundle2.values
215,20,4555092721664,8,64,10747904,1048576,131072,0,0,0,1048576,0,bundle2.rates
215,21,4555093770240,1,64,11796480,131072,131072,0,0,0,131072,0,bundle3.flags
215,22,4555093901312,2,64,11927552,262144,131072,0,0,0,262144,0,bundle3.counters
215,23,4555094163456,4,64,12189696,524288,131072,0,0,0,524288,0,bundle3.counts
215,24,4555094687744,8,64,12713984,1048576,131072,0,0,0,1048576,0,bundle3.totals
215,25,4555095736320,3,64,13762560,393216,131072,0,0,0,393216,0,bundle3.payloads
215,26,4555096129536,4,64,14155776,524288,131072,0,0,0,524288,0,bundle3.values
215,27,4555096653824,8,64,14680064,1048576,131072,0,0,0,1048576,0,bundle3.rates
215,28,4555097702400,1,64,15728640,131072,131072,0,0,0,131072,0,bundle4.flags
215,29,4555097833472,2,64,15859712,262144,131072,0,0,0,262144,0,bundle4.counters
215,30,4555098095616,4,64,16121856,524288,131072,0,0,0,524288,0,bundle4.counts
215,31,4555098619904,8,64,16646144,1048576,131072,0,0,0,1048576,0,bundle4.totals
215,32,4555099668480,3,64,17694720,393216,131072,0,0,0,393216,0,bundle4.payloads
215,33,4555100061696,4,64,18087936,524288,131072,0,0,0,524288,0,bundle4.values
215,34,4555100585984,8,64,18612224,1048576,131072,0,0,0,1048576,0,bundle4.rates
215,35,4555101634560,1,64,19660800,131072,131072,0,0,0,131072,0,bundle5.flags
215,36,4555101765632,2,64,19791872,262144,131072,0,0,0,262144,0,bundle5.counters
215,37,4555102027776,4,64,20054016,524288,131072,0,0,0,524288,0,bundle5.counts
215,38,4555102552064,8,64,20578304,1048576,131072,0,0,0,1048576,0,bundle5.totals
215,39,4555103600640,3,64,21626880,393216,131072,0,0,0,393216,0,bundle5.payloads
215,40,4555103993856,4,64,22020096,524288,131072,0,0,0,524288,0,bundle5.values
215,41,4555104518144,8,64,22544384,1048576,131072,0,0,0,,,bundle5.rates
216,0,4747550195712,8,64,0,524800,65600,0,0,0,524800,0,entity_handles
216,1,4747550720512,4,64,524800,262400,65600,0,512,512,262400,0,integral_biases
216,2,4747550982912,4,64,787200,262400,65600,0,768,768,262400,0,float_biases
216,3,4747551245312,1,64,1049600,65600,65600,0,1024,1024,65600,0,tasks
216,4,4747551310912,4,64,1115200,262400,65600,0,1088,1088,262400,0,locations.xs
216,5,4747551573312,4,64,1377600,262400,65600,0,1344,1344,262400,0,locations.ys
216,6,4747551835712,4,64,1640000,262400,65600,0,1600,1600,262400,0,locations.zs
216,7,4747552098112,4,64,1902400,262400,65600,0,1856,1856,262400,0,desired_move_locations.xs
216,8,4747552360512,4,64,2164800,262400,65600,0,2112,2112,262400,0,desired_move_locations.ys
216,9,4747552622912,4,64,2427200,262400,65600,0,2368,2368,262400,0,desired_move_locations.zs
216,10,4747552885312,4,64,2689600,262400,65600,0,2624,2624,262400,0,aim_directions.xs
216,11,4747553147712,4,64,2952000,262400,65600,0,2880,2880,262400,0,aim_directions.ys
216,12,4747553410112,4,64,3214400,262400,65600,0,3136,3136,262400,0,aim_directions.zs
216,13,4747553672512,4,64,3476800,262400,65600,0,3392,3392,262400,0,desired_aiming_directions.xs
216,14,4747553934912,4,64,3739200,262400,65600,0,3648,3648,262400,0,desired_aiming_directions.ys
216,15,4747554197312,4,64,4001600,262400,65600,0,3904,3904,262400,0,desired_aiming_directions.zs
216,16,4747554459712,4,64,4264000,262400,65600,0,64,4160,262400,0,movement_directions.xs
216,17,4747554722112,4,64,4526400,262400,65600,0,320,4416,262400,0,movement_directions.ys
216,18,4747554984512,4,64,4788800,262400,65600,0,576,4672,262400,0,movement_directions.zs
216,19,4747555246912,4,64,5051200,262400,65600,0,832,4928,262400,0,velocities.xs
216,20,4747555509312,4,64,5313600,262400,65600,0,1088,5184,262400,0,velocities.ys
216,21,4747555771712,4,64,5576000,262400,65600,0,1344,5440,262400,0,velocities.zs
216,22,4747556034112,4,64,5838400,262400,65600,0,1600,5696,262400,0,move_distances
216,23,4747556296512,4,64,6100800,262400,65600,0,1856,5952,262400,0,speeds
216,24,4747556558912,1,64,6363200,65600,65600,0,2112,6208,65600,0,teams
216,25,4747556624512,4,64,6428800,262400,65600,0,2176,6272,262400,0,healths
216,26,4747556886912,8,64,6691200,524800,65600,0,2432,6528,524800,0,parent_handles
216,27,4747557411712,1,64,7216000,65600,65600,0,2944,7040,65600,0,awareness_scan_countdowns.counters
216,28,4747557477312,2,64,7281600,131200,65600,0,3008,7104,131200,0,navigation_update_countdowns.remaining_ticks
216,29,4747557608512,2,64,7412800,131200,65600,0,3136,7232,131200,0,navigation_update_countdowns.periods
216,30,4747557739712,4,64,7544000,262400,65600,0,3264,7360,262400,0,separation_steering.xs
216,31,4747558002112,4,64,7806400,262400,65600,0,3520,7616,262400,0,separation_steering.ys
216,32,4747558264512,4,64,8068800,262400,65600,0,3776,7872,262400,0,separation_steering.zs
216,33,4747558526912,1,64,8331200,65600,65600,0,4032,8128,65600,0,navigation_risk_tiers
216,34,4747558592512,1,64,8396800,65600,65600,0,0,8192,65600,0,navigation_lower_risk_scan_counts
216,35,4747558658112,1,64,8462400,65600,65600,0,64,8256,65600,0,avoidance_choice_indices
216,36,4747558723712,1,64,8528000,65600,65600,0,128,8320,65600,0,avoidance_clear_scan_counts
216,37,4747558789312,2,64,8593600,131200,65600,0,192,8384,131200,0,attack_reposition_countdowns.counters
216,38,4747558920512,2,64,8724800,131200,65600,0,320,8512,131200,0,attack_cooldowns.counters
216,39,4747559051712,8,64,8856000,524800,65600,0,448,8640,524800,0,target_handles
216,40,4747559576512,4,64,9380800,262400,65600,0,960,9152,262400,0,target_locations.xs
216,41,4747559838912,4,64,9643200,262400,65600,0,1216,9408,262400,0,target_locations.ys
216,42,4747560101312,4,64,9905600,262400,65600,0,1472,9664,262400,0,target_locations.zs
216,43,4747560363712,4,64,10168000,262400,65600,0,1728,9920,262400,0,target_velocities.xs
216,44,4747560626112,4,64,10430400,262400,65600,0,1984,10176,262400,0,target_velocities.ys
216,45,4747560888512,4,64,10692800,262400,65600,0,2240,10432,262400,0,target_velocities.zs
216,46,4747561150912,4,64,10955200,262400,65600,0,2496,10688,262400,0,target_directions.xs
216,47,4747561413312,4,64,11217600,262400,65600,0,2752,10944,262400,0,target_directions.ys
216,48,4747561675712,4,64,11480000,262400,65600,0,3008,11200,262400,0,target_directions.zs
216,49,4747561938112,4,64,11742400,262400,65600,0,3264,11456,262400,0,intercept_times
216,50,4747562200512,4,64,12004800,262400,65600,0,3520,11712,262400,0,target_distance_sq
216,51,4747562462912,4,64,12267200,262400,65600,0,3776,11968,262400,0,target_distances
216,52,4747562725312,4,64,12529600,262400,65600,0,4032,12224,,,target_radii
217,0,6579890618368,1,64,0,75008,75008,0,0,0,75072,64,bundle0.flags
217,1,6579890693440,2,64,75072,150016,75008,0,1344,9536,150080,64,bundle0.counters
217,2,6579890843520,4,64,225152,300032,75008,0,3968,28544,300096,64,bundle0.counts
217,3,6579891143616,8,64,525248,600064,75008,0,960,960,600128,64,bundle0.totals
217,4,6579891743744,3,64,1125376,225024,75008,0,3072,11264,225088,64,bundle0.payloads
217,5,6579891968832,4,64,1350464,300032,75008,0,2880,39744,300096,64,bundle0.values
217,6,6579892268928,8,64,1650560,600064,75008,0,3968,12160,600128,64,bundle0.rates
217,7,6579892869056,1,64,2250688,75008,75008,0,1984,22464,75072,64,bundle1.flags
217,8,6579892944128,2,64,2325760,150016,75008,0,3328,32000,150080,64,bundle1.counters
217,9,6579893094208,4,64,2475840,300032,75008,0,1856,51008,300096,64,bundle1.counts
217,10,6579893394304,8,64,2775936,600064,75008,0,2944,23424,600128,64,bundle1.totals
217,11,6579893994432,3,64,3376064,225024,75008,0,960,33728,225088,64,bundle1.payloads
217,12,6579894219520,4,64,3601152,300032,75008,0,768,62208,300096,64,bundle1.values
217,13,6579894519616,8,64,3901248,600064,75008,0,1856,34624,600128,64,bundle1.rates
217,14,6579895119744,1,64,4501376,75008,75008,0,3968,44928,75072,64,bundle2.flags
217,15,6579895194816,2,64,4576448,150016,75008,0,1216,54464,150080,64,bundle2.counters
217,16,6579895344896,4,64,4726528,300032,75008,0,3840,7936,300096,64,bundle2.counts
217,17,6579895644992,8,64,5026624,600064,75008,0,832,45888,600128,64,bundle2.totals
217,18,6579896245120,3,64,5626752,225024,75008,0,2944,56192,225088,64,bundle2.payloads
217,19,6579896470208,4,64,5851840,300032,75008,0,2752,19136,300096,64,bundle2.values
217,20,6579896770304,8,64,6151936,600064,75008,0,3840,57088,600128,64,bundle2.rates
217,21,6579897370432,1,64,6752064,75008,75008,0,1856,1856,75072,64,bundle3.flags
217,22,6579897445504,2,64,6827136,150016,75008,0,3200,11392,150080,64,bundle3.counters
217,23,6579897595584,4,64,6977216,300032,75008,0,1728,30400,300096,64,bundle3.counts
217,24,6579897895680,8,64,7277312,600064,75008,0,2816,2816,600128,64,bundle3.totals
217,25,6579898495808,3,64,7877440,225024,75008,0,832,13120,225088,64,bundle3.payloads
217,26,6579898720896,4,64,8102528,300032,75008,0,640,41600,300096,64,bundle3.values
217,27,6579899020992,8,64,8402624,600064,75008,0,1728,14016,600128,64,bundle3.rates
217,28,6579899621120,1,64,9002752,75008,75008,0,3840,24320,75072,64,bundle4.flags
217,29,6579899696192,2,64,9077824,150016,75008,0,1088,33856,150080,64,bundle4.counters
217,30,6579899846272,4,64,9227904,300032,75008,0,3712,52864,300096,64,bundle4.counts
217,31,6579900146368,8,64,9528000,600064,75008,0,704,25280,600128,64,bundle4.totals
217,32,6579900746496,3,64,10128128,225024,75008,0,2816,35584,225088,64,bundle4.payloads
217,33,6579900971584,4,64,10353216,300032,75008,0,2624,64064,300096,64,bundle4.values
217,34,6579901271680,8,64,10653312,600064,75008,0,3712,36480,600128,64,bundle4.rates
217,35,6579901871808,1,64,11253440,75008,75008,0,1728,46784,75072,64,bundle5.flags
217,36,6579901946880,2,64,11328512,150016,75008,0,3072,56320,150080,64,bundle5.counters
217,37,6579902096960,4,64,11478592,300032,75008,0,1600,9792,300096,64,bundle5.counts
217,38,6579902397056,8,64,11778688,600064,75008,0,2688,47744,600128,64,bundle5.totals
217,39,6579902997184,3,64,12378816,225024,75008,0,704,58048,225088,64,bundle5.payloads
217,40,6579903222272,4,64,12603904,300032,75008,0,512,20992,300096,64,bundle5.values
217,41,6579903522368,8,64,12904000,600064,75008,0,1600,58944,,,bundle5.rates
218,0,3452650389504,4,64,0,262144,65536,0,0,0,262144,0,bundle0.positions
218,1,3452650651648,4,64,262144,262144,65536,0,0,0,262144,0,bundle0.velocities
218,2,3452650913792,32,64,524288,2097152,65536,0,0,0,2097152,0,bundle0.aligned32
218,3,3452653010944,64,64,2621440,4194304,65536,0,0,0,4194304,0,bundle0.aligned64
218,4,3452657205248,256,256,6815744,16777216,65536,0,0,0,16777216,0,bundle0.aligned256
218,5,3452673982464,4,64,23592960,262144,65536,0,0,0,262144,0,bundle1.positions
218,6,3452674244608,4,64,23855104,262144,65536,0,0,0,262144,0,bundle1.velocities
218,7,3452674506752,32,64,24117248,2097152,65536,0,0,0,2097152,0,bundle1.aligned32
218,8,3452676603904,64,64,26214400,4194304,65536,0,0,0,4194304,0,bundle1.aligned64
218,9,3452680798208,256,256,30408704,16777216,65536,0,0,0,16777216,0,bundle1.aligned256
218,10,3452697575424,4,64,47185920,262144,65536,0,0,0,262144,0,bundle2.positions
218,11,3452697837568,4,64,47448064,262144,65536,0,0,0,262144,0,bundle2.velocities
218,12,3452698099712,32,64,47710208,2097152,65536,0,0,0,2097152,0,bundle2.aligned32
218,13,3452700196864,64,64,49807360,4194304,65536,0,0,0,4194304,0,bundle2.aligned64
218,14,3452704391168,256,256,54001664,16777216,65536,0,0,0,,,bundle2.aligned256
219,0,4860829958144,8,64,0,600064,75008,0,0,0,600064,0,positions0.xs
219,1,4860830558208,8,64,600064,600064,75008,0,2048,10240,600064,0,positions0.ys
219,2,4860831158272,8,64,1200128,600064,75008,0,0,20480,600064,0,positions0.zs
219,3,4860831758336,8,64,1800192,600064,75008,0,2048,30720,600064,0,velocities0.xs
219,4,4860832358400,8,64,2400256,600064,75008,0,0,40960,600064,0,velocities0.ys
219,5,4860832958464,8,64,3000320,600064,75008,0,2048,51200,600064,0,velocities0.zs
219,6,4860833558528,8,64,3600384,600064,75008,0,0,61440,600064,0,positions1.xs
219,7,4860834158592,8,64,4200448,600064,75008,0,2048,6144,600064,0,positions1.ys
219,8,4860834758656,8,64,4800512,600064,75008,0,0,16384,600064,0,positions1.zs
219,9,4860835358720,8,64,5400576,600064,75008,0,2048,26624,600064,0,velocities1.xs
219,10,4860835958784,8,64,6000640,600064,75008,0,0,36864,600064,0,velocities1.ys
219,11,4860836558848,8,64,6600704,600064,75008,0,2048,47104,600064,0,velocities1.zs
219,12,4860837158912,8,64,7200768,600064,75008,0,0,57344,600064,0,positions2.xs
219,13,4860837758976,8,64,7800832,600064,75008,0,2048,2048,600064,0,positions2.ys
219,14,4860838359040,8,64,8400896,600064,75008,0,0,12288,600064,0,positions2.zs
219,15,4860838959104,8,64,9000960,600064,75008,0,2048,22528,600064,0,velocities2.xs
219,16,4860839559168,8,64,9601024,600064,75008,0,0,32768,600064,0,velocities2.ys
219,17,4860840159232,8,64,10201088,600064,75008,0,2048,43008,600064,0,velocities2.zs
219,18,4860840759296,8,64,10801152,600064,75008,0,0,53248,600064,0,positions3.xs
219,19,4860841359360,8,64,11401216,600064,75008,0,2048,63488,600064,0,positions3.ys
219,20,4860841959424,8,64,12001280,600064,75008,0,0,8192,600064,0,positions3.zs
219,21,4860842559488,8,64,12601344,600064,75008,0,2048,18432,600064,0,velocities3.xs
219,22,4860843159552,8,64,13201408,600064,75008,0,0,28672,600064,0,velocities3.ys
219,23,4860843759616,8,64,13801472,600064,75008,0,2048,38912,,,velocities3.zs
220,0,5291668865024,8,64,0,524288,65536,0,0,0,524288,0,entity_handles
220,1,5291669389312,4,64,524288,262144,65536,0,0,0,262144,0,integral_biases
220,2,5291669651456,4,64,786432,262144,65536,0,0,0,262144,0,float_biases
220,3,5291669913600,1,64,1048576,65536,65536,0,0,0,65536,0,tasks
220,4,5291669979136,4,64,1114112,262144,65536,0,0,0,262144,0,locations.xs
220,5,5291670241280,4,64,1376256,262144,65536,0,0,0,262144,0,locations.ys
220,6,5291670503424,4,64,1638400,262144,65536,0,0,0,262144,0,locations.zs
220,7,5291670765568,4,64,1900544,262144,65536,0,0,0,262144,0,desired_move_locations.xs
220,8,5291671027712,4,64,2162688,262144,65536,0,0,0,262144,0,desired_move_locations.ys
220,9,5291671289856,4,64,2424832,262144,65536,0,0,0,262144,0,desired_move_locations.zs
220,10,5291671552000,4,64,2686976,262144,65536,0,0,0,262144,0,aim_directions.xs
220,11,5291671814144,4,64,2949120,262144,65536,0,0,0,262144,0,aim_directions.ys
220,12,5291672076288,4,64,3211264,262144,65536,0,0,0,262144,0,aim_directions.zs
220,13,5291672338432,4,64,3473408,262144,65536,0,0,0,262144,0,desired_aiming_directions.xs
220,14,5291672600576,4,64,3735552,262144,65536,0,0,0,262144,0,desired_aiming_directions.ys
220,15,5291672862720,4,64,3997696,262144,65536,0,0,0,262144,0,desired_aiming_directions.zs
220,16,5291673124864,4,64,4259840,262144,65536,0,0,0,262144,0,movement_directions.xs
220,17,5291673387008,4,64,4521984,262144,65536,0,0,0,262144,0,movement_directions.ys
220,18,5291673649152,4,64,4784128,262144,65536,0,0,0,262144,0,movement_directions.zs
220,19,5291673911296,4,64,5046272,262144,65536,0,0,0,262144,0,velocities.xs
220,20,5291674173440,4,64,5308416,262144,65536,0,0,0,262144,0,velocities.ys
220,21,5291674435584,4,64,5570560,262144,65536,0,0,0,262144,0,velocities.zs
220,22,5291674697728,4,64,5832704,262144,65536,0,0,0,262144,0,move_distances
220,23,5291674959872,4,64,6094848,262144,65536,0,0,0,262144,0,speeds
220,24,5291675222016,1,64,6356992,65536,65536,0,0,0,65536,0,teams
220,25,5291675287552,4,64,6422528,262144,65536,0,0,0,262144,0,healths
220,26,5291675549696,8,64,6684672,524288,65536,0,0,0,524288,0,parent_handles
220,27,5291676073984,1,64,7208960,65536,65536,0,0,0,65536,0,awareness_scan_countdowns.counters
220,28,5291676139520,2,64,7274496,131072,65536,0,0,0,131072,0,navigation_update_countdowns.remaining_ticks
220,29,5291676270592,2,64,7405568,131072,65536,0,0,0,131072,0,navigation_update_countdowns.periods
220,30,5291676401664,4,64,7536640,262144,65536,0,0,0,262144,0,separation_steering.xs
220,31,5291676663808,4,64,7798784,262144,65536,0,0,0,262144,0,separation_steering.ys
220,32,5291676925952,4,64,8060928,262144,65536,0,0,0,262144,0,separation_steering.zs
220,33,5291677188096,1,64,8323072,65536,65536,0,0,0,65536,0,navigation_risk_tiers
220,34,5291677253632,1,64,8388608,65536,65536,0,0,0,65536,0,navigation_lower_risk_scan_counts
220,35,5291677319168,1,64,8454144,65536,65536,0,0,0,65536,0,avoidance_choice_indices
220,36,5291677384704,1,64,8519680,65536,65536,0,0,0,65536,0,avoidance_clear_scan_counts
220,37,5291677450240,2,64,8585216,131072,65536,0,0,0,131072,0,attack_reposition_countdowns.counters
220,38,5291677581312,2,64,8716288,131072,65536,0,0,0,131072,0,attack_cooldowns.counters
220,39,5291677712384,8,64,8847360,524288,65536,0,0,0,524288,0,target_handles
220,40,5291678236672,4,64,9371648,262144,65536,0,0,0,262144,0,target_locations.xs
220,41,5291678498816,4,64,9633792,262144,65536,0,0,0,262144,0,target_locations.ys
220,42,5291678760960,4,64,9895936,262144,65536,0,0,0,262144,0,target_locations.zs
220,43,5291679023104,4,64,10158080,262144,65536,0,0,0,262144,0,target_velocities.xs
220,44,5291679285248,4,64,10420224,262144,65536,0,0,0,262144,0,target_velocities.ys
220,45,5291679547392,4,64,10682368,262144,65536,0,0,0,262144,0,target_velocities.zs
220,46,5291679809536,4,64,10944512,262144,65536,0,0,0,262144,0,target_directions.xs
220,47,5291680071680,4,64,11206656,262144,65536,0,0,0,262144,0,target_directions.ys
220,48,5291680333824,4,64,11468800,262144,65536,0,0,0,262144,0,target_directions.zs
220,49,5291680595968,4,64,11730944,262144,65536,0,0,0,262144,0,intercept_times
220,50,5291680858112,4,64,11993088,262144,65536,0,0,0,262144,0,target_distance_sq
220,51,5291681120256,4,64,12255232,262144,65536,0,0,0,262144,0,target_distances
220,52,5291681382400,4,64,12517376,262144,65536,0,0,0,,,target_radii
221,0,3246995996672,8,64,0,800256,100032,0,0,0,800256,0,entity_handles
221,1,3246996796928,4,64,800256,400128,100032,0,1536,13824,400128,0,integral_biases
221,2,3246997197056,4,64,1200384,400128,100032,0,256,20736,400128,0,float_biases
221,3,3246997597184,1,64,1600512,100032,100032,0,3072,27648,100032,0,tasks
221,4,3246997697216,4,64,1700544,400128,100032,0,704,62144,400128,0,locations.xs
221,5,3246998097344,4,64,2100672,400128,100032,0,3520,3520,400128,0,locations.ys
221,6,3246998497472,4,64,2500800,400128,100032,0,2240,10432,400128,0,locations.zs
221,7,3246998897600,4,64,2900928,400128,100032,0,960,17344,400128,0,desired_move_locations.xs
221,8,3246999297728,4,64,3301056,400128,100032,0,3776,24256,400128,0,desired_move_locations.ys
221,9,3246999697856,4,64,3701184,400128,100032,0,2496,31168,400128,0,desired_move_locations.zs
221,10,3247000097984,4,64,4101312,400128,100032,0,1216,38080,400128,0,aim_directions.xs
221,11,3247000498112,4,64,4501440,400128,100032,0,4032,44992,400128,0,aim_directions.ys
221,12,3247000898240,4,64,4901568,400128,100032,0,2752,51904,400128,0,aim_directions.zs
221,13,3247001298368,4,64,5301696,400128,100032,0,1472,58816,400128,0,desired_aiming_directions.xs
221,14,3247001698496,4,64,5701824,400128,100032,0,192,192,400128,0,desired_aiming_directions.ys
221,15,3247002098624,4,64,6101952,400128,100032,0,3008,7104,400128,0,desired_aiming_directions.zs
221,16,3247002498752,4,64,6502080,400128,100032,0,1728,14016,400128,0,movement_directions.xs
221,17,3247002898880,4,64,6902208,400128,100032,0,448,20928,400128,0,movement_directions.ys
221,18,3247003299008,4,64,7302336,400128,100032,0,3264,27840,400128,0,movement_directions.zs
221,19,3247003699136,4,64,7702464,400128,100032,0,1984,34752,400128,0,velocities.xs
221,20,3247004099264,4,64,8102592,400128,100032,0,704,41664,400128,0,velocities.ys
221,21,3247004499392,4,64,8502720,400128,100032,0,3520,48576,400128,0,velocities.zs
221,22,3247004899520,4,64,8902848,400128,100032,0,2240,55488,400128,0,move_distances
221,23,3247005299648,4,64,9302976,400128,100032,0,960,62400,400128,0,speeds
221,24,3247005699776,1,64,9703104,100032,100032,0,3776,3776,100032,0,teams
221,25,3247005799808,4,64,9803136,400128,100032,0,1408,38272,400128,0,healths
221,26,3247006199936,8,64,10203264,800256,100032,0,128,45184,800256,0,parent_handles
221,27,3247007000192,1,64,11003520,100032,100032,0,1664,59008,100032,0,awareness_scan_countdowns.counters
221,28,3247007100224,2,64,11103552,200064,100032,0,3392,27968,200064,0,navigation_update_countdowns.remaining_ticks
221,29,3247007300288,2,64,11303616,200064,100032,0,2752,31424,200064,0,navigation_update_countdowns.periods
221,30,3247007500352,4,64,11503680,400128,100032,0,2112,34880,400128,0,separation_steering.xs
221,31,3247007900480,4,64,11903808,400128,100032,0,832,41792,400128,0,separation_steering.ys
221,32,3247008300608,4,64,12303936,400128,100032,0,3648,48704,400128,0,separation_steering.zs
221,33,3247008700736,1,64,12704064,100032,100032,0,2368,55616,100032,0,navigation_risk_tiers
221,34,3247008800768,1,64,12804096,100032,100032,0,0,24576,100032,0,navigation_lower_risk_scan_counts
221,35,3247008900800,1,64,12904128,100032,100032,0,1728,59072,100032,0,avoidance_choice_indices
221,36,3247009000832,1,64,13004160,100032,100032,0,3456,28032,100032,0,avoidance_clear_scan_counts
221,37,3247009100864,2,64,13104192,200064,100032,0,1088,62528,200064,0,attack_reposition_countdowns.counters
221,38,3247009300928,2,64,13304256,200064,100032,0,448,448,200064,0,attack_cooldowns.counters
221,39,3247009500992,8,64,13504320,800256,100032,0,3904,3904,800256,0,target_handles
221,40,3247010301248,4,64,14304576,400128,100032,0,1344,17728,400128,0,target_locations.xs
221,41,3247010701376,4,64,14704704,400128,100032,0,64,24640,400128,0,target_locations.ys
221,42,3247011101504,4,64,15104832,400128,100032,0,2880,31552,400128,0,target_locations.zs
221,43,3247011501632,4,64,15504960,400128,100032,0,1600,38464,400128,0,target_velocities.xs
221,44,3247011901760,4,64,15905088,400128,100032,0,320,45376,400128,0,target_velocities.ys
221,45,3247012301888,4,64,16305216,400128,100032,0,3136,52288,400128,0,target_velocities.zs
221,46,3247012702016,4,64,16705344,400128,100032,0,1856,59200,400128,0,target_directions.xs
221,47,3247013102144,4,64,17105472,400128,100032,0,576,576,400128,0,target_directions.ys
221,48,3247013502272,4,64,17505600,400128,100032,0,3392,7488,400128,0,target_directions.zs
221,49,3247013902400,4,64,17905728,400128,100032,0,2112,14400,400128,0,intercept_times
221,50,3247014302528,4,64,18305856,400128,100032,0,832,21312,400128,0,target_distance_sq
221,51,3247014702656,4,64,18705984,400128,100032,0,3648,28224,400128,0,target_distances
221,52,3247015102784,4,64,19106112,400128,100032,0,2368,35136,,,target_radii
222,0,4158871240704,8,64,0,524288,65536,0,0,0,524288,0,entity_handles
222,1,4158871764992,4,64,524288,262144,65536,0,0,0,262144,0,integral_biases
222,2,4158872027136,4,64,786432,262144,65536,0,0,0,262144,0,float_biases
222,3,4158872289280,1,64,1048576,65536,65536,0,0,0,65536,0,tasks
222,4,4158872354816,4,64,1114112,262144,65536,0,0,0,262144,0,locations.xs
222,5,4158872616960,4,64,1376256,262144,65536,0,0,0,262144,0,locations.ys
222,6,4158872879104,4,64,1638400,262144,65536,0,0,0,262144,0,locations.zs
222,7,4158873141248,4,64,1900544,262144,65536,0,0,0,262144,0,desired_move_locations.xs
222,8,4158873403392,4,64,2162688,262144,65536,0,0,0,262144,0,desired_move_locations.ys
222,9,4158873665536,4,64,2424832,262144,65536,0,0,0,262144,0,desired_move_locations.zs
222,10,4158873927680,4,64,2686976,262144,65536,0,0,0,262144,0,aim_directions.xs
222,11,4158874189824,4,64,2949120,262144,65536,0,0,0,262144,0,aim_directions.ys
222,12,4158874451968,4,64,3211264,262144,65536,0,0,0,262144,0,aim_directions.zs
222,13,4158874714112,4,64,3473408,262144,65536,0,0,0,262144,0,desired_aiming_directions.xs
222,14,4158874976256,4,64,3735552,262144,65536,0,0,0,262144,0,desired_aiming_directions.ys
222,15,4158875238400,4,64,3997696,262144,65536,0,0,0,262144,0,desired_aiming_directions.zs
222,16,4158875500544,4,64,4259840,262144,65536,0,0,0,262144,0,movement_directions.xs
222,17,4158875762688,4,64,4521984,262144,65536,0,0,0,262144,0,movement_directions.ys
222,18,4158876024832,4,64,4784128,262144,65536,0,0,0,262144,0,movement_directions.zs
222,19,4158876286976,4,64,5046272,262144,65536,0,0,0,262144,0,velocities.xs
222,20,4158876549120,4,64,5308416,262144,65536,0,0,0,262144,0,velocities.ys
222,21,4158876811264,4,64,5570560,262144,65536,0,0,0,262144,0,velocities.zs
222,22,4158877073408,4,64,5832704,262144,65536,0,0,0,262144,0,move_distances
222,23,4158877335552,4,64,6094848,262144,65536,0,0,0,262144,0,speeds
222,24,4158877597696,1,64,6356992,65536,65536,0,0,0,65536,0,teams
222,25,4158877663232,4,64,6422528,262144,65536,0,0,0,262144,0,healths
222,26,4158877925376,8,64,6684672,524288,65536,0,0,0,524288,0,parent_handles
222,27,4158878449664,1,64,7208960,65536,65536,0,0,0,65536,0,awareness_scan_countdowns.counters
222,28,4158878515200,2,64,7274496,131072,65536,0,0,0,131072,0,navigation_update_countdowns.remaining_ticks
222,29,4158878646272,2,64,7405568,131072,65536,0,0,0,131072,0,navigation_update_countdowns.periods
222,30,4158878777344,4,64,7536640,262144,65536,0,0,0,262144,0,separation_steering.xs
222,31,4158879039488,4,64,7798784,262144,65536,0,0,0,262144,0,separation_steering.ys
222,32,4158879301632,4,64,8060928,262144,65536,0,0,0,262144,0,separation_steering.zs
222,33,4158879563776,1,64,8323072,65536,65536,0,0,0,65536,0,navigation_risk_tiers
222,34,4158879629312,1,64,8388608,65536,65536,0,0,0,65536,0,navigation_lower_risk_scan_counts
222,35,4158879694848,1,64,8454144,65536,65536,0,0,0,65536,0,avoidance_choice_indices
222,36,4158879760384,1,64,8519680,65536,65536,0,0,0,65536,0,avoidance_clear_scan_counts
222,37,4158879825920,2,64,8585216,131072,65536,0,0,0,131072,0,attack_reposition_countdowns.counters
222,38,4158879956992,2,64,8716288,131072,65536,0,0,0,131072,0,attack_cooldowns.counters
222,39,4158880088064,8,64,8847360,524288,65536,0,0,0,524288,0,target_handles
222,40,4158880612352,4,64,9371648,262144,65536,0,0,0,262144,0,target_locations.xs
222,41,4158880874496,4,64,9633792,262144,65536,0,0,0,262144,0,target_locations.ys
222,42,4158881136640,4,64,9895936,262144,65536,0,0,0,262144,0,target_locations.zs
222,43,4158881398784,4,64,10158080,262144,65536,0,0,0,262144,0,target_velocities.xs
222,44,4158881660928,4,64,10420224,262144,65536,0,0,0,262144,0,target_velocities.ys
222,45,4158881923072,4,64,10682368,262144,65536,0,0,0,262144,0,target_velocities.zs
222,46,4158882185216,4,64,10944512,262144,65536,0,0,0,262144,0,target_directions.xs
222,47,4158882447360,4,64,11206656,262144,65536,0,0,0,262144,0,target_directions.ys
222,48,4158882709504,4,64,11468800,262144,65536,0,0,0,262144,0,target_directions.zs
222,49,4158882971648,4,64,11730944,262144,65536,0,0,0,262144,0,intercept_times
222,50,4158883233792,4,64,11993088,262144,65536,0,0,0,262144,0,target_distance_sq
222,51,4158883495936,4,64,12255232,262144,65536,0,0,0,262144,0,target_distances
222,52,4158883758080,4,64,12517376,262144,65536,0,0,0,,,target_radii
223,0,6508755222528,1,64,0,65536,65536,0,0,0,65600,64,bundle0.flags
223,1,6508755288128,2,64,65600,131072,65536,0,64,64,131136,64,bundle0.counters
223,2,6508755419264,4,64,196736,262144,65536,0,128,128,262208,64,bundle0.counts
223,3,6508755681472,8,64,458944,524288,65536,0,192,192,524352,64,bundle0.totals
223,4,6508756205824,3,64,983296,196608,65536,0,256,256,196672,64,bundle0.payloads
223,5,6508756402496,4,64,1179968,262144,65536,0,320,320,262208,64,bundle0.values
223,6,6508756664704,8,64,1442176,524288,65536,0,384,384,524352,64,bundle0.rates
223,7,6508757189056,1,64,1966528,65536,65536,0,448,448,65600,64,bundle1.flags
223,8,6508757254656,2,64,2032128,131072,65536,0,512,512,131136,64,bundle1.counters
223,9,6508757385792,4,64,2163264,262144,65536,0,576,576,262208,64,bundle1.counts
223,10,6508757648000,8,64,2425472,524288,65536,0,640,640,524352,64,bundle1.totals
223,11,6508758172352,3,64,2949824,196608,65536,0,704,704,196672,64,bundle1.payloads
223,12,6508758369024,4,64,3146496,262144,65536,0,768,768,262208,64,bundle1.values
223,13,6508758631232,8,64,3408704,524288,65536,0,832,832,524352,64,bundle1.rates
223,14,6508759155584,1,64,3933056,65536,65536,0,896,896,65600,64,bundle2.flags
223,15,6508759221184,2,64,3998656,131072,65536,0,960,960,131136,64,bundle2.counters
223,16,6508759352320,4,64,4129792,262144,65536,0,1024,1024,262208,64,bundle2.counts
223,17,6508759614528,8,64,4392000,524288,65536,0,1088,1088,524352,64,bundle2.totals
223,18,6508760138880,3,64,4916352,196608,65536,0,1152,1152,196672,64,bundle2.payloads
223,19,6508760335552,4,64,5113024,262144,65536,0,1216,1216,262208,64,bundle2.values
223,20,6508760597760,8,64,5375232,524288,65536,0,1280,1280,524352,64,bundle2.rates
223,21,6508761122112,1,64,5899584,65536,65536,0,1344,1344,65600,64,bundle3.flags
223,22,6508761187712,2,64,5965184,131072,65536,0,1408,1408,131136,64,bundle3.counters
223,23,6508761318848,4,64,6096320,262144,65536,0,1472,1472,262208,64,bundle3.counts
223,24,6508761581056,8,64,6358528,524288,65536,0,1536,1536,524352,64,bundle3.totals
223,25,6508762105408,3,64,6882880,196608,65536,0,1600,1600,196672,64,bundle3.payloads
223,26,6508762302080,4,64,7079552,262144,65536,0,1664,1664,262208,64,bundle3.values
223,27,6508762564288,8,64,7341760,524288,65536,0,1728,1728,524352,64,bundle3.rates
223,28,6508763088640,1,64,7866112,65536,65536,0,1792,1792,65600,64,bundle4.flags
223,29,6508763154240,2,64,7931712,131072,65536,0,1856,1856,131136,64,bundle4.counters
223,30,6508763285376,4,64,8062848,262144,65536,0,1920,1920,262208,64,bundle4.counts
223,31,6508763547584,8,64,8325056,524288,65536,0,1984,1984,524352,64,bundle4.totals
223,32,6508764071936,3,64,8849408,196608,65536,0,2048,2048,196672,64,bundle4.payloads
223,33,6508764268608,4,64,9046080,262144,65536,0,2112,2112,262208,64,bundle4.values
223,34,6508764530816,8,64,9308288,524288,65536,0,2176,2176,524352,64,bundle4.rates
223,35,6508765055168,1,64,9832640,65536,65536,0,2240,2240,65600,64,bundle5.flags
223,36,6508765120768,2,64,9898240,131072,65536,0,2304,2304,131136,64,bundle5.counters
223,37,6508765251904,4,64,10029376,262144,65536,0,2368,2368,262208,64,bundle5.counts
223,38,6508765514112,8,64,10291584,524288,65536,0,2432,2432,524352,64,bundle5.totals
223,39,6508766038464,3,64,10815936,196608,65536,0,2496,2496,196672,64,bundle5.payloads
223,40,6508766235136,4,64,11012608,262144,65536,0,2560,2560,262208,64,bundle5.values
223,41,6508766497344,8,64,11274816,524288,65536,0,2624,2624,,,bundle5.rates
224,0,2971298758656,8,4,0,524288,65536,0,0,0,1048576,524288,entity_handles
224,1,2971299807232,4,4,0,262144,65536,0,0,0,327680,65536,integral_biases
224,2,2971300134912,4,4,0,262144,65536,0,0,0,-2293760,-2555904,float_biases
224,3,2971297841152,1,1,0,65536,65536,0,0,0,2621440,2555904,tasks
224,4,2971300462592,4,4,0,262144,65536,0,0,0,327680,65536,locations.xs
224,5,2971300790272,4,4,0,262144,65536,0,0,0,327680,65536,locations.ys
224,6,2971301117952,4,4,0,262144,65536,0,0,0,327680,65536,locations.zs
224,7,2971301445632,4,4,0,262144,65536,0,0,0,327680,65536,desired_move_locations.xs
224,8,2971301773312,4,4,0,262144,65536,0,0,0,327680,65536,desired_move_locations.ys
224,9,2971302100992,4,4,0,262144,65536,0,0,0,327680,65536,desired_move_locations.zs
224,10,2971302428672,4,4,0,262144,65536,0,0,0,327680,65536,aim_directions.xs
224,11,2971302756352,4,4,0,262144,65536,0,0,0,327680,65536,aim_directions.ys
224,12,2971303084032,4,4,0,262144,65536,0,0,0,655360,393216,aim_directions.zs
224,13,2971303739392,4,4,0,262144,65536,0,0,0,327680,65536,desired_aiming_directions.xs
224,14,2971304067072,4,4,0,262144,65536,0,0,0,327680,65536,desired_aiming_directions.ys
224,15,2971304394752,4,4,0,262144,65536,0,0,0,327680,65536,desired_aiming_directions.zs
224,16,2971304722432,4,4,0,262144,65536,0,0,0,327680,65536,movement_directions.xs
224,17,2971305050112,4,4,0,262144,65536,0,0,0,327680,65536,movement_directions.ys
224,18,2971305377792,4,4,0,262144,65536,0,0,0,327680,65536,movement_directions.zs
224,19,2971305705472,4,4,0,262144,65536,0,0,0,327680,65536,velocities.xs
224,20,2971306033152,4,4,0,262144,65536,0,0,0,327680,65536,velocities.ys
224,21,2971306360832,4,4,0,262144,65536,0,0,0,327680,65536,velocities.zs
224,22,2971306688512,4,4,0,262144,65536,0,0,0,327680,65536,move_distances
224,23,2971307016192,4,4,0,262144,65536,0,0,0,-9109504,-9371648,speeds
224,24,2971297906688,1,1,0,65536,65536,0,0,0,9437184,9371648,teams
224,25,2971307343872,4,4,0,262144,65536,0,0,0,327680,65536,healths
224,26,2971307671552,8,4,0,524288,65536,0,0,0,-9699328,-10223616,parent_handles
224,27,2971297972224,1,1,0,65536,65536,0,0,0,-1114112,-1179648,awareness_scan_countdowns.counters
224,28,2971296858112,2,2,0,131072,65536,0,0,0,131072,0,navigation_update_countdowns.remaining_ticks
224,29,2971296989184,2,2,0,131072,65536,0,0,0,11730944,11599872,navigation_update_countdowns.periods
224,30,2971308720128,4,4,0,262144,65536,0,0,0,327680,65536,separation_steering.xs
224,31,2971309047808,4,4,0,262144,65536,0,0,0,327680,65536,separation_steering.ys
224,32,2971309375488,4,4,0,262144,65536,0,0,0,-11337728,-11599872,separation_steering.zs
224,33,2971298037760,1,1,0,65536,65536,0,0,0,65536,0,navigation_risk_tiers
224,34,2971298103296,1,1,0,65536,65536,0,0,0,65536,0,navigation_lower_risk_scan_counts
224,35,2971298168832,1,1,0,65536,65536,0,0,0,11534336,11468800,avoidance_choice_indices
224,36,2971309703168,1,1,0,65536,65536,0,0,0,524288,458752,avoidance_clear_scan_counts
224,37,2971310227456,2,2,0,131072,65536,0,0,0,131072,0,attack_reposition_countdowns.counters
224,38,2971310358528,2,2,0,131072,65536,0,0,0,393216,262144,attack_cooldowns.counters
224,39,2971310751744,8,4,0,524288,65536,0,0,0,1376256,851968,target_handles
224,40,2971312128000,4,4,0,262144,65536,0,0,0,327680,65536,target_locations.xs
224,41,2971312455680,4,4,0,262144,65536,0,0,0,327680,65536,target_locations.ys
224,42,2971312783360,4,4,0,262144,65536,0,0,0,327680,65536,target_locations.zs
224,43,2971313111040,4,4,0,262144,65536,0,0,0,327680,65536,target_velocities.xs
224,44,2971313438720,4,4,0,262144,65536,0,0,0,327680,65536,target_velocities.ys
224,45,2971313766400,4,4,0,262144,65536,0,0,0,327680,65536,target_velocities.zs
224,46,2971314094080,4,4,0,262144,65536,0,0,0,327680,65536,target_directions.xs
224,47,2971314421760,4,4,0,262144,65536,0,0,0,327680,65536,target_directions.ys
224,48,2971314749440,4,4,0,262144,65536,0,0,0,327680,65536,target_directions.zs
224,49,2971315077120,4,4,0,262144,65536,0,0,0,327680,65536,intercept_times
224,50,2971315404800,4,4,0,262144,65536,0,0,0,327680,65536,target_distance_sq
224,51,2971315732480,4,4,0,262144,65536,0,0,0,327680,65536,target_distances
224,52,2971316060160,4,4,0,262144,65536,0,0,0,,,target_radii
225,0,3730481086464,4,64,0,524288,131072,0,0,0,524352,64,bundle0.positions
225,1,3730481610816,4,64,524352,524288,131072,0,64,64,524352,64,bundle0.velocities
225,2,3730482135168,32,64,1048704,4194304,131072,0,128,128,4194368,64,bundle0.aligned32
225,3,3730486329536,64,64,5243072,8388608,131072,0,192,192,8388672,64,bundle0.aligned64
225,4,3730494718208,256,256,13631744,33554432,131072,0,256,256,33554496,64,bundle0.aligned256
225,5,3730528272704,4,64,47186240,524288,131072,0,320,320,524352,64,bundle1.positions
225,6,3730528797056,4,64,47710592,524288,131072,0,384,384,524352,64,bundle1.velocities
225,7,3730529321408,32,64,48234944,4194304,131072,0,448,448,4194368,64,bundle1.aligned32
225,8,3730533515776,64,64,52429312,8388608,131072,0,512,512,8388864,256,bundle1.aligned64
225,9,3730541904640,256,256,60818176,33554432,131072,0,768,768,33554496,64,bundle1.aligned256
225,10,3730575459136,4,64,94372672,524288,131072,0,832,832,524352,64,bundle2.positions
225,11,3730575983488,4,64,94897024,524288,131072,0,896,896,524352,64,bundle2.velocities
225,12,3730576507840,32,64,95421376,4194304,131072,0,960,960,4194368,64,bundle2.aligned32
225,13,3730580702208,64,64,99615744,8388608,131072,0,1024,1024,8388864,256,bundle2.aligned64
225,14,3730589091072,256,256,108004608,33554432,131072,0,1280,1280,,,bundle2.aligned256
226,0,5258919739392,8,64,0,524288,65536,0,0,0,524352,64,positions0.xs
226,1,5258920263744,8,64,524352,524288,65536,0,64,64,524352,64,positions0.ys
226,2,5258920788096,8,64,1048704,524288,65536,0,128,128,524352,64,positions0.zs
226,3,5258921312448,8,64,1573056,524288,65536,0,192,192,524352,64,velocities0.xs
226,4,5258921836800,8,64,2097408,524288,65536,0,256,256,524352,64,velocities0.ys
226,5,5258922361152,8,64,2621760,524288,65536,0,320,320,524352,64,velocities0.zs
226,6,5258922885504,8,64,3146112,524288,65536,0,384,384,524352,64,positions1.xs
226,7,5258923409856,8,64,3670464,524288,65536,0,448,448,524352,64,positions1.ys
226,8,5258923934208,8,64,4194816,524288,65536,0,512,512,524352,64,positions1.zs
226,9,5258924458560,8,64,4719168,524288,65536,0,576,576,524352,64,velocities1.xs
226,10,5258924982912,8,64,5243520,524288,65536,0,640,640,524352,64,velocities1.ys
226,11,5258925507264,8,64,5767872,524288,65536,0,704,704,524352,64,velocities1.zs
226,12,5258926031616,8,64,6292224,524288,65536,0,768,768,524352,64,positions2.xs
226,13,5258926555968,8,64,6816576,524288,65536,0,832,832,524352,64,positions2.ys
226,14,5258927080320,8,64,7340928,524288,65536,0,896,896,524352,64,positions2.zs
226,15,5258927604672,8,64,7865280,524288,65536,0,960,960,524352,64,velocities2.xs
226,16,5258928129024,8,64,8389632,524288,65536,0,1024,1024,524352,64,velocities2.ys
226,17,5258928653376,8,64,8913984,524288,65536,0,1088,1088,524352,64,velocities2.zs
226,18,5258929177728,8,64,9438336,524288,65536,0,1152,1152,524352,64,positions3.xs
226,19,5258929702080,8,64,9962688,524288,65536,0,1216,1216,524352,64,positions3.ys
226,20,5258930226432,8,64,10487040,524288,65536,0,1280,1280,524352,64,positions3.zs
226,21,5258930750784,8,64,11011392,524288,65536,0,1344,1344,524352,64,velocities3.xs
226,22,5258931275136,8,64,11535744,524288,65536,0,1408,1408,524352,64,velocities3.ys
226,23,5258931799488,8,64,12060096,524288,65536,0,1472,1472,,,velocities3.zs
227,0,5987185131520,8,64,0,524800,65600,0,0,0,524800,0,entity_handles
227,1,5987185656320,4,64,524800,262400,65600,0,512,512,262400,0,integral_biases
227,2,5987185918720,4,64,787200,262400,65600,0,768,768,262400,0,float_biases
227,3,5987186181120,1,64,1049600,65600,65600,0,1024,1024,65600,0,tasks
227,4,5987186246720,4,64,1115200,262400,65600,0,1088,1088,262400,0,locations.xs
227,5,5987186509120,4,64,1377600,262400,65600,0,1344,1344,262400,0,locations.ys
227,6,5987186771520,4,64,1640000,262400,65600,0,1600,1600,262400,0,locations.zs
227,7,5987187033920,4,64,1902400,262400,65600,0,1856,1856,262400,0,desired_move_locations.xs
227,8,5987187296320,4,64,2164800,262400,65600,0,2112,2112,262400,0,desired_move_locations.ys
227,9,5987187558720,4,64,2427200,262400,65600,0,2368,2368,262400,0,desired_move_locations.zs
227,10,5987187821120,4,64,2689600,262400,65600,0,2624,2624,262400,0,aim_directions.xs
227,11,5987188083520,4,64,2952000,262400,65600,0,2880,2880,262400,0,aim_directions.ys
227,12,5987188345920,4,64,3214400,262400,65600,0,3136,3136,262400,0,aim_directions.zs
227,13,5987188608320,4,64,3476800,262400,65600,0,3392,3392,262400,0,desired_aiming_directions.xs
227,14,5987188870720,4,64,3739200,262400,65600,0,3648,3648,262400,0,desired_aiming_directions.ys
227,15,5987189133120,4,64,4001600,262400,65600,0,3904,3904,262400,0,desired_aiming_directions.zs
227,16,5987189395520,4,64,4264000,262400,65600,0,64,4160,262400,0,movement_directions.xs
227,17,5987189657920,4,64,4526400,262400,65600,0,320,4416,262400,0,movement_directions.ys
227,18,5987189920320,4,64,4788800,262400,65600,0,576,4672,262400,0,movement_directions.zs
227,19,5987190182720,4,64,5051200,262400,65600,0,832,4928,262400,0,velocities.xs
227,20,5987190445120,4,64,5313600,262400,65600,0,1088,5184,262400,0,velocities.ys
227,21,5987190707520,4,64,5576000,262400,65600,0,1344,5440,262400,0,velocities.zs
227,22,5987190969920,4,64,5838400,262400,65600,0,1600,5696,262400,0,move_distances
227,23,5987191232320,4,64,6100800,262400,65600,0,1856,5952,262400,0,speeds
227,24,5987191494720,1,64,6363200,65600,65600,0,2112,6208,65600,0,teams
227,25,5987191560320,4,64,6428800,262400,65600,0,2176,6272,262400,0,healths
227,26,5987191822720,8,64,6691200,524800,65600,0,2432,6528,524800,0,parent_handles
227,27,5987192347520,1,64,7216000,65600,65600,0,2944,7040,65600,0,awareness_scan_countdowns.counters
227,28,5987192413120,2,64,7281600,131200,65600,0,3008,7104,131200,0,navigation_update_countdowns.remaining_ticks
227,29,5987192544320,2,64,7412800,131200,65600,0,3136,7232,131200,0,navigation_update_countdowns.periods
227,30,5987192675520,4,64,7544000,262400,65600,0,3264,7360,262400,0,separation_steering.xs
227,31,5987192937920,4,64,7806400,262400,65600,0,3520,7616,262400,0,separation_steering.ys
227,32,5987193200320,4,64,8068800,262400,65600,0,3776,7872,262400,0,separation_steering.zs
227,33,5987193462720,1,64,8331200,65600,65600,0,4032,8128,65600,0,navigation_risk_tiers
227,34,5987193528320,1,64,8396800,65600,65600,0,0,8192,65600,0,navigation_lower_risk_scan_counts
227,35,5987193593920,1,64,8462400,65600,65600,0,64,8256,65600,0,avoidance_choice_indices
227,36,5987193659520,1,64,8528000,65600,65600,0,128,8320,65600,0,avoidance_clear_scan_counts
227,37,5987193725120,2,64,8593600,131200,65600,0,192,8384,131200,0,attack_reposition_countdowns.counters
227,38,5987193856320,2,64,8724800,131200,65600,0,320,8512,131200,0,attack_cooldowns.counters
227,39,5987193987520,8,64,8856000,524800,65600,0,448,8640,524800,0,target_handles
227,40,5987194512320,4,64,9380800,262400,65600,0,960,9152,262400,0,target_locations.xs
227,41,5987194774720,4,64,9643200,262400,65600,0,1216,9408,262400,0,target_locations.ys
227,42,5987195037120,4,64,9905600,262400,65600,0,1472,9664,262400,0,target_locations.zs
227,43,5987195299520,4,64,10168000,262400,65600,0,1728,9920,262400,0,target_velocities.xs
227,44,5987195561920,4,64,10430400,262400,65600,0,1984,10176,262400,0,target_velocities.ys
227,45,5987195824320,4,64,10692800,262400,65600,0,2240,10432,262400,0,target_velocities.zs
227,46,5987196086720,4,64,10955200,262400,65600,0,2496,10688,262400,0,target_directions.xs
227,47,5987196349120,4,64,11217600,262400,65600,0,2752,10944,262400,0,target_directions.ys
227,48,5987196611520,4,64,11480000,262400,65600,0,3008,11200,262400,0,target_directions.zs
227,49,5987196873920,4,64,11742400,262400,65600,0,3264,11456,262400,0,intercept_times
227,50,5987197136320,4,64,12004800,262400,65600,0,3520,11712,262400,0,target_distance_sq
227,51,5987197398720,4,64,12267200,262400,65600,0,3776,11968,262400,0,target_distances
227,52,5987197661120,4,64,12529600,262400,65600,0,4032,12224,,,target_radii
228,0,2441152757760,8,64,0,1048576,131072,0,0,0,1048640,64,positions0.xs
228,1,2441153806400,8,64,1048640,1048576,131072,0,64,64,1048640,64,positions0.ys
228,2,2441154855040,8,64,2097280,1048576,131072,0,128,128,1048640,64,positions0.zs
228,3,2441155903680,8,64,3145920,1048576,131072,0,192,192,1048640,64,velocities0.xs
228,4,2441156952320,8,64,4194560,1048576,131072,0,256,256,1048640,64,velocities0.ys
228,5,2441158000960,8,64,5243200,1048576,131072,0,320,320,1048640,64,velocities0.zs
228,6,2441159049600,8,64,6291840,1048576,131072,0,384,384,1048640,64,positions1.xs
228,7,2441160098240,8,64,7340480,1048576,131072,0,448,448,1048640,64,positions1.ys
228,8,2441161146880,8,64,8389120,1048576,131072,0,512,512,1048640,64,positions1.zs
228,9,2441162195520,8,64,9437760,1048576,131072,0,576,576,1048640,64,velocities1.xs
228,10,2441163244160,8,64,10486400,1048576,131072,0,640,640,1048640,64,velocities1.ys
228,11,2441164292800,8,64,11535040,1048576,131072,0,704,704,1048640,64,velocities1.zs
228,12,2441165341440,8,64,12583680,1048576,131072,0,768,768,1048640,64,positions2.xs
228,13,2441166390080,8,64,13632320,1048576,131072,0,832,832,1048640,64,positions2.ys
228,14,2441167438720,8,64,14680960,1048576,131072,0,896,896,1048640,64,positions2.zs
228,15,2441168487360,8,64,15729600,1048576,131072,0,960,960,1048640,64,velocities2.xs
228,16,2441169536000,8,64,16778240,1048576,131072,0,1024,1024,1048640,64,velocities2.ys
228,17,2441170584640,8,64,17826880,1048576,131072,0,1088,1088,1048640,64,velocities2.zs
228,18,2441171633280,8,64,18875520,1048576,131072,0,1152,1152,1048640,64,positions3.xs
228,19,2441172681920,8,64,19924160,1048576,131072,0,1216,1216,1048640,64,positions3.ys
228,20,2441173730560,8,64,20972800,1048576,131072,0,1280,1280,1048640,64,positions3.zs
228,21,2441174779200,8,64,22021440,1048576,131072,0,1344,1344,1048640,64,velocities3.xs
228,22,2441175827840,8,64,23070080,1048576,131072,0,1408,1408,1048640,64,velocities3.ys
228,23,2441176876480,8,64,24118720,1048576,131072,0,1472,1472,,,velocities3.zs
229,0,2698850795520,8,64,0,1048576,131072,0,0,0,1048768,192,positions0.xs
229,1,2698851844288,8,64,1048768,1048576,131072,0,192,192,1048768,192,positions0.ys
229,2,2698852893056,8,64,2097536,1048576,131072,0,384,384,1048768,192,positions0.zs
229,3,2698853941824,8,64,3146304,1048576,131072,0,576,576,1048768,192,velocities0.xs
229,4,2698854990592,8,64,4195072,1048576,131072,0,768,768,1048768,192,velocities0.ys
229,5,2698856039360,8,64,5243840,1048576,131072,0,960,960,1048768,192,velocities0.zs
229,6,2698857088128,8,64,6292608,1048576,131072,0,1152,1152,1048768,192,positions1.xs
229,7,2698858136896,8,64,7341376,1048576,131072,0,1344,1344,1048768,192,positions1.ys
229,8,2698859185664,8,64,8390144,1048576,131072,0,1536,1536,1048768,192,positions1.zs
229,9,2698860234432,8,64,9438912,1048576,131072,0,1728,1728,1048768,192,velocities1.xs
229,10,2698861283200,8,64,10487680,1048576,131072,0,1920,1920,1048768,192,velocities1.ys
229,11,2698862331968,8,64,11536448,1048576,131072,0,2112,2112,1048768,192,velocities1.zs
229,12,2698863380736,8,64,12585216,1048576,131072,0,2304,2304,1048768,192,positions2.xs
229,13,2698864429504,8,64,13633984,1048576,131072,0,2496,2496,1048768,192,positions2.ys
229,14,2698865478272,8,64,14682752,1048576,131072,0,2688,2688,1048768,192,positions2.zs
229,15,2698866527040,8,64,15731520,1048576,131072,0,2880,2880,1048768,192,velocities2.xs
229,16,2698867575808,8,64,16780288,1048576,131072,0,3072,3072,1048768,192,velocities2.ys
229,17,2698868624576,8,64,17829056,1048576,131072,0,3264,3264,1048768,192,velocities2.zs
229,18,2698869673344,8,64,18877824,1048576,131072,0,3456,3456,1048768,192,positions3.xs
229,19,2698870722112,8,64,19926592,1048576,131072,0,3648,3648,1048768,192,positions3.ys
229,20,2698871770880,8,64,20975360,1048576,131072,0,3840,3840,1048768,192,positions3.zs
229,21,2698872819648,8,64,22024128,1048576,131072,0,4032,4032,1048768,192,velocities3.xs
229,22,2698873868416,8,64,23072896,1048576,131072,0,128,4224,1048768,192,velocities3.ys
229,23,2698874917184,8,64,24121664,1048576,131072,0,320,4416,,,velocities3.zs
230,0,3525900435456,8,64,0,524800,65600,0,0,0,524864,64,entity_handles
230,1,3525900960320,4,64,524864,262400,65600,0,576,576,262464,64,integral_biases
230,2,3525901222784,4,64,787328,262400,65600,0,896,896,262464,64,float_biases
230,3,3525901485248,1,64,1049792,65600,65600,0,1216,1216,65664,64,tasks
230,4,3525901550912,4,64,1115456,262400,65600,0,1344,1344,262464,64,locations.xs
230,5,3525901813376,4,64,1377920,262400,65600,0,1664,1664,262464,64,locations.ys
230,6,3525902075840,4,64,1640384,262400,65600,0,1984,1984,262464,64,locations.zs
230,7,3525902338304,4,64,1902848,262400,65600,0,2304,2304,262464,64,desired_move_locations.xs
230,8,3525902600768,4,64,2165312,262400,65600,0,2624,2624,262464,64,desired_move_locations.ys
230,9,3525902863232,4,64,2427776,262400,65600,0,2944,2944,262464,64,desired_move_locations.zs
230,10,3525903125696,4,64,2690240,262400,65600,0,3264,3264,262464,64,aim_directions.xs
230,11,3525903388160,4,64,2952704,262400,65600,0,3584,3584,262464,64,aim_directions.ys
230,12,3525903650624,4,64,3215168,262400,65600,0,3904,3904,262464,64,aim_directions.zs
230,13,3525903913088,4,64,3477632,262400,65600,0,128,4224,262464,64,desired_aiming_directions.xs
230,14,3525904175552,4,64,3740096,262400,65600,0,448,4544,262464,64,desired_aiming_directions.ys
230,15,3525904438016,4,64,4002560,262400,65600,0,768,4864,262464,64,desired_aiming_directions.zs
230,16,3525904700480,4,64,4265024,262400,65600,0,1088,5184,262464,64,movement_directions.xs
230,17,3525904962944,4,64,4527488,262400,65600,0,1408,5504,262464,64,movement_directions.ys
230,18,3525905225408,4,64,4789952,262400,65600,0,1728,5824,262464,64,movement_directions.zs
230,19,3525905487872,4,64,5052416,262400,65600,0,2048,6144,262464,64,velocities.xs
230,20,3525905750336,4,64,5314880,262400,65600,0,2368,6464,262464,64,velocities.ys
230,21,3525906012800,4,64,5577344,262400,65600,0,2688,6784,262464,64,velocities.zs
230,22,3525906275264,4,64,5839808,262400,65600,0,3008,7104,262464,64,move_distances
230,23,3525906537728,4,64,6102272,262400,65600,0,3328,7424,262464,64,speeds
230,24,3525906800192,1,64,6364736,65600,65600,0,3648,7744,65664,64,teams
230,25,3525906865856,4,64,6430400,262400,65600,0,3776,7872,262464,64,healths
230,26,3525907128320,8,64,6692864,524800,65600,0,0,8192,524864,64,parent_handles
230,27,3525907653184,1,64,7217728,65600,65600,0,576,8768,65664,64,awareness_scan_countdowns.counters
230,28,3525907718848,2,64,7283392,131200,65600,0,704,8896,131264,64,navigation_update_countdowns.remaining_ticks
230,29,3525907850112,2,64,7414656,131200,65600,0,896,9088,131264,64,navigation_update_countdowns.periods
230,30,3525907981376,4,64,7545920,262400,65600,0,1088,9280,262464,64,separation_steering.xs
230,31,3525908243840,4,64,7808384,262400,65600,0,1408,9600,262464,64,separation_steering.ys
230,32,3525908506304,4,64,8070848,262400,65600,0,1728,9920,262464,64,separation_steering.zs
230,33,3525908768768,1,64,8333312,65600,65600,0,2048,10240,65664,64,navigation_risk_tiers
230,34,3525908834432,1,64,8398976,65600,65600,0,2176,10368,65664,64,navigation_lower_risk_scan_counts
230,35,3525908900096,1,64,8464640,65600,65600,0,2304,10496,65664,64,avoidance_choice_indices
230,36,3525908965760,1,64,8530304,65600,65600,0,2432,10624,65664,64,avoidance_clear_scan_counts
230,37,3525909031424,2,64,8595968,131200,65600,0,2560,10752,131264,64,attack_reposition_countdowns.counters
230,38,3525909162688,2,64,8727232,131200,65600,0,2752,10944,131264,64,attack_cooldowns.counters
230,39,3525909293952,8,64,8858496,524800,65600,0,2944,11136,524864,64,target_handles
230,40,3525909818816,4,64,9383360,262400,65600,0,3520,11712,262464,64,target_locations.xs
230,41,3525910081280,4,64,9645824,262400,65600,0,3840,12032,262464,64,target_locations.ys
230,42,3525910343744,4,64,9908288,262400,65600,0,64,12352,262464,64,target_locations.zs
230,43,3525910606208,4,64,10170752,262400,65600,0,384,12672,262464,64,target_velocities.xs
230,44,3525910868672,4,64,10433216,262400,65600,0,704,12992,262464,64,target_velocities.ys
230,45,3525911131136,4,64,10695680,262400,65600,0,1024,13312,262464,64,target_velocities.zs
230,46,3525911393600,4,64,10958144,262400,65600,0,1344,13632,262464,64,target_directions.xs
230,47,3525911656064,4,64,11220608,262400,65600,0,1664,13952,262464,64,target_directions.ys
230,48,3525911918528,4,64,11483072,262400,65600,0,1984,14272,262464,64,target_directions.zs
230,49,3525912180992,4,64,11745536,262400,65600,0,2304,14592,262464,64,intercept_times
230,50,3525912443456,4,64,12008000,262400,65600,0,2624,14912,262464,64,target_distance_sq
230,51,3525912705920,4,64,12270464,262400,65600,0,2944,15232,262464,64,target_distances
230,52,3525912968384,4,64,12532928,262400,65600,0,3264,15552,,,target_radii
231,0,2314182787072,8,64,0,524288,65536,0,0,0,524480,192,positions0.xs
231,1,2314183311552,8,64,524480,524288,65536,0,192,192,524480,192,positions0.ys
231,2,2314183836032,8,64,1048960,524288,65536,0,384,384,524480,192,positions0.zs
231,3,2314184360512,8,64,1573440,524288,65536,0,576,576,524480,192,velocities0.xs
231,4,2314184884992,8,64,2097920,524288,65536,0,768,768,524480,192,velocities0.ys
231,5,2314185409472,8,64,2622400,524288,65536,0,960,960,524480,192,velocities0.zs
231,6,2314185933952,8,64,3146880,524288,65536,0,1152,1152,524480,192,positions1.xs
231,7,2314186458432,8,64,3671360,524288,65536,0,1344,1344,524480,192,positions1.ys
231,8,2314186982912,8,64,4195840,524288,65536,0,1536,1536,524480,192,positions1.zs
231,9,2314187507392,8,64,4720320,524288,65536,0,1728,1728,524480,192,velocities1.xs
231,10,2314188031872,8,64,5244800,524288,65536,0,1920,1920,524480,192,velocities1.ys
231,11,2314188556352,8,64,5769280,524288,65536,0,2112,2112,524480,192,velocities1.zs
231,12,2314189080832,8,64,6293760,524288,65536,0,2304,2304,524480,192,positions2.xs
231,13,2314189605312,8,64,6818240,524288,65536,0,2496,2496,524480,192,positions2.ys
231,14,2314190129792,8,64,7342720,524288,65536,0,2688,2688,524480,192,positions2.zs
231,15,2314190654272,8,64,7867200,524288,65536,0,2880,2880,524480,192,velocities2.xs
231,16,2314191178752,8,64,8391680,524288,65536,0,3072,3072,524480,192,velocities2.ys
231,17,2314191703232,8,64,8916160,524288,65536,0,3264,3264,524480,192,velocities2.zs
231,18,2314192227712,8,64,9440640,524288,65536,0,3456,3456,524480,192,positions3.xs
231,19,2314192752192,8,64,9965120,524288,65536,0,3648,3648,524480,192,positions3.ys
231,20,2314193276672,8,64,10489600,524288,65536,0,3840,3840,524480,192,positions3.zs
231,21,2314193801152,8,64,11014080,524288,65536,0,4032,4032,524480,192,velocities3.xs
231,22,2314194325632,8,64,11538560,524288,65536,0,128,4224,524480,192,velocities3.ys
231,23,2314194850112,8,64,12063040,524288,65536,0,320,4416,,,velocities3.zs
232,0,4866198667264,8,64,0,1048576,131072,0,0,0,1048640,64,positions0.xs
232,1,4866199715904,8,64,1048640,1048576,131072,0,64,64,1048640,64,positions0.ys
232,2,4866200764544,8,64,2097280,1048576,131072,0,128,128,1048640,64,positions0.zs
232,3,4866201813184,8,64,3145920,1048576,131072,0,192,192,1048640,64,velocities0.xs
232,4,4866202861824,8,64,4194560,1048576,131072,0,256,256,1048640,64,velocities0.ys
232,5,4866203910464,8,64,5243200,1048576,131072,0,320,320,1048640,64,velocities0.zs
232,6,4866204959104,8,64,6291840,1048576,131072,0,384,384,1048640,64,positions1.xs
232,7,4866206007744,8,64,7340480,1048576,131072,0,448,448,1048640,64,positions1.ys
232,8,4866207056384,8,64,8389120,1048576,131072,0,512,512,1048640,64,positions1.zs
232,9,4866208105024,8,64,9437760,1048576,131072,0,576,576,1048640,64,velocities1.xs
232,10,4866209153664,8,64,10486400,1048576,131072,0,640,640,1048640,64,velocities1.ys
232,11,4866210202304,8,64,11535040,1048576,131072,0,704,704,1048640,64,velocities1.zs
232,12,4866211250944,8,64,12583680,1048576,131072,0,768,768,1048640,64,positions2.xs
232,13,4866212299584,8,64,13632320,1048576,131072,0,832,832,1048640,64,positions2.ys
232,14,4866213348224,8,64,14680960,1048576,131072,0,896,896,1048640,64,positions2.zs
232,15,4866214396864,8,64,15729600,1048576,131072,0,960,960,1048640,64,velocities2.xs
232,16,4866215445504,8,64,16778240,1048576,131072,0,1024,1024,1048640,64,velocities2.ys
232,17,4866216494144,8,64,17826880,1048576,131072,0,1088,1088,1048640,64,velocities2.zs
232,18,4866217542784,8,64,18875520,1048576,131072,0,1152,1152,1048640,64,positions3.xs
232,19,4866218591424,8,64,19924160,1048576,131072,0,1216,1216,1048640,64,positions3.ys
232,20,4866219640064,8,64,20972800,1048576,131072,0,1280,1280,1048640,64,positions3.zs
232,21,4866220688704,8,64,22021440,1048576,131072,0,1344,1344,1048640,64,velocities3.xs
232,22,4866221737344,8,64,23070080,1048576,131072,0,1408,1408,1048640,64,velocities3.ys
232,23,4866222785984,8,64,24118720,1048576,131072,0,1472,1472,,,velocities3.zs
233,0,3787657838592,4,64,0,262144,65536,0,0,0,262336,192,bundle0.positions
233,1,3787658100928,4,64,262336,262144,65536,0,192,192,262336,192,bundle0.velocities
233,2,3787658363264,32,64,524672,2097152,65536,0,384,384,2097344,192,bundle0.aligned32
233,3,3787660460608,64,64,2622016,4194304,65536,0,576,576,4194496,192,bundle0.aligned64
233,4,3787664655104,256,256,6816512,16777216,65536,0,768,768,16777408,192,bundle0.aligned256
233,5,3787681432512,4,64,23593920,262144,65536,0,960,960,262336,192,bundle1.positions
233,6,3787681694848,4,64,23856256,262144,65536,0,1152,1152,262336,192,bundle1.velocities
233,7,3787681957184,32,64,24118592,2097152,65536,0,1344,1344,2097344,192,bundle1.aligned32
233,8,3787684054528,64,64,26215936,4194304,65536,0,1536,1536,4194560,256,bundle1.aligned64
233,9,3787688249088,256,256,30410496,16777216,65536,0,1792,1792,16777408,192,bundle1.aligned256
233,10,3787705026496,4,64,47187904,262144,65536,0,1984,1984,262336,192,bundle2.positions
233,11,3787705288832,4,64,47450240,262144,65536,0,2176,2176,262336,192,bundle2.velocities
233,12,3787705551168,32,64,47712576,2097152,65536,0,2368,2368,2097344,192,bundle2.aligned32
233,13,3787707648512,64,64,49809920,4194304,65536,0,2560,2560,4194560,256,bundle2.aligned64
233,14,3787711843072,256,256,54004480,16777216,65536,0,2816,2816,,,bundle2.aligned256
234,0,2238516822016,4,64,0,262144,65536,0,0,0,262208,64,bundle0.positions
234,1,2238517084224,4,64,262208,262144,65536,0,64,64,262208,64,bundle0.velocities
234,2,2238517346432,32,64,524416,2097152,65536,0,128,128,2097216,64,bundle0.aligned32
234,3,2238519443648,64,64,2621632,4194304,65536,0,192,192,4194368,64,bundle0.aligned64
234,4,2238523638016,256,256,6816000,16777216,65536,0,256,256,16777280,64,bundle0.aligned256
234,5,2238540415296,4,64,23593280,262144,65536,0,320,320,262208,64,bundle1.positions
234,6,2238540677504,4,64,23855488,262144,65536,0,384,384,262208,64,bundle1.velocities
234,7,2238540939712,32,64,24117696,2097152,65536,0,448,448,2097216,64,bundle1.aligned32
234,8,2238543036928,64,64,26214912,4194304,65536,0,512,512,4194560,256,bundle1.aligned64
234,9,2238547231488,256,256,30409472,16777216,65536,0,768,768,16777280,64,bundle1.aligned256
234,10,2238564008768,4,64,47186752,262144,65536,0,832,832,262208,64,bundle2.positions
234,11,2238564270976,4,64,47448960,262144,65536,0,896,896,262208,64,bundle2.velocities
234,12,2238564533184,32,64,47711168,2097152,65536,0,960,960,2097216,64,bundle2.aligned32
234,13,2238566630400,64,64,49808384,4194304,65536,0,1024,1024,4194560,256,bundle2.aligned64
234,14,2238570824960,256,256,54002944,16777216,65536,0,1280,1280,,,bundle2.aligned256
235,0,2710393520128,8,64,0,1048576,131072,0,0,0,1048768,192,entity_handles
235,1,2710394568896,4,64,1048768,524288,131072,0,192,192,524480,192,integral_biases
235,2,2710395093376,4,64,1573248,524288,131072,0,384,384,524480,192,float_biases
235,3,2710395617856,1,64,2097728,131072,131072,0,576,576,131264,192,tasks
235,4,2710395749120,4,64,2228992,524288,131072,0,768,768,524480,192,locations.xs
235,5,2710396273600,4,64,2753472,524288,131072,0,960,960,524480,192,locations.ys
235,6,2710396798080,4,64,3277952,524288,131072,0,1152,1152,524480,192,locations.zs
235,7,2710397322560,4,64,3802432,524288,131072,0,1344,1344,524480,192,desired_move_locations.xs
235,8,2710397847040,4,64,4326912,524288,131072,0,1536,1536,524480,192,desired_move_locations.ys
235,9,2710398371520,4,64,4851392,524288,131072,0,1728,1728,524480,192,desired_move_locations.zs
235,10,2710398896000,4,64,5375872,524288,131072,0,1920,1920,524480,192,aim_directions.xs
235,11,2710399420480,4,64,5900352,524288,131072,0,2112,2112,524480,192,aim_directions.ys
235,12,2710399944960,4,64,6424832,524288,131072,0,2304,2304,524480,192,aim_directions.zs
235,13,2710400469440,4,64,6949312,524288,131072,0,2496,2496,524480,192,desired_aiming_directions.xs
235,14,2710400993920,4,64,7473792,524288,131072,0,2688,2688,524480,192,desired_aiming_directions.ys
235,15,2710401518400,4,64,7998272,524288,131072,0,2880,2880,524480,192,desired_aiming_directions.zs
235,16,2710402042880,4,64,8522752,524288,131072,0,3072,3072,524480,192,movement_directions.xs
235,17,2710402567360,4,64,9047232,524288,131072,0,3264,3264,524480,192,movement_directions.ys
235,18,2710403091840,4,64,9571712,524288,131072,0,3456,3456,524480,192,movement_directions.zs
235,19,2710403616320,4,64,10096192,524288,131072,0,3648,3648,524480,192,velocities.xs
235,20,2710404140800,4,64,10620672,524288,131072,0,3840,3840,524480,192,velocities.ys
235,21,2710404665280,4,64,11145152,524288,131072,0,4032,4032,524480,192,velocities.zs
235,22,2710405189760,4,64,11669632,524288,131072,0,128,4224,524480,192,move_distances
235,23,2710405714240,4,64,12194112,524288,131072,0,320,4416,524480,192,speeds
235,24,2710406238720,1,64,12718592,131072,131072,0,512,4608,131264,192,teams
235,25,2710406369984,4,64,12849856,524288,131072,0,704,4800,524480,192,healths
235,26,2710406894464,8,64,13374336,1048576,131072,0,896,4992,1048768,192,parent_handles
235,27,2710407943232,1,64,14423104,131072,131072,0,1088,5184,131264,192,awareness_scan_countdowns.counters
235,28,2710408074496,2,64,14554368,262144,131072,0,1280,5376,262336,192,navigation_update_countdowns.remaining_ticks
235,29,2710408336832,2,64,14816704,262144,131072,0,1472,5568,262336,192,navigation_update_countdowns.periods
235,30,2710408599168,4,64,15079040,524288,131072,0,1664,5760,524480,192,separation_steering.xs
235,31,2710409123648,4,64,15603520,524288,131072,0,1856,5952,524480,192,separation_steering.ys
235,32,2710409648128,4,64,16128000,524288,131072,0,2048,6144,524480,192,separation_steering.zs
235,33,2710410172608,1,64,16652480,131072,131072,0,2240,6336,131264,192,navigation_risk_tiers
235,34,2710410303872,1,64,16783744,131072,131072,0,2432,6528,131264,192,navigation_lower_risk_scan_counts
235,35,2710410435136,1,64,16915008,131072,131072,0,2624,6720,131264,192,avoidance_choice_indices
235,36,2710410566400,1,64,17046272,131072,131072,0,2816,6912,131264,192,avoidance_clear_scan_counts
235,37,2710410697664,2,64,17177536,262144,131072,0,3008,7104,262336,192,attack_reposition_countdowns.counters
235,38,2710410960000,2,64,17439872,262144,131072,0,3200,7296,262336,192,attack_cooldowns.counters
235,39,2710411222336,8,64,17702208,1048576,131072,0,3392,7488,1048768,192,target_handles
235,40,2710412271104,4,64,18750976,524288,131072,0,3584,7680,524480,192,target_locations.xs
235,41,2710412795584,4,64,19275456,524288,131072,0,3776,7872,524480,192,target_locations.ys
235,42,2710413320064,4,64,19799936,524288,131072,0,3968,8064,524480,192,target_locations.zs
235,43,2710413844544,4,64,20324416,524288,131072,0,64,8256,524480,192,target_velocities.xs
235,44,2710414369024,4,64,20848896,524288,131072,0,256,8448,524480,192,target_velocities.ys
235,45,2710414893504,4,64,21373376,524288,131072,0,448,8640,524480,192,target_velocities.zs
235,46,2710415417984,4,64,21897856,524288,131072,0,640,8832,524480,192,target_directions.xs
235,47,2710415942464,4,64,22422336,524288,131072,0,832,9024,524480,192,target_directions.ys
235,48,2710416466944,4,64,22946816,524288,131072,0,1024,9216,524480,192,target_directions.zs
235,49,2710416991424,4,64,23471296,524288,131072,0,1216,9408,524480,192,intercept_times
235,50,2710417515904,4,64,23995776,524288,131072,0,1408,9600,524480,192,target_distance_sq
235,51,2710418040384,4,64,24520256,524288,131072,0,1600,9792,524480,192,target_distances
235,52,2710418564864,4,64,25044736,524288,131072,0,1792,9984,,,target_radii
236,0,3600525492224,8,64,0,600064,75008,0,0,0,600064,0,entity_handles
236,1,3600526092288,4,64,600064,300032,75008,0,2048,10240,300032,0,integral_biases
236,2,3600526392320,4,64,900096,300032,75008,0,3072,48128,300032,0,float_biases
236,3,3600526692352,1,64,1200128,75008,75008,0,0,20480,75008,0,tasks
236,4,3600526767360,4,64,1275136,300032,75008,0,1280,29952,300032,0,locations.xs
236,5,3600527067392,4,64,1575168,300032,75008,0,2304,2304,300032,0,locations.ys
236,6,3600527367424,4,64,1875200,300032,75008,0,3328,40192,300032,0,locations.zs
236,7,3600527667456,4,64,2175232,300032,75008,0,256,12544,300032,0,desired_move_locations.xs
236,8,3600527967488,4,64,2475264,300032,75008,0,1280,50432,300032,0,desired_move_locations.ys
236,9,3600528267520,4,64,2775296,300032,75008,0,2304,22784,300032,0,desired_move_locations.zs
236,10,3600528567552,4,64,3075328,300032,75008,0,3328,60672,300032,0,aim_directions.xs
236,11,3600528867584,4,64,3375360,300032,75008,0,256,33024,300032,0,aim_directions.ys
236,12,3600529167616,4,64,3675392,300032,75008,0,1280,5376,300032,0,aim_directions.zs
236,13,3600529467648,4,64,3975424,300032,75008,0,2304,43264,300032,0,desired_aiming_directions.xs
236,14,3600529767680,4,64,4275456,300032,75008,0,3328,15616,300032,0,desired_aiming_directions.ys
236,15,3600530067712,4,64,4575488,300032,75008,0,256,53504,300032,0,desired_aiming_directions.zs
236,16,3600530367744,4,64,4875520,300032,75008,0,1280,25856,300032,0,movement_directions.xs
236,17,3600530667776,4,64,5175552,300032,75008,0,2304,63744,300032,0,movement_directions.ys
236,18,3600530967808,4,64,5475584,300032,75008,0,3328,36096,300032,0,movement_directions.zs
236,19,3600531267840,4,64,5775616,300032,75008,0,256,8448,300032,0,velocities.xs
236,20,3600531567872,4,64,6075648,300032,75008,0,1280,46336,300032,0,velocities.ys
236,21,3600531867904,4,64,6375680,300032,75008,0,2304,18688,300032,0,velocities.zs
236,22,3600532167936,4,64,6675712,300032,75008,0,3328,56576,300032,0,move_distances
236,23,3600532467968,4,64,6975744,300032,75008,0,256,28928,300032,0,speeds
236,24,3600532768000,1,64,7275776,75008,75008,0,1280,1280,75008,0,teams
236,25,3600532843008,4,64,7350784,300032,75008,0,2560,10752,300032,0,healths
236,26,3600533143040,8,64,7650816,600064,75008,0,3584,48640,600064,0,parent_handles
236,27,3600533743104,1,64,8250880,75008,75008,0,1536,58880,75008,0,awareness_scan_countdowns.counters
236,28,3600533818112,2,64,8325888,150016,75008,0,2816,2816,150016,0,navigation_update_countdowns.remaining_ticks
236,29,3600533968128,2,64,8475904,150016,75008,0,1280,21760,150016,0,navigation_update_countdowns.periods
236,30,3600534118144,4,64,8625920,300032,75008,0,3840,40704,300032,0,separation_steering.xs
236,31,3600534418176,4,64,8925952,300032,75008,0,768,13056,300032,0,separation_steering.ys
236,32,3600534718208,4,64,9225984,300032,75008,0,1792,50944,300032,0,separation_steering.zs
236,33,3600535018240,1,64,9526016,75008,75008,0,2816,23296,75008,0,navigation_risk_tiers
236,34,3600535093248,1,64,9601024,75008,75008,0,0,32768,75008,0,navigation_lower_risk_scan_counts
236,35,3600535168256,1,64,9676032,75008,75008,0,1280,42240,75008,0,avoidance_choice_indices
236,36,3600535243264,1,64,9751040,75008,75008,0,2560,51712,75008,0,avoidance_clear_scan_counts
236,37,3600535318272,2,64,9826048,150016,75008,0,3840,61184,150016,0,attack_reposition_countdowns.counters
236,38,3600535468288,2,64,9976064,150016,75008,0,2304,14592,150016,0,attack_cooldowns.counters
236,39,3600535618304,8,64,10126080,600064,75008,0,768,33536,600064,0,target_handles
236,40,3600536218368,4,64,10726144,300032,75008,0,2816,43776,300032,0,target_locations.xs
236,41,3600536518400,4,64,11026176,300032,75008,0,3840,16128,300032,0,target_locations.ys
236,42,3600536818432,4,64,11326208,300032,75008,0,768,54016,300032,0,target_locations.zs
236,43,3600537118464,4,64,11626240,300032,75008,0,1792,26368,300032,0,target_velocities.xs
236,44,3600537418496,4,64,11926272,300032,75008,0,2816,64256,300032,0,target_velocities.ys
236,45,3600537718528,4,64,12226304,300032,75008,0,3840,36608,300032,0,target_velocities.zs
236,46,3600538018560,4,64,12526336,300032,75008,0,768,8960,300032,0,target_directions.xs
236,47,3600538318592,4,64,12826368,300032,75008,0,1792,46848,300032,0,target_directions.ys
236,48,3600538618624,4,64,13126400,300032,75008,0,2816,19200,300032,0,target_directions.zs
236,49,3600538918656,4,64,13426432,300032,75008,0,3840,57088,300032,0,intercept_times
236,50,3600539218688,4,64,13726464,300032,75008,0,768,29440,300032,0,target_distance_sq
236,51,3600539518720,4,64,14026496,300032,75008,0,1792,1792,300032,0,target_distances
236,52,3600539818752,4,64,14326528,300032,75008,0,2816,39680,,,target_radii
237,0,3671929323520,8,64,0,524288,65536,0,0,0,524480,192,entity_handles
237,1,3671929848000,4,64,524480,262144,65536,0,192,192,262336,192,integral_biases
237,2,3671930110336,4,64,786816,262144,65536,0,384,384,262336,192,float_biases
237,3,3671930372672,1,64,1049152,65536,65536,0,576,576,65728,192,tasks
237,4,3671930438400,4,64,1114880,262144,65536,0,768,768,262336,192,locations.xs
237,5,3671930700736,4,64,1377216,262144,65536,0,960,960,262336,192,locations.ys
237,6,3671930963072,4,64,1639552,262144,65536,0,1152,1152,262336,192,locations.zs
237,7,3671931225408,4,64,1901888,262144,65536,0,1344,1344,262336,192,desired_move_locations.xs
237,8,3671931487744,4,64,2164224,262144,65536,0,1536,1536,262336,192,desired_move_locations.ys
237,9,3671931750080,4,64,2426560,262144,65536,0,1728,1728,262336,192,desired_move_locations.zs
237,10,3671932012416,4,64,2688896,262144,65536,0,1920,1920,262336,192,aim_directions.xs
237,11,3671932274752,4,64,2951232,262144,65536,0,2112,2112,262336,192,aim_directions.ys
237,12,3671932537088,4,64,3213568,262144,65536,0,2304,2304,262336,192,aim_directions.zs
237,13,3671932799424,4,64,3475904,262144,65536,0,2496,2496,262336,192,desired_aiming_directions.xs
237,14,3671933061760,4,64,3738240,262144,65536,0,2688,2688,262336,192,desired_aiming_directions.ys
237,15,3671933324096,4,64,4000576,262144,65536,0,2880,2880,262336,192,desired_aiming_directions.zs
237,16,3671933586432,4,64,4262912,262144,65536,0,3072,3072,262336,192,movement_directions.xs
237,17,3671933848768,4,64,4525248,262144,65536,0,3264,3264,262336,192,movement_directions.ys
237,18,3671934111104,4,64,4787584,262144,65536,0,3456,3456,262336,192,movement_directions.zs
237,19,3671934373440,4,64,5049920,262144,65536,0,3648,3648,262336,192,velocities.xs
237,20,3671934635776,4,64,5312256,262144,65536,0,3840,3840,262336,192,velocities.ys
237,21,3671934898112,4,64,5574592,262144,65536,0,4032,4032,262336,192,velocities.zs
237,22,3671935160448,4,64,5836928,262144,65536,0,128,4224,262336,192,move_distances
237,23,3671935422784,4,64,6099264,262144,65536,0,320,4416,262336,192,speeds
237,24,3671935685120,1,64,6361600,65536,65536,0,512,4608,65728,192,teams
237,25,3671935750848,4,64,6427328,262144,65536,0,704,4800,262336,192,healths
237,26,3671936013184,8,64,6689664,524288,65536,0,896,4992,524480,192,parent_handles
237,27,3671936537664,1,64,7214144,65536,65536,0,1088,5184,65728,192,awareness_scan_countdowns.counters
237,28,3671936603392,2,64,7279872,131072,65536,0,1280,5376,131264,192,navigation_update_countdowns.remaining_ticks
237,29,3671936734656,2,64,7411136,131072,65536,0,1472,5568,131264,192,navigation_update_countdowns.periods
237,30,3671936865920,4,64,7542400,262144,65536,0,1664,5760,262336,192,separation_steering.xs
237,31,3671937128256,4,64,7804736,262144,65536,0,1856,5952,262336,192,separation_steering.ys
237,32,3671937390592,4,64,8067072,262144,65536,0,2048,6144,262336,192,separation_steering.zs
237,33,3671937652928,1,64,8329408,65536,65536,0,2240,6336,65728,192,navigation_risk_tiers
237,34,3671937718656,1,64,8395136,65536,65536,0,2432,6528,65728,192,navigation_lower_risk_scan_counts
237,35,3671937784384,1,64,8460864,65536,65536,0,2624,6720,65728,192,avoidance_choice_indices
237,36,3671937850112,1,64,8526592,65536,65536,0,2816,6912,65728,192,avoidance_clear_scan_counts
237,37,3671937915840,2,64,8592320,131072,65536,0,3008,7104,131264,192,attack_reposition_countdowns.counters
237,38,3671938047104,2,64,8723584,131072,65536,0,3200,7296,131264,192,attack_cooldowns.counters
237,39,3671938178368,8,64,8854848,524288,65536,0,3392,7488,524480,192,target_handles
237,40,3671938702848,4,64,9379328,262144,65536,0,3584,7680,262336,192,target_locations.xs
237,41,3671938965184,4,64,9641664,262144,65536,0,3776,7872,262336,192,target_locations.ys
237,42,3671939227520,4,64,9904000,262144,65536,0,3968,8064,262336,192,target_locations.zs
237,43,3671939489856,4,64,10166336,262144,65536,0,64,8256,262336,192,target_velocities.xs
237,44,3671939752192,4,64,10428672,262144,65536,0,256,8448,262336,192,target_velocities.ys
237,45,3671940014528,4,64,10691008,262144,65536,0,448,8640,262336,192,target_velocities.zs
237,46,3671940276864,4,64,10953344,262144,65536,0,640,8832,262336,192,target_directions.xs
237,47,3671940539200,4,64,11215680,262144,65536,0,832,9024,262336,192,target_directions.ys
237,48,3671940801536,4,64,11478016,262144,65536,0,1024,9216,262336,192,target_directions.zs
237,49,3671941063872,4,64,11740352,262144,65536,0,1216,9408,262336,192,intercept_times
237,50,3671941326208,4,64,12002688,262144,65536,0,1408,9600,262336,192,target_distance_sq
237,51,3671941588544,4,64,12265024,262144,65536,0,1600,9792,262336,192,target_distances
237,52,3671941850880,4,64,12527360,262144,65536,0,1792,9984,,,target_radii
238,0,5038265794560,8,64,0,1048576,131072,0,0,0,1048640,64,entity_handles
238,1,5038266843200,4,64,1048640,524288,131072,0,64,64,524352,64,integral_biases
238,2,5038267367552,4,64,1572992,524288,131072,0,128,128,524352,64,float_biases
238,3,5038267891904,1,64,2097344,131072,131072,0,192,192,131136,64,tasks
238,4,5038268023040,4,64,2228480,524288,131072,0,256,256,524352,64,locations.xs
238,5,5038268547392,4,64,2752832,524288,131072,0,320,320,524352,64,locations.ys
238,6,5038269071744,4,64,3277184,524288,131072,0,384,384,524352,64,locations.zs
238,7,5038269596096,4,64,3801536,524288,131072,0,448,448,524352,64,desired_move_locations.xs
238,8,5038270120448,4,64,4325888,524288,131072,0,512,512,524352,64,desired_move_locations.ys
238,9,5038270644800,4,64,4850240,524288,131072,0,576,576,524352,64,desired_move_locations.zs
238,10,5038271169152,4,64,5374592,524288,131072,0,640,640,524352,64,aim_directions.xs
238,11,5038271693504,4,64,5898944,524288,131072,0,704,704,524352,64,aim_directions.ys
238,12,5038272217856,4,64,6423296,524288,131072,0,768,768,524352,64,aim_directions.zs
238,13,5038272742208,4,64,6947648,524288,131072,0,832,832,524352,64,desired_aiming_directions.xs
238,14,5038273266560,4,64,7472000,524288,131072,0,896,896,524352,64,desired_aiming_directions.ys
238,15,5038273790912,4,64,7996352,524288,131072,0,960,960,524352,64,desired_aiming_directions.zs
238,16,5038274315264,4,64,8520704,524288,131072,0,1024,1024,524352,64,movement_directions.xs
238,17,5038274839616,4,64,9045056,524288,131072,0,1088,1088,524352,64,movement_directions.ys
238,18,5038275363968,4,64,9569408,524288,131072,0,1152,1152,524352,64,movement_directions.zs
238,19,5038275888320,4,64,10093760,524288,131072,0,1216,1216,524352,64,velocities.xs
238,20,5038276412672,4,64,10618112,524288,131072,0,1280,1280,524352,64,velocities.ys
238,21,5038276937024,4,64,11142464,524288,131072,0,1344,1344,524352,64,velocities.zs
238,22,5038277461376,4,64,11666816,524288,131072,0,1408,1408,524352,64,move_distances
238,23,5038277985728,4,64,12191168,524288,131072,0,1472,1472,524352,64,speeds
238,24,5038278510080,1,64,12715520,131072,131072,0,1536,1536,131136,64,teams
238,25,5038278641216,4,64,12846656,524288,131072,0,1600,1600,524352,64,healths
238,26,5038279165568,8,64,13371008,1048576,131072,0,1664,1664,1048640,64,parent_handles
238,27,5038280214208,1,64,14419648,131072,131072,0,1728,1728,131136,64,awareness_scan_countdowns.counters
238,28,5038280345344,2,64,14550784,262144,131072,0,1792,1792,262208,64,navigation_update_countdowns.remaining_ticks
238,29,5038280607552,2,64,14812992,262144,131072,0,1856,1856,262208,64,navigation_update_countdowns.periods
238,30,5038280869760,4,64,15075200,524288,131072,0,1920,1920,524352,64,separation_steering.xs
238,31,5038281394112,4,64,15599552,524288,131072,0,1984,1984,524352,64,separation_steering.ys
238,32,5038281918464,4,64,16123904,524288,131072,0,2048,2048,524352,64,separation_steering.zs
238,33,5038282442816,1,64,16648256,131072,131072,0,2112,2112,131136,64,navigation_risk_tiers
238,34,5038282573952,1,64,16779392,131072,131072,0,2176,2176,131136,64,navigation_lower_risk_scan_counts
238,35,5038282705088,1,64,16910528,131072,131072,0,2240,2240,131136,64,avoidance_choice_indices
238,36,5038282836224,1,64,17041664,131072,131072,0,2304,2304,131136,64,avoidance_clear_scan_counts
238,37,5038282967360,2,64,17172800,262144,131072,0,2368,2368,262208,64,attack_reposition_countdowns.counters
238,38,5038283229568,2,64,17435008,262144,131072,0,2432,2432,262208,64,attack_cooldowns.counters
238,39,5038283491776,8,64,17697216,1048576,131072,0,2496,2496,1048640,64,target_handles
238,40,5038284540416,4,64,18745856,524288,131072,0,2560,2560,524352,64,target_locations.xs
238,41,5038285064768,4,64,19270208,524288,131072,0,2624,2624,524352,64,target_locations.ys
238,42,5038285589120,4,64,19794560,524288,131072,0,2688,2688,524352,64,target_locations.zs
238,43,5038286113472,4,64,20318912,524288,131072,0,2752,2752,524352,64,target_velocities.xs
238,44,5038286637824,4,64,20843264,524288,131072,0,2816,2816,524352,64,target_velocities.ys
238,45,5038287162176,4,64,21367616,524288,131072,0,2880,2880,524352,64,target_velocities.zs
238,46,5038287686528,4,64,21891968,524288,131072,0,2944,2944,524352,64,target_directions.xs
238,47,5038288210880,4,64,22416320,524288,131072,0,3008,3008,524352,64,target_directions.ys
238,48,5038288735232,4,64,22940672,524288,131072,0,3072,3072,524352,64,target_directions.zs
238,49,5038289259584,4,64,23465024,524288,131072,0,3136,3136,524352,64,intercept_times
238,50,5038289783936,4,64,23989376,524288,131072,0,3200,3200,524352,64,target_distance_sq
238,51,5038290308288,4,64,24513728,524288,131072,0,3264,3264,524352,64,target_distances
238,52,5038290832640,4,64,25038080,524288,131072,0,3328,3328,,,target_radii
239,0,2515509379072,8,64,0,800256,100032,0,0,0,800448,192,entity_handles
239,1,2515510179520,4,64,800448,400128,100032,0,1728,14016,400320,192,integral_biases
239,2,2515510579840,4,64,1200768,400128,100032,0,640,21120,400320,192,float_biases
239,3,2515510980160,1,64,1601088,100032,100032,0,3648,28224,100224,192,tasks
239,4,2515511080384,4,64,1701312,400128,100032,0,1472,62912,400320,192,locations.xs
239,5,2515511480704,4,64,2101632,400128,100032,0,384,4480,400320,192,locations.ys
239,6,2515511881024,4,64,2501952,400128,100032,0,3392,11584,400320,192,locations.zs
239,7,2515512281344,4,64,2902272,400128,100032,0,2304,18688,400320,192,desired_move_locations.xs
239,8,2515512681664,4,64,3302592,400128,100032,0,1216,25792,400320,192,desired_move_locations.ys
239,9,2515513081984,4,64,3702912,400128,100032,0,128,32896,400320,192,desired_move_locations.zs
239,10,2515513482304,4,64,4103232,400128,100032,0,3136,40000,400320,192,aim_directions.xs
239,11,2515513882624,4,64,4503552,400128,100032,0,2048,47104,400320,192,aim_directions.ys
239,12,2515514282944,4,64,4903872,400128,100032,0,960,54208,400320,192,aim_directions.zs
239,13,2515514683264,4,64,5304192,400128,100032,0,3968,61312,400320,192,desired_aiming_directions.xs
239,14,2515515083584,4,64,5704512,400128,100032,0,2880,2880,400320,192,desired_aiming_directions.ys
239,15,2515515483904,4,64,6104832,400128,100032,0,1792,9984,400320,192,desired_aiming_directions.zs
239,16,2515515884224,4,64,6505152,400128,100032,0,704,17088,400320,192,movement_directions.xs
239,17,2515516284544,4,64,6905472,400128,100032,0,3712,24192,400320,192,movement_directions.ys
239,18,2515516684864,4,64,7305792,400128,100032,0,2624,31296,400320,192,movement_directions.zs
239,19,2515517085184,4,64,7706112,400128,100032,0,1536,38400,400320,192,velocities.xs
239,20,2515517485504,4,64,8106432,400128,100032,0,448,45504,400320,192,velocities.ys
239,21,2515517885824,4,64,8506752,400128,100032,0,3456,52608,400320,192,velocities.zs
239,22,2515518286144,4,64,8907072,400128,100032,0,2368,59712,400320,192,move_distances
239,23,2515518686464,4,64,9307392,400128,100032,0,1280,1280,400320,192,speeds
239,24,2515519086784,1,64,9707712,100032,100032,0,192,8384,100224,192,teams
239,25,2515519187008,4,64,9807936,400128,100032,0,2112,43072,400320,192,healths
239,26,2515519587328,8,64,10208256,800256,100032,0,1024,50176,800448,192,parent_handles
239,27,2515520387776,1,64,11008704,100032,100032,0,2752,64192,100224,192,awareness_scan_countdowns.counters
239,28,2515520488000,2,64,11108928,200064,100032,0,576,33344,200256,192,navigation_update_countdowns.remaining_ticks
239,29,2515520688256,2,64,11309184,200064,100032,0,128,36992,200256,192,navigation_update_countdowns.periods
239,30,2515520888512,4,64,11509440,400128,100032,0,3776,40640,400320,192,separation_steering.xs
239,31,2515521288832,4,64,11909760,400128,100032,0,2688,47744,400320,192,separation_steering.ys
239,32,2515521689152,4,64,12310080,400128,100032,0,1600,54848,400320,192,separation_steering.zs
239,33,2515522089472,1,64,12710400,100032,100032,0,512,61952,100224,192,navigation_risk_tiers
239,34,2515522189696,1,64,12810624,100032,100032,0,2432,31104,100224,192,navigation_lower_risk_scan_counts
239,35,2515522289920,1,64,12910848,100032,100032,0,256,256,100224,192,avoidance_choice_indices
239,36,2515522390144,1,64,13011072,100032,100032,0,2176,34944,100224,192,avoidance_clear_scan_counts
239,37,2515522490368,2,64,13111296,200064,100032,0,0,4096,200256,192,attack_reposition_countdowns.counters
239,38,2515522690624,2,64,13311552,200064,100032,0,3648,7744,200256,192,attack_cooldowns.counters
239,39,2515522890880,8,64,13511808,800256,100032,0,3200,11392,800448,192,target_handles
239,40,2515523691328,4,64,14312256,400128,100032,0,832,25408,400320,192,target_locations.xs
239,41,2515524091648,4,64,14712576,400128,100032,0,3840,32512,400320,192,target_locations.ys
239,42,2515524491968,4,64,15112896,400128,100032,0,2752,39616,400320,192,target_locations.zs
239,43,2515524892288,4,64,15513216,400128,100032,0,1664,46720,400320,192,target_velocities.xs
239,44,2515525292608,4,64,15913536,400128,100032,0,576,53824,400320,192,target_velocities.ys
239,45,2515525692928,4,64,16313856,400128,100032,0,3584,60928,400320,192,target_velocities.zs
239,46,2515526093248,4,64,16714176,400128,100032,0,2496,2496,400320,192,target_directions.xs
239,47,2515526493568,4,64,17114496,400128,100032,0,1408,9600,400320,192,target_directions.ys
239,48,2515526893888,4,64,17514816,400128,100032,0,320,16704,400320,192,target_directions.zs
239,49,2515527294208,4,64,17915136,400128,100032,0,3328,23808,400320,192,intercept_times
239,50,2515527694528,4,64,18315456,400128,100032,0,2240,30912,400320,192,target_distance_sq
239,51,2515528094848,4,64,18715776,400128,100032,0,1152,38016,400320,192,target_distances
239,52,2515528495168,4,64,19116096,400128,100032,0,64,45120,,,target_radii
240,0,4046966489088,4,64,0,524288,131072,0,0,0,524480,192,bundle0.positions
240,1,4046967013568,4,64,524480,524288,131072,0,192,192,524480,192,bundle0.velocities
240,2,4046967538048,32,64,1048960,4194304,131072,0,384,384,4194496,192,bundle0.aligned32
240,3,4046971732544,64,64,5243456,8388608,131072,0,576,576,8388800,192,bundle0.aligned64
240,4,4046980121344,256,256,13632256,33554432,131072,0,768,768,33554624,192,bundle0.aligned256
240,5,4047013675968,4,64,47186880,524288,131072,0,960,960,524480,192,bundle1.positions
240,6,4047014200448,4,64,47711360,524288,131072,0,1152,1152,524480,192,bundle1.velocities
240,7,4047014724928,32,64,48235840,4194304,131072,0,1344,1344,4194496,192,bundle1.aligned32
240,8,4047018919424,64,64,52430336,8388608,131072,0,1536,1536,8388864,256,bundle1.aligned64
240,9,4047027308288,256,256,60819200,33554432,131072,0,1792,1792,33554624,192,bundle1.aligned256
240,10,4047060862912,4,64,94373824,524288,131072,0,1984,1984,524480,192,bundle2.positions
240,11,4047061387392,4,64,94898304,524288,131072,0,2176,2176,524480,192,bundle2.velocities
240,12,4047061911872,32,64,95422784,4194304,131072,0,2368,2368,4194496,192,bundle2.aligned32
240,13,4047066106368,64,64,99617280,8388608,131072,0,2560,2560,8388864,256,bundle2.aligned64
240,14,4047074495232,256,256,108006144,33554432,131072,0,2816,2816,,,bundle2.aligned256
241,0,3688840757248,1,64,0,131072,131072,0,0,0,131136,64,bundle0.flags
241,1,3688840888384,2,64,131136,262144,131072,0,64,64,262208,64,bundle0.counters
241,2,3688841150592,4,64,393344,524288,131072,0,128,128,524352,64,bundle0.counts
241,3,3688841674944,8,64,917696,1048576,131072,0,192,192,1048640,64,bundle0.totals
241,4,3688842723584,3,64,1966336,393216,131072,0,256,256,393280,64,bundle0.payloads
241,5,3688843116864,4,64,2359616,524288,131072,0,320,320,524352,64,bundle0.values
241,6,3688843641216,8,64,2883968,1048576,131072,0,384,384,1048640,64,bundle0.rates
241,7,3688844689856,1,64,3932608,131072,131072,0,448,448,131136,64,bundle1.flags
241,8,3688844820992,2,64,4063744,262144,131072,0,512,512,262208,64,bundle1.counters
241,9,3688845083200,4,64,4325952,524288,131072,0,576,576,524352,64,bundle1.counts
241,10,3688845607552,8,64,4850304,1048576,131072,0,640,640,1048640,64,bundle1.totals
241,11,3688846656192,3,64,5898944,393216,131072,0,704,704,393280,64,bundle1.payloads
241,12,3688847049472,4,64,6292224,524288,131072,0,768,768,524352,64,bundle1.values
241,13,3688847573824,8,64,6816576,1048576,131072,0,832,832,1048640,64,bundle1.rates
241,14,3688848622464,1,64,7865216,131072,131072,0,896,896,131136,64,bundle2.flags
241,15,3688848753600,2,64,7996352,262144,131072,0,960,960,262208,64,bundle2.counters
241,16,3688849015808,4,64,8258560,524288,131072,0,1024,1024,524352,64,bundle2.counts
241,17,3688849540160,8,64,8782912,1048576,131072,0,1088,1088,1048640,64,bundle2.totals
241,18,3688850588800,3,64,9831552,393216,131072,0,1152,1152,393280,64,bundle2.payloads
241,19,3688850982080,4,64,10224832,524288,131072,0,1216,1216,524352,64,bundle2.values
241,20,3688851506432,8,64,10749184,1048576,131072,0,1280,1280,1048640,64,bundle2.rates
241,21,3688852555072,1,64,11797824,131072,131072,0,1344,1344,131136,64,bundle3.flags
241,22,3688852686208,2,64,11928960,262144,131072,0,1408,1408,262208,64,bundle3.counters
241,23,3688852948416,4,64,12191168,524288,131072,0,1472,1472,524352,64,bundle3.counts
241,24,3688853472768,8,64,12715520,1048576,131072,0,1536,1536,1048640,64,bundle3.totals
241,25,3688854521408,3,64,13764160,393216,131072,0,1600,1600,393280,64,bundle3.payloads
241,26,3688854914688,4,64,14157440,524288,131072,0,1664,1664,524352,64,bundle3.values
241,27,3688855439040,8,64,14681792,1048576,131072,0,1728,1728,1048640,64,bundle3.rates
241,28,3688856487680,1,64,15730432,131072,131072,0,1792,1792,131136,64,bundle4.flags
241,29,3688856618816,2,64,15861568,262144,131072,0,1856,1856,262208,64,bundle4.counters
241,30,3688856881024,4,64,16123776,524288,131072,0,1920,1920,524352,64,bundle4.counts
241,31,3688857405376,8,64,16648128,1048576,131072,0,1984,1984,1048640,64,bundle4.totals
241,32,3688858454016,3,64,17696768,393216,131072,0,2048,2048,393280,64,bundle4.payloads
241,33,3688858847296,4,64,18090048,524288,131072,0,2112,2112,524352,64,bundle4.values
241,34,3688859371648,8,64,18614400,1048576,131072,0,2176,2176,1048640,64,bundle4.rates
241,35,3688860420288,1,64,19663040,131072,131072,0,2240,2240,131136,64,bundle5.flags
241,36,3688860551424,2,64,19794176,262144,131072,0,2304,2304,262208,64,bundle5.counters
241,37,3688860813632,4,64,20056384,524288,131072,0,2368,2368,524352,64,bundle5.counts
241,38,3688861337984,8,64,20580736,1048576,131072,0,2432,2432,1048640,64,bundle5.totals
241,39,3688862386624,3,64,21629376,393216,131072,0,2496,2496,393280,64,bundle5.payloads
241,40,3688862779904,4,64,22022656,524288,131072,0,2560,2560,524352,64,bundle5.values
241,41,3688863304256,8,64,22547008,1048576,131072,0,2624,2624,,,bundle5.rates
242,0,3975798259712,1,64,0,65536,65536,0,0,0,65536,0,bundle0.flags
242,1,3975798325248,2,64,65536,131072,65536,0,0,0,131072,0,bundle0.counters
242,2,3975798456320,4,64,196608,262144,65536,0,0,0,262144,0,bundle0.counts
242,3,3975798718464,8,64,458752,524288,65536,0,0,0,524288,0,bundle0.totals
242,4,3975799242752,3,64,983040,196608,65536,0,0,0,196608,0,bundle0.payloads
242,5,3975799439360,4,64,1179648,262144,65536,0,0,0,262144,0,bundle0.values
242,6,3975799701504,8,64,1441792,524288,65536,0,0,0,524288,0,bundle0.rates
242,7,3975800225792,1,64,1966080,65536,65536,0,0,0,65536,0,bundle1.flags
242,8,3975800291328,2,64,2031616,131072,65536,0,0,0,131072,0,bundle1.counters
242,9,3975800422400,4,64,2162688,262144,65536,0,0,0,262144,0,bundle1.counts
242,10,3975800684544,8,64,2424832,524288,65536,0,0,0,524288,0,bundle1.totals
242,11,3975801208832,3,64,2949120,196608,65536,0,0,0,196608,0,bundle1.payloads
242,12,3975801405440,4,64,3145728,262144,65536,0,0,0,262144,0,bundle1.values
242,13,3975801667584,8,64,3407872,524288,65536,0,0,0,524288,0,bundle1.rates
242,14,3975802191872,1,64,3932160,65536,65536,0,0,0,65536,0,bundle2.flags
242,15,3975802257408,2,64,3997696,131072,65536,0,0,0,131072,0,bundle2.counters
242,16,3975802388480,4,64,4128768,262144,65536,0,0,0,262144,0,bundle2.counts
242,17,3975802650624,8,64,4390912,524288,65536,0,0,0,524288,0,bundle2.totals
242,18,3975803174912,3,64,4915200,196608,65536,0,0,0,196608,0,bundle2.payloads
242,19,3975803371520,4,64,5111808,262144,65536,0,0,0,262144,0,bundle2.values
242,20,3975803633664,8,64,5373952,524288,65536,0,0,0,524288,0,bundle2.rates
242,21,3975804157952,1,64,5898240,65536,65536,0,0,0,65536,0,bundle3.flags
242,22,3975804223488,2,64,5963776,131072,65536,0,0,0,131072,0,bundle3.counters
242,23,3975804354560,4,64,6094848,262144,65536,0,0,0,262144,0,bundle3.counts
242,24,3975804616704,8,64,6356992,524288,65536,0,0,0,524288,0,bundle3.totals
242,25,3975805140992,3,64,6881280,196608,65536,0,0,0,196608,0,bundle3.payloads
242,26,3975805337600,4,64,7077888,262144,65536,0,0,0,262144,0,bundle3.values
242,27,3975805599744,8,64,7340032,524288,65536,0,0,0,524288,0,bundle3.rates
242,28,3975806124032,1,64,7864320,65536,65536,0,0,0,65536,0,bundle4.flags
242,29,3975806189568,2,64,7929856,131072,65536,0,0,0,131072,0,bundle4.counters
242,30,3975806320640,4,64,8060928,262144,65536,0,0,0,262144,0,bundle4.counts
242,31,3975806582784,8,64,8323072,524288,65536,0,0,0,524288,0,bundle4.totals
242,32,3975807107072,3,64,8847360,196608,65536,0,0,0,196608,0,bundle4.payloads
242,33,3975807303680,4,64,9043968,262144,65536,0,0,0,262144,0,bundle4.values
242,34,3975807565824,8,64,9306112,524288,65536,0,0,0,524288,0,bundle4.rates
242,35,3975808090112,1,64,9830400,65536,65536,0,0,0,65536,0,bundle5.flags
242,36,3975808155648,2,64,9895936,131072,65536,0,0,0,131072,0,bundle5.counters
242,37,3975808286720,4,64,10027008,262144,65536,0,0,0,262144,0,bundle5.counts
242,38,3975808548864,8,64,10289152,524288,65536,0,0,0,524288,0,bundle5.totals
242,39,3975809073152,3,64,10813440,196608,65536,0,0,0,196608,0,bundle5.payloads
242,40,3975809269760,4,64,11010048,262144,65536,0,0,0,262144,0,bundle5.values
242,41,3975809531904,8,64,11272192,524288,65536,0,0,0,,,bundle5.rates
243,0,5876052852736,8,64,0,1048576,131072,0,0,0,1048640,64,entity_handles
243,1,5876053901376,4,64,1048640,524288,131072,0,64,64,524352,64,integral_biases
243,2,5876054425728,4,64,1572992,524288,131072,0,128,128,524352,64,float_biases
243,3,5876054950080,1,64,2097344,131072,131072,0,192,192,131136,64,tasks
243,4,5876055081216,4,64,2228480,524288,131072,0,256,256,524352,64,locations.xs
243,5,5876055605568,4,64,2752832,524288,131072,0,320,320,524352,64,locations.ys
243,6,5876056129920,4,64,3277184,524288,131072,0,384,384,524352,64,locations.zs
243,7,5876056654272,4,64,3801536,524288,131072,0,448,448,524352,64,desired_move_locations.xs
243,8,5876057178624,4,64,4325888,524288,131072,0,512,512,524352,64,desired_move_locations.ys
243,9,5876057702976,4,64,4850240,524288,131072,0,576,576,524352,64,desired_move_locations.zs
243,10,5876058227328,4,64,5374592,524288,131072,0,640,640,524352,64,aim_directions.xs
243,11,5876058751680,4,64,5898944,524288,131072,0,704,704,524352,64,aim_directions.ys
243,12,5876059276032,4,64,6423296,524288,131072,0,768,768,524352,64,aim_directions.zs
243,13,5876059800384,4,64,6947648,524288,131072,0,832,832,524352,64,desired_aiming_directions.xs
243,14,5876060324736,4,64,7472000,524288,131072,0,896,896,524352,64,desired_aiming_directions.ys
243,15,5876060849088,4,64,7996352,524288,131072,0,960,960,524352,64,desired_aiming_directions.zs
243,16,5876061373440,4,64,8520704,524288,131072,0,1024,1024,524352,64,movement_directions.xs
243,17,5876061897792,4,64,9045056,524288,131072,0,1088,1088,524352,64,movement_directions.ys
243,18,5876062422144,4,64,9569408,524288,131072,0,1152,1152,524352,64,movement_directions.zs
243,19,5876062946496,4,64,10093760,524288,131072,0,1216,1216,524352,64,velocities.xs
243,20,5876063470848,4,64,10618112,524288,131072,0,1280,1280,524352,64,velocities.ys
243,21,5876063995200,4,64,11142464,524288,131072,0,1344,1344,524352,64,velocities.zs
243,22,5876064519552,4,64,11666816,524288,131072,0,1408,1408,524352,64,move_distances
243,23,5876065043904,4,64,12191168,524288,131072,0,1472,1472,524352,64,speeds
243,24,5876065568256,1,64,12715520,131072,131072,0,1536,1536,131136,64,teams
243,25,5876065699392,4,64,12846656,524288,131072,0,1600,1600,524352,64,healths
243,26,5876066223744,8,64,13371008,1048576,131072,0,1664,1664,1048640,64,parent_handles
243,27,5876067272384,1,64,14419648,131072,131072,0,1728,1728,131136,64,awareness_scan_countdowns.counters
243,28,5876067403520,2,64,14550784,262144,131072,0,1792,1792,262208,64,navigation_update_countdowns.remaining_ticks
243,29,5876067665728,2,64,14812992,262144,131072,0,1856,1856,262208,64,navigation_update_countdowns.periods
243,30,5876067927936,4,64,15075200,524288,131072,0,1920,1920,524352,64,separation_steering.xs
243,31,5876068452288,4,64,15599552,524288,131072,0,1984,1984,524352,64,separation_steering.ys
243,32,5876068976640,4,64,16123904,524288,131072,0,2048,2048,524352,64,separation_steering.zs
243,33,5876069500992,1,64,16648256,131072,131072,0,2112,2112,131136,64,navigation_risk_tiers
243,34,5876069632128,1,64,16779392,131072,131072,0,2176,2176,131136,64,navigation_lower_risk_scan_counts
243,35,5876069763264,1,64,16910528,131072,131072,0,2240,2240,131136,64,avoidance_choice_indices
243,36,5876069894400,1,64,17041664,131072,131072,0,2304,2304,131136,64,avoidance_clear_scan_counts
243,37,5876070025536,2,64,17172800,262144,131072,0,2368,2368,262208,64,attack_reposition_countdowns.counters
243,38,5876070287744,2,64,17435008,262144,131072,0,2432,2432,262208,64,attack_cooldowns.counters
243,39,5876070549952,8,64,17697216,1048576,131072,0,2496,2496,1048640,64,target_handles
243,40,5876071598592,4,64,18745856,524288,131072,0,2560,2560,524352,64,target_locations.xs
243,41,5876072122944,4,64,19270208,524288,131072,0,2624,2624,524352,64,target_locations.ys
243,42,5876072647296,4,64,19794560,524288,131072,0,2688,2688,524352,64,target_locations.zs
243,43,5876073171648,4,64,20318912,524288,131072,0,2752,2752,524352,64,target_velocities.xs
243,44,5876073696000,4,64,20843264,524288,131072,0,2816,2816,524352,64,target_velocities.ys
243,45,5876074220352,4,64,21367616,524288,131072,0,2880,2880,524352,64,target_velocities.zs
243,46,5876074744704,4,64,21891968,524288,131072,0,2944,2944,524352,64,target_directions.xs
243,47,5876075269056,4,64,22416320,524288,131072,0,3008,3008,524352,64,target_directions.ys
243,48,5876075793408,4,64,22940672,524288,131072,0,3072,3072,524352,64,target_directions.zs
243,49,5876076317760,4,64,23465024,524288,131072,0,3136,3136,524352,64,intercept_times
243,50,5876076842112,4,64,23989376,524288,131072,0,3200,3200,524352,64,target_distance_sq
243,51,5876077366464,4,64,24513728,524288,131072,0,3264,3264,524352,64,target_distances
243,52,5876077890816,4,64,25038080,524288,131072,0,3328,3328,,,target_radii
244,0,2241705213952,1,64,0,131072,131072,0,0,0,131072,0,bundle0.flags
244,1,2241705345024,2,64,131072,262144,131072,0,0,0,262144,0,bundle0.counters
244,2,2241705607168,4,64,393216,524288,131072,0,0,0,524288,0,bundle0.counts
244,3,2241706131456,8,64,917504,1048576,131072,0,0,0,1048576,0,bundle0.totals
244,4,2241707180032,3,64,1966080,393216,131072,0,0,0,393216,0,bundle0.payloads
244,5,2241707573248,4,64,2359296,524288,131072,0,0,0,524288,0,bundle0.values
244,6,2241708097536,8,64,2883584,1048576,131072,0,0,0,1048576,0,bundle0.rates
244,7,2241709146112,1,64,3932160,131072,131072,0,0,0,131072,0,bundle1.flags
244,8,2241709277184,2,64,4063232,262144,131072,0,0,0,262144,0,bundle1.counters
244,9,2241709539328,4,64,4325376,524288,131072,0,0,0,524288,0,bundle1.counts
244,10,2241710063616,8,64,4849664,1048576,131072,0,0,0,1048576,0,bundle1.totals
244,11,2241711112192,3,64,5898240,393216,131072,0,0,0,393216,0,bundle1.payloads
244,12,2241711505408,4,64,6291456,524288,131072,0,0,0,524288,0,bundle1.values
244,13,2241712029696,8,64,6815744,1048576,131072,0,0,0,1048576,0,bundle1.rates
244,14,2241713078272,1,64,7864320,131072,131072,0,0,0,131072,0,bundle2.flags
244,15,2241713209344,2,64,7995392,262144,131072,0,0,0,262144,0,bundle2.counters
244,16,2241713471488,4,64,8257536,524288,131072,0,0,0,524288,0,bundle2.counts
244,17,2241713995776,8,64,8781824,1048576,131072,0,0,0,1048576,0,bundle2.totals
244,18,2241715044352,3,64,9830400,393216,131072,0,0,0,393216,0,bundle2.payloads
244,19,2241715437568,4,64,10223616,524288,131072,0,0,0,524288,0,bundle2.values
244,20,2241715961856,8,64,10747904,1048576,131072,0,0,0,1048576,0,bundle2.rates
244,21,2241717010432,1,64,11796480,131072,131072,0,0,0,131072,0,bundle3.flags
244,22,2241717141504,2,64,11927552,262144,131072,0,0,0,262144,0,bundle3.counters
244,23,2241717403648,4,64,12189696,524288,131072,0,0,0,524288,0,bundle3.counts
244,24,2241717927936,8,64,12713984,1048576,131072,0,0,0,1048576,0,bundle3.totals
244,25,2241718976512,3,64,13762560,393216,131072,0,0,0,393216,0,bundle3.payloads
244,26,2241719369728,4,64,14155776,524288,131072,0,0,0,524288,0,bundle3.values
244,27,2241719894016,8,64,14680064,1048576,131072,0,0,0,1048576,0,bundle3.rates
244,28,2241720942592,1,64,15728640,131072,131072,0,0,0,131072,0,bundle4.flags
244,29,2241721073664,2,64,15859712,262144,131072,0,0,0,262144,0,bundle4.counters
244,30,2241721335808,4,64,16121856,524288,131072,0,0,0,524288,0,bundle4.counts
244,31,2241721860096,8,64,16646144,1048576,131072,0,0,0,1048576,0,bundle4.totals
244,32,2241722908672,3,64,17694720,393216,131072,0,0,0,393216,0,bundle4.payloads
244,33,2241723301888,4,64,18087936,524288,131072,0,0,0,524288,0,bundle4.values
244,34,2241723826176,8,64,18612224,1048576,131072,0,0,0,1048576,0,bundle4.rates
244,35,2241724874752,1,64,19660800,131072,131072,0,0,0,131072,0,bundle5.flags
244,36,2241725005824,2,64,19791872,262144,131072,0,0,0,262144,0,bundle5.counters
244,37,2241725267968,4,64,20054016,524288,131072,0,0,0,524288,0,bundle5.counts
244,38,2241725792256,8,64,20578304,1048576,131072,0,0,0,1048576,0,bundle5.totals
244,39,2241726840832,3,64,21626880,393216,131072,0,0,0,393216,0,bundle5.payloads
244,40,2241727234048,4,64,22020096,524288,131072,0,0,0,524288,0,bundle5.values
244,41,2241727758336,8,64,22544384,1048576,131072,0,0,0,,,bundle5.rates
245,0,4094715166720,8,64,0,600064,75008,0,0,0,600128,64,positions0.xs
245,1,4094715766848,8,64,600128,600064,75008,0,2112,10304,600128,64,positions0.ys
245,2,4094716366976,8,64,1200256,600064,75008,0,128,20608,600128,64,positions0.zs
245,3,4094716967104,8,64,1800384,600064,75008,0,2240,30912,600128,64,velocities0.xs
245,4,4094717567232,8,64,2400512,600064,75008,0,256,41216,600128,64,velocities0.ys
245,5,4094718167360,8,64,3000640,600064,75008,0,2368,51520,600128,64,velocities0.zs
245,6,4094718767488,8,64,3600768,600064,75008,0,384,61824,600128,64,positions1.xs
245,7,4094719367616,8,64,4200896,600064,75008,0,2496,6592,600128,64,positions1.ys
245,8,4094719967744,8,64,4801024,600064,75008,0,512,16896,600128,64,positions1.zs
245,9,4094720567872,8,64,5401152,600064,75008,0,2624,27200,600128,64,velocities1.xs
245,10,4094721168000,8,64,6001280,600064,75008,0,640,37504,600128,64,velocities1.ys
245,11,4094721768128,8,64,6601408,600064,75008,0,2752,47808,600128,64,velocities1.zs
245,12,4094722368256,8,64,7201536,600064,75008,0,768,58112,600128,64,positions2.xs
245,13,4094722968384,8,64,7801664,600064,75008,0,2880,2880,600128,64,positions2.ys
245,14,4094723568512,8,64,8401792,600064,75008,0,896,13184,600128,64,positions2.zs
245,15,4094724168640,8,64,9001920,600064,75008,0,3008,23488,600128,64,velocities2.xs
245,16,4094724768768,8,64,9602048,600064,75008,0,1024,33792,600128,64,velocities2.ys
245,17,4094725368896,8,64,10202176,600064,75008,0,3136,44096,600128,64,velocities2.zs
245,18,4094725969024,8,64,10802304,600064,75008,0,1152,54400,600128,64,positions3.xs
245,19,4094726569152,8,64,11402432,600064,75008,0,3264,64704,600128,64,positions3.ys
245,20,4094727169280,8,64,12002560,600064,75008,0,1280,9472,600128,64,positions3.zs
245,21,4094727769408,8,64,12602688,600064,75008,0,3392,19776,600128,64,velocities3.xs
245,22,4094728369536,8,64,13202816,600064,75008,0,1408,30080,600128,64,velocities3.ys
245,23,4094728969664,8,64,13802944,600064,75008,0,3520,40384,,,velocities3.zs
246,0,3865739722752,8,64,0,524800,65600,0,0,0,524800,0,entity_handles
246,1,3865740247552,4,64,524800,262400,65600,0,512,512,262400,0,integral_biases
246,2,3865740509952,4,64,787200,262400,65600,0,768,768,262400,0,float_biases
246,3,3865740772352,1,64,1049600,65600,65600,0,1024,1024,65600,0,tasks
246,4,3865740837952,4,64,1115200,262400,65600,0,1088,1088,262400,0,locations.xs
246,5,3865741100352,4,64,1377600,262400,65600,0,1344,1344,262400,0,locations.ys
246,6,3865741362752,4,64,1640000,262400,65600,0,1600,1600,262400,0,locations.zs
246,7,3865741625152,4,64,1902400,262400,65600,0,1856,1856,262400,0,desired_move_locations.xs
246,8,3865741887552,4,64,2164800,262400,65600,0,2112,2112,262400,0,desired_move_locations.ys
246,9,3865742149952,4,64,2427200,262400,65600,0,2368,2368,262400,0,desired_move_locations.zs
246,10,3865742412352,4,64,2689600,262400,65600,0,2624,2624,262400,0,aim_directions.xs
246,11,3865742674752,4,64,2952000,262400,65600,0,2880,2880,262400,0,aim_directions.ys
246,12,3865742937152,4,64,3214400,262400,65600,0,3136,3136,262400,0,aim_directions.zs
246,13,3865743199552,4,64,3476800,262400,65600,0,3392,3392,262400,0,desired_aiming_directions.xs
246,14,3865743461952,4,64,3739200,262400,65600,0,3648,3648,262400,0,desired_aiming_directions.ys
246,15,3865743724352,4,64,4001600,262400,65600,0,3904,3904,262400,0,desired_aiming_directions.zs
246,16,3865743986752,4,64,4264000,262400,65600,0,64,4160,262400,0,movement_directions.xs
246,17,3865744249152,4,64,4526400,262400,65600,0,320,4416,262400,0,movement_directions.ys
246,18,3865744511552,4,64,4788800,262400,65600,0,576,4672,262400,0,movement_directions.zs
246,19,3865744773952,4,64,5051200,262400,65600,0,832,4928,262400,0,velocities.xs
246,20,3865745036352,4,64,5313600,262400,65600,0,1088,5184,262400,0,velocities.ys
246,21,3865745298752,4,64,5576000,262400,65600,0,1344,5440,262400,0,velocities.zs
246,22,3865745561152,4,64,5838400,262400,65600,0,1600,5696,262400,0,move_distances
246,23,3865745823552,4,64,6100800,262400,65600,0,1856,5952,262400,0,speeds
246,24,3865746085952,1,64,6363200,65600,65600,0,2112,6208,65600,0,teams
246,25,3865746151552,4,64,6428800,262400,65600,0,2176,6272,262400,0,healths
246,26,3865746413952,8,64,6691200,524800,65600,0,2432,6528,524800,0,parent_handles
246,27,3865746938752,1,64,7216000,65600,65600,0,2944,7040,65600,0,awareness_scan_countdowns.counters
246,28,3865747004352,2,64,7281600,131200,65600,0,3008,7104,131200,0,navigation_update_countdowns.remaining_ticks
246,29,3865747135552,2,64,7412800,131200,65600,0,3136,7232,131200,0,navigation_update_countdowns.periods
246,30,3865747266752,4,64,7544000,262400,65600,0,3264,7360,262400,0,separation_steering.xs
246,31,3865747529152,4,64,7806400,262400,65600,0,3520,7616,262400,0,separation_steering.ys
246,32,3865747791552,4,64,8068800,262400,65600,0,3776,7872,262400,0,separation_steering.zs
246,33,3865748053952,1,64,8331200,65600,65600,0,4032,8128,65600,0,navigation_risk_tiers
246,34,3865748119552,1,64,8396800,65600,65600,0,0,8192,65600,0,navigation_lower_risk_scan_counts
246,35,3865748185152,1,64,8462400,65600,65600,0,64,8256,65600,0,avoidance_choice_indices
246,36,3865748250752,1,64,8528000,65600,65600,0,128,8320,65600,0,avoidance_clear_scan_counts
246,37,3865748316352,2,64,8593600,131200,65600,0,192,8384,131200,0,attack_reposition_countdowns.counters
246,38,3865748447552,2,64,8724800,131200,65600,0,320,8512,131200,0,attack_cooldowns.counters
246,39,3865748578752,8,64,8856000,524800,65600,0,448,8640,524800,0,target_handles
246,40,3865749103552,4,64,9380800,262400,65600,0,960,9152,262400,0,target_locations.xs
246,41,3865749365952,4,64,9643200,262400,65600,0,1216,9408,262400,0,target_locations.ys
246,42,3865749628352,4,64,9905600,262400,65600,0,1472,9664,262400,0,target_locations.zs
246,43,3865749890752,4,64,10168000,262400,65600,0,1728,9920,262400,0,target_velocities.xs
246,44,3865750153152,4,64,10430400,262400,65600,0,1984,10176,262400,0,target_velocities.ys
246,45,3865750415552,4,64,10692800,262400,65600,0,2240,10432,262400,0,target_velocities.zs
246,46,3865750677952,4,64,10955200,262400,65600,0,2496,10688,262400,0,target_directions.xs
246,47,3865750940352,4,64,11217600,262400,65600,0,2752,10944,262400,0,target_directions.ys
246,48,3865751202752,4,64,11480000,262400,65600,0,3008,11200,262400,0,target_directions.zs
246,49,3865751465152,4,64,11742400,262400,65600,0,3264,11456,262400,0,intercept_times
246,50,3865751727552,4,64,12004800,262400,65600,0,3520,11712,262400,0,target_distance_sq
246,51,3865751989952,4,64,12267200,262400,65600,0,3776,11968,262400,0,target_distances
246,52,3865752252352,4,64,12529600,262400,65600,0,4032,12224,,,target_radii
247,0,5112353980416,8,64,0,524288,65536,0,0,0,524352,64,entity_handles
247,1,5112354504768,4,64,524352,262144,65536,0,64,64,262208,64,integral_biases
247,2,5112354766976,4,64,786560,262144,65536,0,128,128,262208,64,float_biases
247,3,5112355029184,1,64,1048768,65536,65536,0,192,192,65600,64,tasks
247,4,5112355094784,4,64,1114368,262144,65536,0,256,256,262208,64,locations.xs
247,5,5112355356992,4,64,1376576,262144,65536,0,320,320,262208,64,locations.ys
247,6,5112355619200,4,64,1638784,262144,65536,0,384,384,262208,64,locations.zs
247,7,5112355881408,4,64,1900992,262144,65536,0,448,448,262208,64,desired_move_locations.xs
247,8,5112356143616,4,64,2163200,262144,65536,0,512,512,262208,64,desired_move_locations.ys
247,9,5112356405824,4,64,2425408,262144,65536,0,576,576,262208,64,desired_move_locations.zs
247,10,5112356668032,4,64,2687616,262144,65536,0,640,640,262208,64,aim_directions.xs
247,11,5112356930240,4,64,2949824,262144,65536,0,704,704,262208,64,aim_directions.ys
247,12,5112357192448,4,64,3212032,262144,65536,0,768,768,262208,64,aim_directions.zs
247,13,5112357454656,4,64,3474240,262144,65536,0,832,832,262208,64,desired_aiming_directions.xs
247,14,5112357716864,4,64,3736448,262144,65536,0,896,896,262208,64,desired_aiming_directions.ys
247,15,5112357979072,4,64,3998656,262144,65536,0,960,960,262208,64,desired_aiming_directions.zs
247,16,5112358241280,4,64,4260864,262144,65536,0,1024,1024,262208,64,movement_directions.xs
247,17,5112358503488,4,64,4523072,262144,65536,0,1088,1088,262208,64,movement_directions.ys
247,18,5112358765696,4,64,4785280,262144,65536,0,1152,1152,262208,64,movement_directions.zs
247,19,5112359027904,4,64,5047488,262144,65536,0,1216,1216,262208,64,velocities.xs
247,20,5112359290112,4,64,5309696,262144,65536,0,1280,1280,262208,64,velocities.ys
247,21,5112359552320,4,64,5571904,262144,65536,0,1344,1344,262208,64,velocities.zs
247,22,5112359814528,4,64,5834112,262144,65536,0,1408,1408,262208,64,move_distances
247,23,5112360076736,4,64,6096320,262144,65536,0,1472,1472,262208,64,speeds
247,24,5112360338944,1,64,6358528,65536,65536,0,1536,1536,65600,64,teams
247,25,5112360404544,4,64,6424128,262144,65536,0,1600,1600,262208,64,healths
247,26,5112360666752,8,64,6686336,524288,65536,0,1664,1664,524352,64,parent_handles
247,27,5112361191104,1,64,7210688,65536,65536,0,1728,1728,65600,64,awareness_scan_countdowns.counters
247,28,5112361256704,2,64,7276288,131072,65536,0,1792,1792,131136,64,navigation_update_countdowns.remaining_ticks
247,29,5112361387840,2,64,7407424,131072,65536,0,1856,1856,131136,64,navigation_update_countdowns.periods
247,30,5112361518976,4,64,7538560,262144,65536,0,1920,1920,262208,64,separation_steering.xs
247,31,5112361781184,4,64,7800768,262144,65536,0,1984,1984,262208,64,separation_steering.ys
247,32,5112362043392,4,64,8062976,262144,65536,0,2048,2048,262208,64,separation_steering.zs
247,33,5112362305600,1,64,8325184,65536,65536,0,2112,2112,65600,64,navigation_risk_tiers
247,34,5112362371200,1,64,8390784,65536,65536,0,2176,2176,65600,64,navigation_lower_risk_scan_counts
247,35,5112362436800,1,64,8456384,65536,65536,0,2240,2240,65600,64,avoidance_choice_indices
247,36,5112362502400,1,64,8521984,65536,65536,0,2304,2304,65600,64,avoidance_clear_scan_counts
247,37,5112362568000,2,64,8587584,131072,65536,0,2368,2368,131136,64,attack_reposition_countdowns.counters
247,38,5112362699136,2,64,8718720,131072,65536,0,2432,2432,131136,64,attack_cooldowns.counters
247,39,5112362830272,8,64,8849856,524288,65536,0,2496,2496,524352,64,target_handles
247,40,5112363354624,4,64,9374208,262144,65536,0,2560,2560,262208,64,target_locations.xs
247,41,5112363616832,4,64,9636416,262144,65536,0,2624,2624,262208,64,target_locations.ys
247,42,5112363879040,4,64,9898624,262144,65536,0,2688,2688,262208,64,target_locations.zs
247,43,5112364141248,4,64,10160832,262144,65536,0,2752,2752,262208,64,target_velocities.xs
247,44,5112364403456,4,64,10423040,262144,65536,0,2816,2816,262208,64,target_velocities.ys
247,45,5112364665664,4,64,10685248,262144,65536,0,2880,2880,262208,64,target_velocities.zs
247,46,5112364927872,4,64,10947456,262144,65536,0,2944,2944,262208,64,target_directions.xs
247,47,5112365190080,4,64,11209664,262144,65536,0,3008,3008,262208,64,target_directions.ys
247,48,5112365452288,4,64,11471872,262144,65536,0,3072,3072,262208,64,target_directions.zs
247,49,5112365714496,4,64,11734080,262144,65536,0,3136,3136,262208,64,intercept_times
247,50,5112365976704,4,64,11996288,262144,65536,0,3200,3200,262208,64,target_distance_sq
247,51,5112366238912,4,64,12258496,262144,65536,0,3264,3264,262208,64,target_distances
247,52,5112366501120,4,64,12520704,262144,65536,0,3328,3328,,,target_radii
248,0,5201474551808,1,64,0,75008,75008,0,0,0,75072,64,bundle0.flags
248,1,5201474626880,2,64,75072,150016,75008,0,1344,9536,150080,64,bundle0.counters
248,2,5201474776960,4,64,225152,300032,75008,0,3968,28544,300096,64,bundle0.counts
248,3,5201475077056,8,64,525248,600064,75008,0,960,960,600128,64,bundle0.totals
248,4,5201475677184,3,64,1125376,225024,75008,0,3072,11264,225088,64,bundle0.payloads
248,5,5201475902272,4,64,1350464,300032,75008,0,2880,39744,300096,64,bundle0.values
248,6,5201476202368,8,64,1650560,600064,75008,0,3968,12160,600128,64,bundle0.rates
248,7,5201476802496,1,64,2250688,75008,75008,0,1984,22464,75072,64,bundle1.flags
248,8,5201476877568,2,64,2325760,150016,75008,0,3328,32000,150080,64,bundle1.counters
248,9,5201477027648,4,64,2475840,300032,75008,0,1856,51008,300096,64,bundle1.counts
248,10,5201477327744,8,64,2775936,600064,75008,0,2944,23424,600128,64,bundle1.totals
248,11,5201477927872,3,64,3376064,225024,75008,0,960,33728,225088,64,bundle1.payloads
248,12,5201478152960,4,64,3601152,300032,75008,0,768,62208,300096,64,bundle1.values
248,13,5201478453056,8,64,3901248,600064,75008,0,1856,34624,600128,64,bundle1.rates
248,14,5201479053184,1,64,4501376,75008,75008,0,3968,44928,75072,64,bundle2.flags
248,15,5201479128256,2,64,4576448,150016,75008,0,1216,54464,150080,64,bundle2.counters
248,16,5201479278336,4,64,4726528,300032,75008,0,3840,7936,300096,64,bundle2.counts
248,17,5201479578432,8,64,5026624,600064,75008,0,832,45888,600128,64,bundle2.totals
248,18,5201480178560,3,64,5626752,225024,75008,0,2944,56192,225088,64,bundle2.payloads
248,19,5201480403648,4,64,5851840,300032,75008,0,2752,19136,300096,64,bundle2.values
248,20,5201480703744,8,64,6151936,600064,75008,0,3840,57088,600128,64,bundle2.rates
248,21,5201481303872,1,64,6752064,75008,75008,0,1856,1856,75072,64,bundle3.flags
248,22,5201481378944,2,64,6827136,150016,75008,0,3200,11392,150080,64,bundle3.counters
248,23,5201481529024,4,64,6977216,300032,75008,0,1728,30400,300096,64,bundle3.counts
248,24,5201481829120,8,64,7277312,600064,75008,0,2816,2816,600128,64,bundle3.totals
248,25,5201482429248,3,64,7877440,225024,75008,0,832,13120,225088,64,bundle3.payloads
248,26,5201482654336,4,64,8102528,300032,75008,0,640,41600,300096,64,bundle3.values
248,27,5201482954432,8,64,8402624,600064,75008,0,1728,14016,600128,64,bundle3.rates
248,28,5201483554560,1,64,9002752,75008,75008,0,3840,24320,75072,64,bundle4.flags
248,29,5201483629632,2,64,9077824,150016,75008,0,1088,33856,150080,64,bundle4.counters
248,30,5201483779712,4,64,9227904,300032,75008,0,3712,52864,300096,64,bundle4.counts
248,31,5201484079808,8,64,9528000,600064,75008,0,704,25280,600128,64,bundle4.totals
248,32,5201484679936,3,64,10128128,225024,75008,0,2816,35584,225088,64,bundle4.payloads
248,33,5201484905024,4,64,10353216,300032,75008,0,2624,64064,300096,64,bundle4.values
248,34,5201485205120,8,64,10653312,600064,75008,0,3712,36480,600128,64,bundle4.rates
248,35,5201485805248,1,64,11253440,75008,75008,0,1728,46784,75072,64,bundle5.flags
248,36,5201485880320,2,64,11328512,150016,75008,0,3072,56320,150080,64,bundle5.counters
248,37,5201486030400,4,64,11478592,300032,75008,0,1600,9792,300096,64,bundle5.counts
248,38,5201486330496,8,64,11778688,600064,75008,0,2688,47744,600128,64,bundle5.totals
248,39,5201486930624,3,64,12378816,225024,75008,0,704,58048,225088,64,bundle5.payloads
248,40,5201487155712,4,64,12603904,300032,75008,0,512,20992,300096,64,bundle5.values
248,41,5201487455808,8,64,12904000,600064,75008,0,1600,58944,,,bundle5.rates
249,0,5308613132288,4,64,0,524288,131072,0,0,0,524480,192,bundle0.positions
249,1,5308613656768,4,64,524480,524288,131072,0,192,192,524480,192,bundle0.velocities
249,2,5308614181248,32,64,1048960,4194304,131072,0,384,384,4194496,192,bundle0.aligned32
249,3,5308618375744,64,64,5243456,8388608,131072,0,576,576,8388800,192,bundle0.aligned64
249,4,5308626764544,256,256,13632256,33554432,131072,0,768,768,33554624,192,bundle0.aligned256
249,5,5308660319168,4,64,47186880,524288,131072,0,960,960,524480,192,bundle1.positions
249,6,5308660843648,4,64,47711360,524288,131072,0,1152,1152,524480,192,bundle1.velocities
249,7,5308661368128,32,64,48235840,4194304,131072,0,1344,1344,4194496,192,bundle1.aligned32
249,8,5308665562624,64,64,52430336,8388608,131072,0,1536,1536,8388864,256,bundle1.aligned64
249,9,5308673951488,256,256,60819200,33554432,131072,0,1792,1792,33554624,192,bundle1.aligned256
249,10,5308707506112,4,64,94373824,524288,131072,0,1984,1984,524480,192,bundle2.positions
249,11,5308708030592,4,64,94898304,524288,131072,0,2176,2176,524480,192,bundle2.velocities
249,12,5308708555072,32,64,95422784,4194304,131072,0,2368,2368,4194496,192,bundle2.aligned32
249,13,5308712749568,64,64,99617280,8388608,131072,0,2560,2560,8388864,256,bundle2.aligned64
249,14,5308721138432,256,256,108006144,33554432,131072,0,2816,2816,,,bundle2.aligned256
250,0,3750849347584,8,64,0,800256,100032,0,0,0,800320,64,entity_handles
250,1,3750850147904,4,64,800320,400128,100032,0,1600,13888,400192,64,integral_biases
250,2,3750850548096,4,64,1200512,400128,100032,0,384,20864,400192,64,float_biases
250,3,3750850948288,1,64,1600704,100032,100032,0,3264,27840,100096,64,tasks
250,4,3750851048384,4,64,1700800,400128,100032,0,960,62400,400192,64,locations.xs
250,5,3750851448576,4,64,2100992,400128,100032,0,3840,3840,400192,64,locations.ys
250,6,3750851848768,4,64,2501184,400128,100032,0,2624,10816,400192,64,locations.zs
250,7,3750852248960,4,64,2901376,400128,100032,0,1408,17792,400192,64,desired_move_locations.xs
250,8,3750852649152,4,64,3301568,400128,100032,0,192,24768,400192,64,desired_move_locations.ys
250,9,3750853049344,4,64,3701760,400128,100032,0,3072,31744,400192,64,desired_move_locations.zs
250,10,3750853449536,4,64,4101952,400128,100032,0,1856,38720,400192,64,aim_directions.xs
250,11,3750853849728,4,64,4502144,400128,100032,0,640,45696,400192,64,aim_directions.ys
250,12,3750854249920,4,64,4902336,400128,100032,0,3520,52672,400192,64,aim_directions.zs
250,13,3750854650112,4,64,5302528,400128,100032,0,2304,59648,400192,64,desired_aiming_directions.xs
250,14,3750855050304,4,64,5702720,400128,100032,0,1088,1088,400192,64,desired_aiming_directions.ys
250,15,3750855450496,4,64,6102912,400128,100032,0,3968,8064,400192,64,desired_aiming_directions.zs
250,16,3750855850688,4,64,6503104,400128,100032,0,2752,15040,400192,64,movement_directions.xs
250,17,3750856250880,4,64,6903296,400128,100032,0,1536,22016,400192,64,movement_directions.ys
250,18,3750856651072,4,64,7303488,400128,100032,0,320,28992,400192,64,movement_directions.zs
250,19,3750857051264,4,64,7703680,400128,100032,0,3200,35968,400192,64,velocities.xs
250,20,3750857451456,4,64,8103872,400128,100032,0,1984,42944,400192,64,velocities.ys
250,21,3750857851648,4,64,8504064,400128,100032,0,768,49920,400192,64,velocities.zs
250,22,3750858251840,4,64,8904256,400128,100032,0,3648,56896,400192,64,move_distances
250,23,3750858652032,4,64,9304448,400128,100032,0,2432,63872,400192,64,speeds
250,24,3750859052224,1,64,9704640,100032,100032,0,1216,5312,100096,64,teams
250,25,3750859152320,4,64,9804736,400128,100032,0,3008,39872,400192,64,healths
250,26,3750859552512,8,64,10204928,800256,100032,0,1792,46848,800320,64,parent_handles
250,27,3750860352832,1,64,11005248,100032,100032,0,3392,60736,100096,64,awareness_scan_countdowns.counters
250,28,3750860452928,2,64,11105344,200064,100032,0,1088,29760,200128,64,navigation_update_countdowns.remaining_ticks
250,29,3750860653056,2,64,11305472,200064,100032,0,512,33280,200128,64,navigation_update_countdowns.periods
250,30,3750860853184,4,64,11505600,400128,100032,0,4032,36800,400192,64,separation_steering.xs
250,31,3750861253376,4,64,11905792,400128,100032,0,2816,43776,400192,64,separation_steering.ys
250,32,3750861653568,4,64,12305984,400128,100032,0,1600,50752,400192,64,separation_steering.zs
250,33,3750862053760,1,64,12706176,100032,100032,0,384,57728,100096,64,navigation_risk_tiers
250,34,3750862153856,1,64,12806272,100032,100032,0,2176,26752,100096,64,navigation_lower_risk_scan_counts
250,35,3750862253952,1,64,12906368,100032,100032,0,3968,61312,100096,64,avoidance_choice_indices
250,36,3750862354048,1,64,13006464,100032,100032,0,1664,30336,100096,64,avoidance_clear_scan_counts
250,37,3750862454144,2,64,13106560,200064,100032,0,3456,64896,200128,64,attack_reposition_countdowns.counters
250,38,3750862654272,2,64,13306688,200064,100032,0,2880,2880,200128,64,attack_cooldowns.counters
250,39,3750862854400,8,64,13506816,800256,100032,0,2304,6400,800320,64,target_handles
250,40,3750863654720,4,64,14307136,400128,100032,0,3904,20288,400192,64,target_locations.xs
250,41,3750864054912,4,64,14707328,400128,100032,0,2688,27264,400192,64,target_locations.ys
250,42,3750864455104,4,64,15107520,400128,100032,0,1472,34240,400192,64,target_locations.zs
250,43,3750864855296,4,64,15507712,400128,100032,0,256,41216,400192,64,target_velocities.xs
250,44,3750865255488,4,64,15907904,400128,100032,0,3136,48192,400192,64,target_velocities.ys
250,45,3750865655680,4,64,16308096,400128,100032,0,1920,55168,400192,64,target_velocities.zs
250,46,3750866055872,4,64,16708288,400128,100032,0,704,62144,400192,64,target_directions.xs
250,47,3750866456064,4,64,17108480,400128,100032,0,3584,3584,400192,64,target_directions.ys
250,48,3750866856256,4,64,17508672,400128,100032,0,2368,10560,400192,64,target_directions.zs
250,49,3750867256448,4,64,17908864,400128,100032,0,1152,17536,400192,64,intercept_times
250,50,3750867656640,4,64,18309056,400128,100032,0,4032,24512,400192,64,target_distance_sq
250,51,3750868056832,4,64,18709248,400128,100032,0,2816,31488,400192,64,target_distances
250,52,3750868457024,4,64,19109440,400128,100032,0,1600,38464,,,target_radii
251,0,3279777955840,4,64,0,524288,131072,0,0,0,524288,0,bundle0.positions
251,1,3279778480128,4,64,524288,524288,131072,0,0,0,524288,0,bundle0.velocities
251,2,3279779004416,32,64,1048576,4194304,131072,0,0,0,4194304,0,bundle0.aligned32
251,3,3279783198720,64,64,5242880,8388608,131072,0,0,0,8388608,0,bundle0.aligned64
251,4,3279791587328,256,256,13631488,33554432,131072,0,0,0,33554432,0,bundle0.aligned256
251,5,3279825141760,4,64,47185920,524288,131072,0,0,0,524288,0,bundle1.positions
251,6,3279825666048,4,64,47710208,524288,131072,0,0,0,524288,0,bundle1.velocities
251,7,3279826190336,32,64,48234496,4194304,131072,0,0,0,4194304,0,bundle1.aligned32
251,8,3279830384640,64,64,52428800,8388608,131072,0,0,0,8388608,0,bundle1.aligned64
251,9,3279838773248,256,256,60817408,33554432,131072,0,0,0,33554432,0,bundle1.aligned256
251,10,3279872327680,4,64,94371840,524288,131072,0,0,0,524288,0,bundle2.positions
251,11,3279872851968,4,64,94896128,524288,131072,0,0,0,524288,0,bundle2.velocities
251,12,3279873376256,32,64,95420416,4194304,131072,0,0,0,4194304,0,bundle2.aligned32
251,13,3279877570560,64,64,99614720,8388608,131072,0,0,0,8388608,0,bundle2.aligned64
251,14,3279885959168,256,256,108003328,33554432,131072,0,0,0,,,bundle2.aligned256
252,0,3055601516544,1,64,0,65536,65536,0,0,0,65728,192,bundle0.flags
252,1,3055601582272,2,64,65728,131072,65536,0,192,192,131264,192,bundle0.counters
252,2,3055601713536,4,64,196992,262144,65536,0,384,384,262336,192,bundle0.counts
252,3,3055601975872,8,64,459328,524288,65536,0,576,576,524480,192,bundle0.totals
252,4,3055602500352,3,64,983808,196608,65536,0,768,768,196800,192,bundle0.payloads
252,5,3055602697152,4,64,1180608,262144,65536,0,960,960,262336,192,bundle0.values
252,6,3055602959488,8,64,1442944,524288,65536,0,1152,1152,524480,192,bundle0.rates
252,7,3055603483968,1,64,1967424,65536,65536,0,1344,1344,65728,192,bundle1.flags
252,8,3055603549696,2,64,2033152,131072,65536,0,1536,1536,131264,192,bundle1.counters
252,9,3055603680960,4,64,2164416,262144,65536,0,1728,1728,262336,192,bundle1.counts
252,10,3055603943296,8,64,2426752,524288,65536,0,1920,1920,524480,192,bundle1.totals
252,11,3055604467776,3,64,2951232,196608,65536,0,2112,2112,196800,192,bundle1.payloads
252,12,3055604664576,4,64,3148032,262144,65536,0,2304,2304,262336,192,bundle1.values
252,13,3055604926912,8,64,3410368,524288,65536,0,2496,2496,524480,192,bundle1.rates
252,14,3055605451392,1,64,3934848,65536,65536,0,2688,2688,65728,192,bundle2.flags
252,15,3055605517120,2,64,4000576,131072,65536,0,2880,2880,131264,192,bundle2.counters
252,16,3055605648384,4,64,4131840,262144,65536,0,3072,3072,262336,192,bundle2.counts
252,17,3055605910720,8,64,4394176,524288,65536,0,3264,3264,524480,192,bundle2.totals
252,18,3055606435200,3,64,4918656,196608,65536,0,3456,3456,196800,192,bundle2.payloads
252,19,3055606632000,4,64,5115456,262144,65536,0,3648,3648,262336,192,bundle2.values
252,20,3055606894336,8,64,5377792,524288,65536,0,3840,3840,524480,192,bundle2.rates
252,21,3055607418816,1,64,5902272,65536,65536,0,4032,4032,65728,192,bundle3.flags
252,22,3055607484544,2,64,5968000,131072,65536,0,128,4224,131264,192,bundle3.counters
252,23,3055607615808,4,64,6099264,262144,65536,0,320,4416,262336,192,bundle3.counts
252,24,3055607878144,8,64,6361600,524288,65536,0,512,4608,524480,192,bundle3.totals
252,25,3055608402624,3,64,6886080,196608,65536,0,704,4800,196800,192,bundle3.payloads
252,26,3055608599424,4,64,7082880,262144,65536,0,896,4992,262336,192,bundle3.values
252,27,3055608861760,8,64,7345216,524288,65536,0,1088,5184,524480,192,bundle3.rates
252,28,3055609386240,1,64,7869696,65536,65536,0,1280,5376,65728,192,bundle4.flags
252,29,3055609451968,2,64,7935424,131072,65536,0,1472,5568,131264,192,bundle4.counters
252,30,3055609583232,4,64,8066688,262144,65536,0,1664,5760,262336,192,bundle4.counts
252,31,3055609845568,8,64,8329024,524288,65536,0,1856,5952,524480,192,bundle4.totals
252,32,3055610370048,3,64,8853504,196608,65536,0,2048,6144,196800,192,bundle4.payloads
252,33,3055610566848,4,64,9050304,262144,65536,0,2240,6336,262336,192,bundle4.values
252,34,3055610829184,8,64,9312640,524288,65536,0,2432,6528,524480,192,bundle4.rates
252,35,3055611353664,1,64,9837120,65536,65536,0,2624,6720,65728,192,bundle5.flags
252,36,3055611419392,2,64,9902848,131072,65536,0,2816,6912,131264,192,bundle5.counters
252,37,3055611550656,4,64,10034112,262144,65536,0,3008,7104,262336,192,bundle5.counts
252,38,3055611812992,8,64,10296448,524288,65536,0,3200,7296,524480,192,bundle5.totals
252,39,3055612337472,3,64,10820928,196608,65536,0,3392,7488,196800,192,bundle5.payloads
252,40,3055612534272,4,64,11017728,262144,65536,0,3584,7680,262336,192,bundle5.values
252,41,3055612796608,8,64,11280064,524288,65536,0,3776,7872,,,bundle5.rates
253,0,3271423623168,8,64,0,800256,100032,0,0,0,800256,0,entity_handles
253,1,3271424423424,4,64,800256,400128,100032,0,1536,13824,400128,0,integral_biases
253,2,3271424823552,4,64,1200384,400128,100032,0,256,20736,400128,0,float_biases
253,3,3271425223680,1,64,1600512,100032,100032,0,3072,27648,100032,0,tasks
253,4,3271425323712,4,64,1700544,400128,100032,0,704,62144,400128,0,locations.xs
253,5,3271425723840,4,64,2100672,400128,100032,0,3520,3520,400128,0,locations.ys
253,6,3271426123968,4,64,2500800,400128,100032,0,2240,10432,400128,0,locations.zs
253,7,3271426524096,4,64,2900928,400128,100032,0,960,17344,400128,0,desired_move_locations.xs
253,8,3271426924224,4,64,3301056,400128,100032,0,3776,24256,400128,0,desired_move_locations.ys
253,9,3271427324352,4,64,3701184,400128,100032,0,2496,31168,400128,0,desired_move_locations.zs
253,10,3271427724480,4,64,4101312,400128,100032,0,1216,38080,400128,0,aim_directions.xs
253,11,3271428124608,4,64,4501440,400128,100032,0,4032,44992,400128,0,aim_directions.ys
253,12,3271428524736,4,64,4901568,400128,100032,0,2752,51904,400128,0,aim_directions.zs
253,13,3271428924864,4,64,5301696,400128,100032,0,1472,58816,400128,0,desired_aiming_directions.xs
253,14,3271429324992,4,64,5701824,400128,100032,0,192,192,400128,0,desired_aiming_directions.ys
253,15,3271429725120,4,64,6101952,400128,100032,0,3008,7104,400128,0,desired_aiming_directions.zs
253,16,3271430125248,4,64,6502080,400128,100032,0,1728,14016,400128,0,movement_directions.xs
253,17,3271430525376,4,64,6902208,400128,100032,0,448,20928,400128,0,movement_directions.ys
253,18,3271430925504,4,64,7302336,400128,100032,0,3264,27840,400128,0,movement_directions.zs
253,19,3271431325632,4,64,7702464,400128,100032,0,1984,34752,400128,0,velocities.xs
253,20,3271431725760,4,64,8102592,400128,100032,0,704,41664,400128,0,velocities.ys
253,21,3271432125888,4,64,8502720,400128,100032,0,3520,48576,400128,0,velocities.zs
253,22,3271432526016,4,64,8902848,400128,100032,0,2240,55488,400128,0,move_distances
253,23,3271432926144,4,64,9302976,400128,100032,0,960,62400,400128,0,speeds
253,24,3271433326272,1,64,9703104,100032,100032,0,3776,3776,100032,0,teams
253,25,3271433426304,4,64,9803136,400128,100032,0,1408,38272,400128,0,healths
253,26,3271433826432,8,64,10203264,800256,100032,0,128,45184,800256,0,parent_handles
253,27,3271434626688,1,64,11003520,100032,100032,0,1664,59008,100032,0,awareness_scan_countdowns.counters
253,28,3271434726720,2,64,11103552,200064,100032,0,3392,27968,200064,0,navigation_update_countdowns.remaining_ticks
253,29,3271434926784,2,64,11303616,200064,100032,0,2752,31424,200064,0,navigation_update_countdowns.periods
253,30,3271435126848,4,64,11503680,400128,100032,0,2112,34880,400128,0,separation_steering.xs
253,31,3271435526976,4,64,11903808,400128,100032,0,832,41792,400128,0,separation_steering.ys
253,32,3271435927104,4,64,12303936,400128,100032,0,3648,48704,400128,0,separation_steering.zs
253,33,3271436327232,1,64,12704064,100032,100032,0,2368,55616,100032,0,navigation_risk_tiers
253,34,3271436427264,1,64,12804096,100032,100032,0,0,24576,100032,0,navigation_lower_risk_scan_counts
253,35,3271436527296,1,64,12904128,100032,100032,0,1728,59072,100032,0,avoidance_choice_indices
253,36,3271436627328,1,64,13004160,100032,100032,0,3456,28032,100032,0,avoidance_clear_scan_counts
253,37,3271436727360,2,64,13104192,200064,100032,0,1088,62528,200064,0,attack_reposition_countdowns.counters
253,38,3271436927424,2,64,13304256,200064,100032,0,448,448,200064,0,attack_cooldowns.counters
253,39,3271437127488,8,64,13504320,800256,100032,0,3904,3904,800256,0,target_handles
253,40,3271437927744,4,64,14304576,400128,100032,0,1344,17728,400128,0,target_locations.xs
253,41,3271438327872,4,64,14704704,400128,100032,0,64,24640,400128,0,target_locations.ys
253,42,3271438728000,4,64,15104832,400128,100032,0,2880,31552,400128,0,target_locations.zs
253,43,3271439128128,4,64,15504960,400128,100032,0,1600,38464,400128,0,target_velocities.xs
253,44,3271439528256,4,64,15905088,400128,100032,0,320,45376,400128,0,target_velocities.ys
253,45,3271439928384,4,64,16305216,400128,100032,0,3136,52288,400128,0,target_velocities.zs
253,46,3271440328512,4,64,16705344,400128,100032,0,1856,59200,400128,0,target_directions.xs
253,47,3271440728640,4,64,17105472,400128,100032,0,576,576,400128,0,target_directions.ys
253,48,3271441128768,4,64,17505600,400128,100032,0,3392,7488,400128,0,target_directions.zs
253,49,3271441528896,4,64,17905728,400128,100032,0,2112,14400,400128,0,intercept_times
253,50,3271441929024,4,64,18305856,400128,100032,0,832,21312,400128,0,target_distance_sq
253,51,3271442329152,4,64,18705984,400128,100032,0,3648,28224,400128,0,target_distances
253,52,3271442729280,4,64,19106112,400128,100032,0,2368,35136,,,target_radii
254,0,3638139289600,4,64,0,300032,75008,0,0,0,300096,64,bundle0.positions
254,1,3638139589696,4,64,300096,300032,75008,0,1088,37952,300096,64,bundle0.velocities
254,2,3638139889792,32,64,600192,2400256,75008,0,2176,10368,2400320,64,bundle0.aligned32
254,3,3638142290112,64,64,3000512,4800512,75008,0,2240,51392,4800576,64,bundle0.aligned64
254,4,3638147090688,256,256,7801088,19202048,75008,0,2304,2304,19202112,64,bundle0.aligned256
254,5,3638166292800,4,64,27003200,300032,75008,0,2368,2368,300096,64,bundle1.positions
254,6,3638166592896,4,64,27303296,300032,75008,0,3456,40320,300096,64,bundle1.velocities
254,7,3638166892992,32,64,27603392,2400256,75008,0,448,12736,2400320,64,bundle1.aligned32
254,8,3638169293312,64,64,30003712,4800512,75008,0,512,53760,4800768,256,bundle1.aligned64
254,9,3638174094080,256,256,34804480,19202048,75008,0,768,4864,19202112,64,bundle1.aligned256
254,10,3638193296192,4,64,54006592,300032,75008,0,832,4928,300096,64,bundle2.positions
254,11,3638193596288,4,64,54306688,300032,75008,0,1920,42880,300096,64,bundle2.velocities
254,12,3638193896384,32,64,54606784,2400256,75008,0,3008,15296,2400320,64,bundle2.aligned32
254,13,3638196296704,64,64,57007104,4800512,75008,0,3072,56320,4800768,256,bundle2.aligned64
254,14,3638201097472,256,256,61807872,19202048,75008,0,3328,7424,,,bundle2.aligned256
255,0,5876589723648,8,64,0,524288,65536,0,0,0,524288,0,entity_handles
255,1,5876590247936,4,64,524288,262144,65536,0,0,0,262144,0,integral_biases
255,2,5876590510080,4,64,786432,262144,65536,0,0,0,262144,0,float_biases
255,3,5876590772224,1,64,1048576,65536,65536,0,0,0,65536,0,tasks
255,4,5876590837760,4,64,1114112,262144,65536,0,0,0,262144,0,locations.xs
255,5,5876591099904,4,64,1376256,262144,65536,0,0,0,262144,0,locations.ys
255,6,5876591362048,4,64,1638400,262144,65536,0,0,0,262144,0,locations.zs
255,7,5876591624192,4,64,1900544,262144,65536,0,0,0,262144,0,desired_move_locations.xs
255,8,5876591886336,4,64,2162688,262144,65536,0,0,0,262144,0,desired_move_locations.ys
255,9,5876592148480,4,64,2424832,262144,65536,0,0,0,262144,0,desired_move_locations.zs
255,10,5876592410624,4,64,2686976,262144,65536,0,0,0,262144,0,aim_directions.xs
255,11,5876592672768,4,64,2949120,262144,65536,0,0,0,262144,0,aim_directions.ys
255,12,5876592934912,4,64,3211264,262144,65536,0,0,0,262144,0,aim_directions.zs
255,13,5876593197056,4,64,3473408,262144,65536,0,0,0,262144,0,desired_aiming_directions.xs
255,14,5876593459200,4,64,3735552,262144,65536,0,0,0,262144,0,desired_aiming_directions.ys
255,15,5876593721344,4,64,3997696,262144,65536,0,0,0,262144,0,desired_aiming_directions.zs
255,16,5876593983488,4,64,4259840,262144,65536,0,0,0,262144,0,movement_directions.xs
255,17,5876594245632,4,64,4521984,262144,65536,0,0,0,262144,0,movement_directions.ys
255,18,5876594507776,4,64,4784128,262144,65536,0,0,0,262144,0,movement_directions.zs
255,19,5876594769920,4,64,5046272,262144,65536,0,0,0,262144,0,velocities.xs
255,20,5876595032064,4,64,5308416,262144,65536,0,0,0,262144,0,velocities.ys
255,21,5876595294208,4,64,5570560,262144,65536,0,0,0,262144,0,velocities.zs
255,22,5876595556352,4,64,5832704,262144,65536,0,0,0,262144,0,move_distances
255,23,5876595818496,4,64,6094848,262144,65536,0,0,0,262144,0,speeds
255,24,5876596080640,1,64,6356992,65536,65536,0,0,0,65536,0,teams
255,25,5876596146176,4,64,6422528,262144,65536,0,0,0,262144,0,healths
255,26,5876596408320,8,64,6684672,524288,65536,0,0,0,524288,0,parent_handles
255,27,5876596932608,1,64,7208960,65536,65536,0,0,0,65536,0,awareness_scan_countdowns.counters
255,28,5876596998144,2,64,7274496,131072,65536,0,0,0,131072,0,navigation_update_countdowns.remaining_ticks
255,29,5876597129216,2,64,7405568,131072,65536,0,0,0,131072,0,navigation_update_countdowns.periods
255,30,5876597260288,4,64,7536640,262144,65536,0,0,0,262144,0,separation_steering.xs
255,31,5876597522432,4,64,7798784,262144,65536,0,0,0,262144,0,separation_steering.ys
255,32,5876597784576,4,64,8060928,262144,65536,0,0,0,262144,0,separation_steering.zs
255,33,5876598046720,1,64,8323072,65536,65536,0,0,0,65536,0,navigation_risk_tiers
255,34,5876598112256,1,64,8388608,65536,65536,0,0,0,65536,0,navigation_lower_risk_scan_counts
255,35,5876598177792,1,64,8454144,65536,65536,0,0,0,65536,0,avoidance_choice_indices
255,36,5876598243328,1,64,8519680,65536,65536,0,0,0,65536,0,avoidance_clear_scan_counts
255,37,5876598308864,2,64,8585216,131072,65536,0,0,0,131072,0,attack_reposition_countdowns.counters
255,38,5876598439936,2,64,8716288,131072,65536,0,0,0,131072,0,attack_cooldowns.counters
255,39,5876598571008,8,64,8847360,524288,65536,0,0,0,524288,0,target_handles
255,40,5876599095296,4,64,9371648,262144,65536,0,0,0,262144,0,target_locations.xs
255,41,5876599357440,4,64,9633792,262144,65536,0,0,0,262144,0,target_locations.ys
255,42,5876599619584,4,64,9895936,262144,65536,0,0,0,262144,0,target_locations.zs
255,43,5876599881728,4,64,10158080,262144,65536,0,0,0,262144,0,target_velocities.xs
255,44,5876600143872,4,64,10420224,262144,65536,0,0,0,262144,0,target_velocities.ys
255,45,5876600406016,4,64,10682368,262144,65536,0,0,0,262144,0,target_velocities.zs
255,46,5876600668160,4,64,10944512,262144,65536,0,0,0,262144,0,target_directions.xs
255,47,5876600930304,4,64,11206656,262144,65536,0,0,0,262144,0,target_directions.ys
255,48,5876601192448,4,64,11468800,262144,65536,0,0,0,262144,0,target_directions.zs
255,49,5876601454592,4,64,11730944,262144,65536,0,0,0,262144,0,intercept_times
255,50,5876601716736,4,64,11993088,262144,65536,0,0,0,262144,0,target_distance_sq
255,51,5876601978880,4,64,12255232,262144,65536,0,0,0,262144,0,target_distances
255,52,5876602241024,4,64,12517376,262144,65536,0,0,0,,,target_radii
256,0,5197984890880,8,64,0,524288,65536,0,0,0,524480,192,positions0.xs
256,1,5197985415360,8,64,524480,524288,65536,0,192,192,524480,192,positions0.ys
256,2,5197985939840,8,64,1048960,524288,65536,0,384,384,524480,192,positions0.zs
256,3,5197986464320,8,64,1573440,524288,65536,0,576,576,524480,192,velocities0.xs
256,4,5197986988800,8,64,2097920,524288,65536,0,768,768,524480,192,velocities0.ys
256,5,5197987513280,8,64,2622400,524288,65536,0,960,960,524480,192,velocities0.zs
256,6,5197988037760,8,64,3146880,524288,65536,0,1152,1152,524480,192,positions1.xs
256,7,5197988562240,8,64,3671360,524288,65536,0,1344,1344,524480,192,positions1.ys
256,8,5197989086720,8,64,4195840,524288,65536,0,1536,1536,524480,192,positions1.zs
256,9,5197989611200,8,64,4720320,524288,65536,0,1728,1728,524480,192,velocities1.xs
256,10,5197990135680,8,64,5244800,524288,65536,0,1920,1920,524480,192,velocities1.ys
256,11,5197990660160,8,64,5769280,524288,65536,0,2112,2112,524480,192,velocities1.zs
256,12,5197991184640,8,64,6293760,524288,65536,0,2304,2304,524480,192,positions2.xs
256,13,5197991709120,8,64,6818240,524288,65536,0,2496,2496,524480,192,positions2.ys
256,14,5197992233600,8,64,7342720,524288,65536,0,2688,2688,524480,192,positions2.zs
256,15,5197992758080,8,64,7867200,524288,65536,0,2880,2880,524480,192,velocities2.xs
256,16,5197993282560,8,64,8391680,524288,65536,0,3072,3072,524480,192,velocities2.ys
256,17,5197993807040,8,64,8916160,524288,65536,0,3264,3264,524480,192,velocities2.zs
256,18,5197994331520,8,64,9440640,524288,65536,0,3456,3456,524480,192,positions3.xs
256,19,5197994856000,8,64,9965120,524288,65536,0,3648,3648,524480,192,positions3.ys
256,20,5197995380480,8,64,10489600,524288,65536,0,3840,3840,524480,192,positions3.zs
256,21,5197995904960,8,64,11014080,524288,65536,0,4032,4032,524480,192,velocities3.xs
256,22,5197996429440,8,64,11538560,524288,65536,0,128,4224,524480,192,velocities3.ys
256,23,5197996953920,8,64,12063040,524288,65536,0,320,4416,,,velocities3.zs
257,0,2701705674752,8,4,0,524288,65536,0,0,0,1048576,524288,entity_handles
257,1,2701706723328,4,4,0,262144,65536,0,0,0,327680,65536,integral_biases
257,2,2701707051008,4,4,0,262144,65536,0,0,0,-2293760,-2555904,float_biases
257,3,2701704757248,1,1,0,65536,65536,0,0,0,2621440,2555904,tasks
257,4,2701707378688,4,4,0,262144,65536,0,0,0,327680,65536,locations.xs
257,5,2701707706368,4,4,0,262144,65536,0,0,0,327680,65536,locations.ys
257,6,2701708034048,4,4,0,262144,65536,0,0,0,327680,65536,locations.zs
257,7,2701708361728,4,4,0,262144,65536,0,0,0,327680,65536,desired_move_locations.xs
257,8,2701708689408,4,4,0,262144,65536,0,0,0,327680,65536,desired_move_locations.ys
257,9,2701709017088,4,4,0,262144,65536,0,0,0,327680,65536,desired_move_locations.zs
257,10,2701709344768,4,4,0,262144,65536,0,0,0,327680,65536,aim_directions.xs
257,11,2701709672448,4,4,0,262144,65536,0,0,0,327680,65536,aim_directions.ys
257,12,2701710000128,4,4,0,262144,65536,0,0,0,655360,393216,aim_directions.zs
257,13,2701710655488,4,4,0,262144,65536,0,0,0,327680,65536,desired_aiming_directions.xs
257,14,2701710983168,4,4,0,262144,65536,0,0,0,327680,65536,desired_aiming_directions.ys
257,15,2701711310848,4,4,0,262144,65536,0,0,0,327680,65536,desired_aiming_directions.zs
257,16,2701711638528,4,4,0,262144,65536,0,0,0,327680,65536,movement_directions.xs
257,17,2701711966208,4,4,0,262144,65536,0,0,0,327680,65536,movement_directions.ys
257,18,2701712293888,4,4,0,262144,65536,0,0,0,327680,65536,movement_directions.zs
257,19,2701712621568,4,4,0,262144,65536,0,0,0,327680,65536,velocities.xs
257,20,2701712949248,4,4,0,262144,65536,0,0,0,327680,65536,velocities.ys
257,21,2701713276928,4,4,0,262144,65536,0,0,0,327680,65536,velocities.zs
257,22,2701713604608,4,4,0,262144,65536,0,0,0,327680,65536,move_distances
257,23,2701713932288,4,4,0,262144,65536,0,0,0,-9109504,-9371648,speeds
257,24,2701704822784,1,1,0,65536,65536,0,0,0,9437184,9371648,teams
257,25,2701714259968,4,4,0,262144,65536,0,0,0,327680,65536,healths
257,26,2701714587648,8,4,0,524288,65536,0,0,0,-9699328,-10223616,parent_handles
257,27,2701704888320,1,1,0,65536,65536,0,0,0,-1114112,-1179648,awareness_scan_countdowns.counters
257,28,2701703774208,2,2,0,131072,65536,0,0,0,131072,0,navigation_update_countdowns.remaining_ticks
257,29,2701703905280,2,2,0,131072,65536,0,0,0,11730944,11599872,navigation_update_countdowns.periods
257,30,2701715636224,4,4,0,262144,65536,0,0,0,327680,65536,separation_steering.xs
257,31,2701715963904,4,4,0,262144,65536,0,0,0,327680,65536,separation_steering.ys
257,32,2701716291584,4,4,0,262144,65536,0,0,0,-11337728,-11599872,separation_steering.zs
257,33,2701704953856,1,1,0,65536,65536,0,0,0,65536,0,navigation_risk_tiers
257,34,2701705019392,1,1,0,65536,65536,0,0,0,65536,0,navigation_lower_risk_scan_counts
257,35,2701705084928,1,1,0,65536,65536,0,0,0,11534336,11468800,avoidance_choice_indices
257,36,2701716619264,1,1,0,65536,65536,0,0,0,524288,458752,avoidance_clear_scan_counts
257,37,2701717143552,2,2,0,131072,65536,0,0,0,131072,0,attack_reposition_countdowns.counters
257,38,2701717274624,2,2,0,131072,65536,0,0,0,393216,262144,attack_cooldowns.counters
257,39,2701717667840,8,4,0,524288,65536,0,0,0,1376256,851968,target_handles
257,40,2701719044096,4,4,0,262144,65536,0,0,0,327680,65536,target_locations.xs
257,41,2701719371776,4,4,0,262144,65536,0,0,0,327680,65536,target_locations.ys
257,42,2701719699456,4,4,0,262144,65536,0,0,0,327680,65536,target_locations.zs
257,43,2701720027136,4,4,0,262144,65536,0,0,0,327680,65536,target_velocities.xs
257,44,2701720354816,4,4,0,262144,65536,0,0,0,327680,65536,target_velocities.ys
257,45,2701720682496,4,4,0,262144,65536,0,0,0,327680,65536,target_velocities.zs
257,46,2701721010176,4,4,0,262144,65536,0,0,0,327680,65536,target_directions.xs
257,47,2701721337856,4,4,0,262144,65536,0,0,0,327680,65536,target_directions.ys
257,48,2701721665536,4,4,0,262144,65536,0,0,0,327680,65536,target_directions.zs
257,49,2701721993216,4,4,0,262144,65536,0,0,0,327680,65536,intercept_times
257,50,2701722320896,4,4,0,262144,65536,0,0,0,327680,65536,target_distance_sq
257,51,2701722648576,4,4,0,262144,65536,0,0,0,327680,65536,target_distances
257,52,2701722976256,4,4,0,262144,65536,0,0,0,,,target_radii
258,0,2918430998528,1,64,0,65536,65536,0,0,0,65536,0,bundle0.flags
258,1,2918431064064,2,64,65536,131072,65536,0,0,0,131072,0,bundle0.counters
258,2,2918431195136,4,64,196608,262144,65536,0,0,0,262144,0,bundle0.counts
258,3,2918431457280,8,64,458752,524288,65536,0,0,0,524288,0,bundle0.totals
258,4,2918431981568,3,64,983040,196608,65536,0,0,0,196608,0,bundle0.payloads
258,5,2918432178176,4,64,1179648,262144,65536,0,0,0,262144,0,bundle0.values
258,6,2918432440320,8,64,1441792,524288,65536,0,0,0,524288,0,bundle0.rates
258,7,2918432964608,1,64,1966080,65536,65536,0,0,0,65536,0,bundle1.flags
258,8,2918433030144,2,64,2031616,131072,65536,0,0,0,131072,0,bundle1.counters
258,9,2918433161216,4,64,2162688,262144,65536,0,0,0,262144,0,bundle1.counts
258,10,2918433423360,8,64,2424832,524288,65536,0,0,0,524288,0,bundle1.totals
258,11,2918433947648,3,64,2949120,196608,65536,0,0,0,196608,0,bundle1.payloads
258,12,2918434144256,4,64,3145728,262144,65536,0,0,0,262144,0,bundle1.values
258,13,2918434406400,8,64,3407872,524288,65536,0,0,0,524288,0,bundle1.rates
258,14,2918434930688,1,64,3932160,65536,65536,0,0,0,65536,0,bundle2.flags
258,15,2918434996224,2,64,3997696,131072,65536,0,0,0,131072,0,bundle2.counters
258,16,2918435127296,4,64,4128768,262144,65536,0,0,0,262144,0,bundle2.counts
258,17,2918435389440,8,64,4390912,524288,65536,0,0,0,524288,0,bundle2.totals
258,18,2918435913728,3,64,4915200,196608,65536,0,0,0,196608,0,bundle2.payloads
258,19,2918436110336,4,64,5111808,262144,65536,0,0,0,262144,0,bundle2.values
258,20,2918436372480,8,64,5373952,524288,65536,0,0,0,524288,0,bundle2.rates
258,21,2918436896768,1,64,5898240,65536,65536,0,0,0,65536,0,bundle3.flags
258,22,2918436962304,2,64,5963776,131072,65536,0,0,0,131072,0,bundle3.counters
258,23,2918437093376,4,64,6094848,262144,65536,0,0,0,262144,0,bundle3.counts
258,24,2918437355520,8,64,6356992,524288,65536,0,0,0,524288,0,bundle3.totals
258,25,2918437879808,3,64,6881280,196608,65536,0,0,0,196608,0,bundle3.payloads
258,26,2918438076416,4,64,7077888,262144,65536,0,0,0,262144,0,bundle3.values
258,27,2918438338560,8,64,7340032,524288,65536,0,0,0,524288,0,bundle3.rates
258,28,2918438862848,1,64,7864320,65536,65536,0,0,0,65536,0,bundle4.flags
258,29,2918438928384,2,64,7929856,131072,65536,0,0,0,131072,0,bundle4.counters
258,30,2918439059456,4,64,8060928,262144,65536,0,0,0,262144,0,bundle4.counts
258,31,2918439321600,8,64,8323072,524288,65536,0,0,0,524288,0,bundle4.totals
258,32,2918439845888,3,64,8847360,196608,65536,0,0,0,196608,0,bundle4.payloads
258,33,2918440042496,4,64,9043968,262144,65536,0,0,0,262144,0,bundle4.values
258,34,2918440304640,8,64,9306112,524288,65536,0,0,0,524288,0,bundle4.rates
258,35,2918440828928,1,64,9830400,65536,65536,0,0,0,65536,0,bundle5.flags
258,36,2918440894464,2,64,9895936,131072,65536,0,0,0,131072,0,bundle5.counters
258,37,2918441025536,4,64,10027008,262144,65536,0,0,0,262144,0,bundle5.counts
258,38,2918441287680,8,64,10289152,524288,65536,0,0,0,524288,0,bundle5.totals
258,39,2918441811968,3,64,10813440,196608,65536,0,0,0,196608,0,bundle5.payloads
258,40,2918442008576,4,64,11010048,262144,65536,0,0,0,262144,0,bundle5.values
258,41,2918442270720,8,64,11272192,524288,65536,0,0,0,,,bundle5.rates
259,0,5545340370944,1,64,0,65536,65536,0,0,0,65728,192,bundle0.flags
259,1,5545340436672,2,64,65728,131072,65536,0,192,192,131264,192,bundle0.counters
259,2,5545340567936,4,64,196992,262144,65536,0,384,384,262336,192,bundle0.counts
259,3,5545340830272,8,64,459328,524288,65536,0,576,576,524480,192,bundle0.totals
259,4,5545341354752,3,64,983808,196608,65536,0,768,768,196800,192,bundle0.payloads
259,5,5545341551552,4,64,1180608,262144,65536,0,960,960,262336,192,bundle0.values
259,6,5545341813888,8,64,1442944,524288,65536,0,1152,1152,524480,192,bundle0.rates
259,7,5545342338368,1,64,1967424,65536,65536,0,1344,1344,65728,192,bundle1.flags
259,8,5545342404096,2,64,2033152,131072,65536,0,1536,1536,131264,192,bundle1.counters
259,9,5545342535360,4,64,2164416,262144,65536,0,1728,1728,262336,192,bundle1.counts
259,10,5545342797696,8,64,2426752,524288,65536,0,1920,1920,524480,192,bundle1.totals
259,11,5545343322176,3,64,2951232,196608,65536,0,2112,2112,196800,192,bundle1.payloads
259,12,5545343518976,4,64,3148032,262144,65536,0,2304,2304,262336,192,bundle1.values
259,13,5545343781312,8,64,3410368,524288,65536,0,2496,2496,524480,192,bundle1.rates
259,14,5545344305792,1,64,3934848,65536,65536,0,2688,2688,65728,192,bundle2.flags
259,15,5545344371520,2,64,4000576,131072,65536,0,2880,2880,131264,192,bundle2.counters
259,16,5545344502784,4,64,4131840,262144,65536,0,3072,3072,262336,192,bundle2.counts
259,17,5545344765120,8,64,4394176,524288,65536,0,3264,3264,524480,192,bundle2.totals
259,18,5545345289600,3,64,4918656,196608,65536,0,3456,3456,196800,192,bundle2.payloads
259,19,5545345486400,4,64,5115456,262144,65536,0,3648,3648,262336,192,bundle2.values
259,20,5545345748736,8,64,5377792,524288,65536,0,3840,3840,524480,192,bundle2.rates
259,21,5545346273216,1,64,5902272,65536,65536,0,4032,4032,65728,192,bundle3.flags
259,22,5545346338944,2,64,5968000,131072,65536,0,128,4224,131264,192,bundle3.counters
259,23,5545346470208,4,64,6099264,262144,65536,0,320,4416,262336,192,bundle3.counts
259,24,5545346732544,8,64,6361600,524288,65536,0,512,4608,524480,192,bundle3.totals
259,25,5545347257024,3,64,6886080,196608,65536,0,704,4800,196800,192,bundle3.payloads
259,26,5545347453824,4,64,7082880,262144,65536,0,896,4992,262336,192,bundle3.values
259,27,5545347716160,8,64,7345216,524288,65536,0,1088,5184,524480,192,bundle3.rates
259,28,5545348240640,1,64,7869696,65536,65536,0,1280,5376,65728,192,bundle4.flags
259,29,5545348306368,2,64,7935424,131072,65536,0,1472,5568,131264,192,bundle4.counters
259,30,5545348437632,4,64,8066688,262144,65536,0,1664,5760,262336,192,bundle4.counts
259,31,5545348699968,8,64,8329024,524288,65536,0,1856,5952,524480,192,bundle4.totals
259,32,5545349224448,3,64,8853504,196608,65536,0,2048,6144,196800,192,bundle4.payloads
259,33,5545349421248,4,64,9050304,262144,65536,0,2240,6336,262336,192,bundle4.values
259,34,5545349683584,8,64,9312640,524288,65536,0,2432,6528,524480,192,bundle4.rates
259,35,5545350208064,1,64,9837120,65536,65536,0,2624,6720,65728,192,bundle5.flags
259,36,5545350273792,2,64,9902848,131072,65536,0,2816,6912,131264,192,bundle5.counters
259,37,5545350405056,4,64,10034112,262144,65536,0,3008,7104,262336,192,bundle5.counts
259,38,5545350667392,8,64,10296448,524288,65536,0,3200,7296,524480,192,bundle5.totals
259,39,5545351191872,3,64,10820928,196608,65536,0,3392,7488,196800,192,bundle5.payloads
259,40,5545351388672,4,64,11017728,262144,65536,0,3584,7680,262336,192,bundle5.values
259,41,5545351651008,8,64,11280064,524288,65536,0,3776,7872,,,bundle5.rates
260,0,2649458671616,1,64,0,131072,131072,0,0,0,131264,192,bundle0.flags
260,1,2649458802880,2,64,131264,262144,131072,0,192,192,262336,192,bundle0.counters
260,2,2649459065216,4,64,393600,524288,131072,0,384,384,524480,192,bundle0.counts
260,3,2649459589696,8,64,918080,1048576,131072,0,576,576,1048768,192,bundle0.totals
260,4,2649460638464,3,64,1966848,393216,131072,0,768,768,393408,192,bundle0.payloads
260,5,2649461031872,4,64,2360256,524288,131072,0,960,960,524480,192,bundle0.values
260,6,2649461556352,8,64,2884736,1048576,131072,0,1152,1152,1048768,192,bundle0.rates
260,7,2649462605120,1,64,3933504,131072,131072,0,1344,1344,131264,192,bundle1.flags
260,8,2649462736384,2,64,4064768,262144,131072,0,1536,1536,262336,192,bundle1.counters
260,9,2649462998720,4,64,4327104,524288,131072,0,1728,1728,524480,192,bundle1.counts
260,10,2649463523200,8,64,4851584,1048576,131072,0,1920,1920,1048768,192,bundle1.totals
260,11,2649464571968,3,64,5900352,393216,131072,0,2112,2112,393408,192,bundle1.payloads
260,12,2649464965376,4,64,6293760,524288,131072,0,2304,2304,524480,192,bundle1.values
260,13,2649465489856,8,64,6818240,1048576,131072,0,2496,2496,1048768,192,bundle1.rates
260,14,2649466538624,1,64,7867008,131072,131072,0,2688,2688,131264,192,bundle2.flags
260,15,2649466669888,2,64,7998272,262144,131072,0,2880,2880,262336,192,bundle2.counters
260,16,2649466932224,4,64,8260608,524288,131072,0,3072,3072,524480,192,bundle2.counts
260,17,2649467456704,8,64,8785088,1048576,131072,0,3264,3264,1048768,192,bundle2.totals
260,18,2649468505472,3,64,9833856,393216,131072,0,3456,3456,393408,192,bundle2.payloads
260,19,2649468898880,4,64,10227264,524288,131072,0,3648,3648,524480,192,bundle2.values
260,20,2649469423360,8,64,10751744,1048576,131072,0,3840,3840,1048768,192,bundle2.rates
260,21,2649470472128,1,64,11800512,131072,131072,0,4032,4032,131264,192,bundle3.flags
260,22,2649470603392,2,64,11931776,262144,131072,0,128,4224,262336,192,bundle3.counters
260,23,2649470865728,4,64,12194112,524288,131072,0,320,4416,524480,192,bundle3.counts
260,24,2649471390208,8,64,12718592,1048576,131072,0,512,4608,1048768,192,bundle3.totals
260,25,2649472438976,3,64,13767360,393216,131072,0,704,4800,393408,192,bundle3.payloads
260,26,2649472832384,4,64,14160768,524288,131072,0,896,4992,524480,192,bundle3.values
260,27,2649473356864,8,64,14685248,1048576,131072,0,1088,5184,1048768,192,bundle3.rates
260,28,2649474405632,1,64,15734016,131072,131072,0,1280,5376,131264,192,bundle4.flags
260,29,2649474536896,2,64,15865280,262144,131072,0,1472,5568,262336,192,bundle4.counters
260,30,2649474799232,4,64,16127616,524288,131072,0,1664,5760,524480,192,bundle4.counts
260,31,2649475323712,8,64,16652096,1048576,131072,0,1856,5952,1048768,192,bundle4.totals
260,32,2649476372480,3,64,17700864,393216,131072,0,2048,6144,393408,192,bundle4.payloads
260,33,2649476765888,4,64,18094272,524288,131072,0,2240,6336,524480,192,bundle4.values
260,34,2649477290368,8,64,18618752,1048576,131072,0,2432,6528,1048768,192,bundle4.rates
260,35,2649478339136,1,64,19667520,131072,131072,0,2624,6720,131264,192,bundle5.flags
260,36,2649478470400,2,64,19798784,262144,131072,0,2816,6912,262336,192,bundle5.counters
260,37,2649478732736,4,64,20061120,524288,131072,0,3008,7104,524480,192,bundle5.counts
260,38,2649479257216,8,64,20585600,1048576,131072,0,3200,7296,1048768,192,bundle5.totals
260,39,2649480305984,3,64,21634368,393216,131072,0,3392,7488,393408,192,bundle5.payloads
260,40,2649480699392,4,64,22027776,524288,131072,0,3584,7680,524480,192,bundle5.values
260,41,2649481223872,8,64,22552256,1048576,131072,0,3776,7872,,,bundle5.rates
261,0,6178579611648,1,64,0,131072,131072,0,0,0,131136,64,bundle0.flags
261,1,6178579742784,2,64,131136,262144,131072,0,64,64,262208,64,bundle0.counters
261,2,6178580004992,4,64,393344,524288,131072,0,128,128,524352,64,bundle0.counts
261,3,6178580529344,8,64,917696,1048576,131072,0,192,192,1048640,64,bundle0.totals
261,4,6178581577984,3,64,1966336,393216,131072,0,256,256,393280,64,bundle0.payloads
261,5,6178581971264,4,64,2359616,524288,131072,0,320,320,524352,64,bundle0.values
261,6,6178582495616,8,64,2883968,1048576,131072,0,384,384,1048640,64,bundle0.rates
261,7,6178583544256,1,64,3932608,131072,131072,0,448,448,131136,64,bundle1.flags
261,8,6178583675392,2,64,4063744,262144,131072,0,512,512,262208,64,bundle1.counters
261,9,6178583937600,4,64,4325952,524288,131072,0,576,576,524352,64,bundle1.counts
261,10,6178584461952,8,64,4850304,1048576,131072,0,640,640,1048640,64,bundle1.totals
261,11,6178585510592,3,64,5898944,393216,131072,0,704,704,393280,64,bundle1.payloads
261,12,6178585903872,4,64,6292224,524288,131072,0,768,768,524352,64,bundle1.values
261,13,6178586428224,8,64,6816576,1048576,131072,0,832,832,1048640,64,bundle1.rates
261,14,6178587476864,1,64,7865216,131072,131072,0,896,896,131136,64,bundle2.flags
261,15,6178587608000,2,64,7996352,262144,131072,0,960,960,262208,64,bundle2.counters
261,16,6178587870208,4,64,8258560,524288,131072,0,1024,1024,524352,64,bundle2.counts
261,17,6178588394560,8,64,8782912,1048576,131072,0,1088,1088,1048640,64,bundle2.totals
261,18,6178589443200,3,64,9831552,393216,131072,0,1152,1152,393280,64,bundle2.payloads
261,19,6178589836480,4,64,10224832,524288,131072,0,1216,1216,524352,64,bundle2.values
261,20,6178590360832,8,64,10749184,1048576,131072,0,1280,1280,1048640,64,bundle2.rates
261,21,6178591409472,1,64,11797824,131072,131072,0,1344,1344,131136,64,bundle3.flags
261,22,6178591540608,2,64,11928960,262144,131072,0,1408,1408,262208,64,bundle3.counters
261,23,6178591802816,4,64,12191168,524288,131072,0,1472,1472,524352,64,bundle3.counts
261,24,6178592327168,8,64,12715520,1048576,131072,0,1536,1536,1048640,64,bundle3.totals
261,25,6178593375808,3,64,13764160,393216,131072,0,1600,1600,393280,64,bundle3.payloads
261,26,6178593769088,4,64,14157440,524288,131072,0,1664,1664,524352,64,bundle3.values
261,27,6178594293440,8,64,14681792,1048576,131072,0,1728,1728,1048640,64,bundle3.rates
261,28,6178595342080,1,64,15730432,131072,131072,0,1792,1792,131136,64,bundle4.flags
261,29,6178595473216,2,64,15861568,262144,131072,0,1856,1856,262208,64,bundle4.counters
261,30,6178595735424,4,64,16123776,524288,131072,0,1920,1920,524352,64,bundle4.counts
261,31,6178596259776,8,64,16648128,1048576,131072,0,1984,1984,1048640,64,bundle4.totals
261,32,6178597308416,3,64,17696768,393216,131072,0,2048,2048,393280,64,bundle4.payloads
261,33,6178597701696,4,64,18090048,524288,131072,0,2112,2112,524352,64,bundle4.values
261,34,6178598226048,8,64,18614400,1048576,131072,0,2176,2176,1048640,64,bundle4.rates
261,35,6178599274688,1,64,19663040,131072,131072,0,2240,2240,131136,64,bundle5.flags
261,36,6178599405824,2,64,19794176,262144,131072,0,2304,2304,262208,64,bundle5.counters
261,37,6178599668032,4,64,20056384,524288,131072,0,2368,2368,524352,64,bundle5.counts
261,38,6178600192384,8,64,20580736,1048576,131072,0,2432,2432,1048640,64,bundle5.totals
261,39,6178601241024,3,64,21629376,393216,131072,0,2496,2496,393280,64,bundle5.payloads
261,40,6178601634304,4,64,22022656,524288,131072,0,2560,2560,524352,64,bundle5.values
261,41,6178602158656,8,64,22547008,1048576,131072,0,2624,2624,,,bundle5.rates
262,0,6559221088256,8,64,0,524800,65600,0,0,0,524864,64,entity_handles
262,1,6559221613120,4,64,524864,262400,65600,0,576,576,262464,64,integral_biases
262,2,6559221875584,4,64,787328,262400,65600,0,896,896,262464,64,float_biases
262,3,6559222138048,1,64,1049792,65600,65600,0,1216,1216,65664,64,tasks
262,4,6559222203712,4,64,1115456,262400,65600,0,1344,1344,262464,64,locations.xs
262,5,6559222466176,4,64,1377920,262400,65600,0,1664,1664,262464,64,locations.ys
262,6,6559222728640,4,64,1640384,262400,65600,0,1984,1984,262464,64,locations.zs
262,7,6559222991104,4,64,1902848,262400,65600,0,2304,2304,262464,64,desired_move_locations.xs
262,8,6559223253568,4,64,2165312,262400,65600,0,2624,2624,262464,64,desired_move_locations.ys
262,9,6559223516032,4,64,2427776,262400,65600,0,2944,2944,262464,64,desired_move_locations.zs
262,10,6559223778496,4,64,2690240,262400,65600,0,3264,3264,262464,64,aim_directions.xs
262,11,6559224040960,4,64,2952704,262400,65600,0,3584,3584,262464,64,aim_directions.ys
262,12,6559224303424,4,64,3215168,262400,65600,0,3904,3904,262464,64,aim_directions.zs
262,13,6559224565888,4,64,3477632,262400,65600,0,128,4224,262464,64,desired_aiming_directions.xs
262,14,6559224828352,4,64,3740096,262400,65600,0,448,4544,262464,64,desired_aiming_directions.ys
262,15,6559225090816,4,64,4002560,262400,65600,0,768,4864,262464,64,desired_aiming_directions.zs
262,16,6559225353280,4,64,4265024,262400,65600,0,1088,5184,262464,64,movement_directions.xs
262,17,6559225615744,4,64,4527488,262400,65600,0,1408,5504,262464,64,movement_directions.ys
262,18,6559225878208,4,64,4789952,262400,65600,0,1728,5824,262464,64,movement_directions.zs
262,19,6559226140672,4,64,5052416,262400,65600,0,2048,6144,262464,64,velocities.xs
262,20,6559226403136,4,64,5314880,262400,65600,0,2368,6464,262464,64,velocities.ys
262,21,6559226665600,4,64,5577344,262400,65600,0,2688,6784,262464,64,velocities.zs
262,22,6559226928064,4,64,5839808,262400,65600,0,3008,7104,262464,64,move_distances
262,23,6559227190528,4,64,6102272,262400,65600,0,3328,7424,262464,64,speeds
262,24,6559227452992,1,64,6364736,65600,65600,0,3648,7744,65664,64,teams
262,25,6559227518656,4,64,6430400,262400,65600,0,3776,7872,262464,64,healths
262,26,6559227781120,8,64,6692864,524800,65600,0,0,8192,524864,64,parent_handles
262,27,6559228305984,1,64,7217728,65600,65600,0,576,8768,65664,64,awareness_scan_countdowns.counters
262,28,6559228371648,2,64,7283392,131200,65600,0,704,8896,131264,64,navigation_update_countdowns.remaining_ticks
262,29,6559228502912,2,64,7414656,131200,65600,0,896,9088,131264,64,navigation_update_countdowns.periods
262,30,6559228634176,4,64,7545920,262400,65600,0,1088,9280,262464,64,separation_steering.xs
262,31,6559228896640,4,64,7808384,262400,65600,0,1408,9600,262464,64,separation_steering.ys
262,32,6559229159104,4,64,8070848,262400,65600,0,1728,9920,262464,64,separation_steering.zs
262,33,6559229421568,1,64,8333312,65600,65600,0,2048,10240,65664,64,navigation_risk_tiers
262,34,6559229487232,1,64,8398976,65600,65600,0,2176,10368,65664,64,navigation_lower_risk_scan_counts
262,35,6559229552896,1,64,8464640,65600,65600,0,2304,10496,65664,64,avoidance_choice_indices
262,36,6559229618560,1,64,8530304,65600,65600,0,2432,10624,65664,64,avoidance_clear_scan_counts
262,37,6559229684224,2,64,8595968,131200,65600,0,2560,10752,131264,64,attack_reposition_countdowns.counters
262,38,6559229815488,2,64,8727232,131200,65600,0,2752,10944,131264,64,attack_cooldowns.counters
262,39,6559229946752,8,64,8858496,524800,65600,0,2944,11136,524864,64,target_handles
262,40,6559230471616,4,64,9383360,262400,65600,0,3520,11712,262464,64,target_locations.xs
262,41,6559230734080,4,64,9645824,262400,65600,0,3840,12032,262464,64,target_locations.ys
262,42,6559230996544,4,64,9908288,262400,65600,0,64,12352,262464,64,target_locations.zs
262,43,6559231259008,4,64,10170752,262400,65600,0,384,12672,262464,64,target_velocities.xs
262,44,6559231521472,4,64,10433216,262400,65600,0,704,12992,262464,64,target_velocities.ys
262,45,6559231783936,4,64,10695680,262400,65600,0,1024,13312,262464,64,target_velocities.zs
262,46,6559232046400,4,64,10958144,262400,65600,0,1344,13632,262464,64,target_directions.xs
262,47,6559232308864,4,64,11220608,262400,65600,0,1664,13952,262464,64,target_directions.ys
262,48,6559232571328,4,64,11483072,262400,65600,0,1984,14272,262464,64,target_directions.zs
262,49,6559232833792,4,64,11745536,262400,65600,0,2304,14592,262464,64,intercept_times
262,50,6559233096256,4,64,12008000,262400,65600,0,2624,14912,262464,64,target_distance_sq
262,51,6559233358720,4,64,12270464,262400,65600,0,2944,15232,262464,64,target_distances
262,52,6559233621184,4,64,12532928,262400,65600,0,3264,15552,,,target_radii
263,0,2429073162240,8,64,0,600064,75008,0,0,0,600256,192,entity_handles
263,1,2429073762496,4,64,600256,300032,75008,0,2240,10432,300224,192,integral_biases
263,2,2429074062720,4,64,900480,300032,75008,0,3456,48512,300224,192,float_biases
263,3,2429074362944,1,64,1200704,75008,75008,0,576,21056,75200,192,tasks
263,4,2429074438144,4,64,1275904,300032,75008,0,2048,30720,300224,192,locations.xs
263,5,2429074738368,4,64,1576128,300032,75008,0,3264,3264,300224,192,locations.ys
263,6,2429075038592,4,64,1876352,300032,75008,0,384,41344,300224,192,locations.zs
263,7,2429075338816,4,64,2176576,300032,75008,0,1600,13888,300224,192,desired_move_locations.xs
263,8,2429075639040,4,64,2476800,300032,75008,0,2816,51968,300224,192,desired_move_locations.ys
263,9,2429075939264,4,64,2777024,300032,75008,0,4032,24512,300224,192,desired_move_locations.zs
263,10,2429076239488,4,64,3077248,300032,75008,0,1152,62592,300224,192,aim_directions.xs
263,11,2429076539712,4,64,3377472,300032,75008,0,2368,35136,300224,192,aim_directions.ys
263,12,2429076839936,4,64,3677696,300032,75008,0,3584,7680,300224,192,aim_directions.zs
263,13,2429077140160,4,64,3977920,300032,75008,0,704,45760,300224,192,desired_aiming_directions.xs
263,14,2429077440384,4,64,4278144,300032,75008,0,1920,18304,300224,192,desired_aiming_directions.ys
263,15,2429077740608,4,64,4578368,300032,75008,0,3136,56384,300224,192,desired_aiming_directions.zs
263,16,2429078040832,4,64,4878592,300032,75008,0,256,28928,300224,192,movement_directions.xs
263,17,2429078341056,4,64,5178816,300032,75008,0,1472,1472,300224,192,movement_directions.ys
263,18,2429078641280,4,64,5479040,300032,75008,0,2688,39552,300224,192,movement_directions.zs
263,19,2429078941504,4,64,5779264,300032,75008,0,3904,12096,300224,192,velocities.xs
263,20,2429079241728,4,64,6079488,300032,75008,0,1024,50176,300224,192,velocities.ys
263,21,2429079541952,4,64,6379712,300032,75008,0,2240,22720,300224,192,velocities.zs
263,22,2429079842176,4,64,6679936,300032,75008,0,3456,60800,300224,192,move_distances
263,23,2429080142400,4,64,6980160,300032,75008,0,576,33344,300224,192,speeds
263,24,2429080442624,1,64,7280384,75008,75008,0,1792,5888,75200,192,teams
263,25,2429080517824,4,64,7355584,300032,75008,0,3264,15552,300224,192,healths
263,26,2429080818048,8,64,7655808,600064,75008,0,384,53632,600256,192,parent_handles
263,27,2429081418304,1,64,8256064,75008,75008,0,2624,64064,75200,192,awareness_scan_countdowns.counters
263,28,2429081493504,2,64,8331264,150016,75008,0,0,8192,150208,192,navigation_update_countdowns.remaining_ticks
263,29,2429081643712,2,64,8481472,150016,75008,0,2752,27328,150208,192,navigation_update_countdowns.periods
263,30,2429081793920,4,64,8631680,300032,75008,0,1408,46464,300224,192,separation_steering.xs
263,31,2429082094144,4,64,8931904,300032,75008,0,2624,19008,300224,192,separation_steering.ys
263,32,2429082394368,4,64,9232128,300032,75008,0,3840,57088,300224,192,separation_steering.zs
263,33,2429082694592,1,64,9532352,75008,75008,0,960,29632,75200,192,navigation_risk_tiers
263,34,2429082769792,1,64,9607552,75008,75008,0,2432,39296,75200,192,navigation_lower_risk_scan_counts
263,35,2429082844992,1,64,9682752,75008,75008,0,3904,48960,75200,192,avoidance_choice_indices
263,36,2429082920192,1,64,9757952,75008,75008,0,1280,58624,75200,192,avoidance_clear_scan_counts
263,37,2429082995392,2,64,9833152,150016,75008,0,2752,2752,150208,192,attack_reposition_countdowns.counters
263,38,2429083145600,2,64,9983360,150016,75008,0,1408,21888,150208,192,attack_cooldowns.counters
263,39,2429083295808,8,64,10133568,600064,75008,0,64,41024,600256,192,target_handles
263,40,2429083896064,4,64,10733824,300032,75008,0,2304,51456,300224,192,target_locations.xs
263,41,2429084196288,4,64,11034048,300032,75008,0,3520,24000,300224,192,target_locations.ys
263,42,2429084496512,4,64,11334272,300032,75008,0,640,62080,300224,192,target_locations.zs
263,43,2429084796736,4,64,11634496,300032,75008,0,1856,34624,300224,192,target_velocities.xs
263,44,2429085096960,4,64,11934720,300032,75008,0,3072,7168,300224,192,target_velocities.ys
263,45,2429085397184,4,64,12234944,300032,75008,0,192,45248,300224,192,target_velocities.zs
263,46,2429085697408,4,64,12535168,300032,75008,0,1408,17792,300224,192,target_directions.xs
263,47,2429085997632,4,64,12835392,300032,75008,0,2624,55872,300224,192,target_directions.ys
263,48,2429086297856,4,64,13135616,300032,75008,0,3840,28416,300224,192,target_directions.zs
263,49,2429086598080,4,64,13435840,300032,75008,0,960,960,300224,192,intercept_times
263,50,2429086898304,4,64,13736064,300032,75008,0,2176,39040,300224,192,target_distance_sq
263,51,2429087198528,4,64,14036288,300032,75008,0,3392,11584,300224,192,target_distances
263,52,2429087498752,4,64,14336512,300032,75008,0,512,49664,,,target_radii
264,0,4744597405696,8,64,0,524288,65536,0,0,0,524480,192,entity_handles
264,1,4744597930176,4,64,524480,262144,65536,0,192,192,262336,192,integral_biases
264,2,4744598192512,4,64,786816,262144,65536,0,384,384,262336,192,float_biases
264,3,4744598454848,1,64,1049152,65536,65536,0,576,576,65728,192,tasks
264,4,4744598520576,4,64,1114880,262144,65536,0,768,768,262336,192,locations.xs
264,5,4744598782912,4,64,1377216,262144,65536,0,960,960,262336,192,locations.ys
264,6,4744599045248,4,64,1639552,262144,65536,0,1152,1152,262336,192,locations.zs
264,7,4744599307584,4,64,1901888,262144,65536,0,1344,1344,262336,192,desired_move_locations.xs
264,8,4744599569920,4,64,2164224,262144,65536,0,1536,1536,262336,192,desired_move_locations.ys
264,9,4744599832256,4,64,2426560,262144,65536,0,1728,1728,262336,192,desired_move_locations.zs
264,10,4744600094592,4,64,2688896,262144,65536,0,1920,1920,262336,192,aim_directions.xs
264,11,4744600356928,4,64,2951232,262144,65536,0,2112,2112,262336,192,aim_directions.ys
264,12,4744600619264,4,64,3213568,262144,65536,0,2304,2304,262336,192,aim_directions.zs
264,13,4744600881600,4,64,3475904,262144,65536,0,2496,2496,262336,192,desired_aiming_directions.xs
264,14,4744601143936,4,64,3738240,262144,65536,0,2688,2688,262336,192,desired_aiming_directions.ys
264,15,4744601406272,4,64,4000576,262144,65536,0,2880,2880,262336,192,desired_aiming_directions.zs
264,16,4744601668608,4,64,4262912,262144,65536,0,3072,3072,262336,192,movement_directions.xs
264,17,4744601930944,4,64,4525248,262144,65536,0,3264,3264,262336,192,movement_directions.ys
264,18,4744602193280,4,64,4787584,262144,65536,0,3456,3456,262336,192,movement_directions.zs
264,19,4744602455616,4,64,5049920,262144,65536,0,3648,3648,262336,192,velocities.xs
264,20,4744602717952,4,64,5312256,262144,65536,0,3840,3840,262336,192,velocities.ys
264,21,4744602980288,4,64,5574592,262144,65536,0,4032,4032,262336,192,velocities.zs
264,22,4744603242624,4,64,5836928,262144,65536,0,128,4224,262336,192,move_distances
264,23,4744603504960,4,64,6099264,262144,65536,0,320,4416,262336,192,speeds
264,24,4744603767296,1,64,6361600,65536,65536,0,512,4608,65728,192,teams
264,25,4744603833024,4,64,6427328,262144,65536,0,704,4800,262336,192,healths
264,26,4744604095360,8,64,6689664,524288,65536,0,896,4992,524480,192,parent_handles
264,27,4744604619840,1,64,7214144,65536,65536,0,1088,5184,65728,192,awareness_scan_countdowns.counters
264,28,4744604685568,2,64,7279872,131072,65536,0,1280,5376,131264,192,navigation_update_countdowns.remaining_ticks
264,29,4744604816832,2,64,7411136,131072,65536,0,1472,5568,131264,192,navigation_update_countdowns.periods
264,30,4744604948096,4,64,7542400,262144,65536,0,1664,5760,262336,192,separation_steering.xs
264,31,4744605210432,4,64,7804736,262144,65536,0,1856,5952,262336,192,separation_steering.ys
264,32,4744605472768,4,64,8067072,262144,65536,0,2048,6144,262336,192,separation_steering.zs
264,33,4744605735104,1,64,8329408,65536,65536,0,2240,6336,65728,192,navigation_risk_tiers
264,34,4744605800832,1,64,8395136,65536,65536,0,2432,6528,65728,192,navigation_lower_risk_scan_counts
264,35,4744605866560,1,64,8460864,65536,65536,0,2624,6720,65728,192,avoidance_choice_indices
264,36,4744605932288,1,64,8526592,65536,65536,0,2816,6912,65728,192,avoidance_clear_scan_counts
264,37,4744605998016,2,64,8592320,131072,65536,0,3008,7104,131264,192,attack_reposition_countdowns.counters
264,38,4744606129280,2,64,8723584,131072,65536,0,3200,7296,131264,192,attack_cooldowns.counters
264,39,4744606260544,8,64,8854848,524288,65536,0,3392,7488,524480,192,target_handles
264,40,4744606785024,4,64,9379328,262144,65536,0,3584,7680,262336,192,target_locations.xs
264,41,4744607047360,4,64,9641664,262144,65536,0,3776,7872,262336,192,target_locations.ys
264,42,4744607309696,4,64,9904000,262144,65536,0,3968,8064,262336,192,target_locations.zs
264,43,4744607572032,4,64,10166336,262144,65536,0,64,8256,262336,192,target_velocities.xs
264,44,4744607834368,4,64,10428672,262144,65536,0,256,8448,262336,192,target_velocities.ys
264,45,4744608096704,4,64,10691008,262144,65536,0,448,8640,262336,192,target_velocities.zs
264,46,4744608359040,4,64,10953344,262144,65536,0,640,8832,262336,192,target_directions.xs
264,47,4744608621376,4,64,11215680,262144,65536,0,832,9024,262336,192,target_directions.ys
264,48,4744608883712,4,64,11478016,262144,65536,0,1024,9216,262336,192,target_directions.zs
264,49,4744609146048,4,64,11740352,262144,65536,0,1216,9408,262336,192,intercept_times
264,50,4744609408384,4,64,12002688,262144,65536,0,1408,9600,262336,192,target_distance_sq
264,51,4744609670720,4,64,12265024,262144,65536,0,1600,9792,262336,192,target_distances
264,52,4744609933056,4,64,12527360,262144,65536,0,1792,9984,,,target_radii
265,0,4114579390464,8,64,0,1048576,131072,0,0,0,1048576,0,positions0.xs
265,1,4114580439040,8,64,1048576,1048576,131072,0,0,0,1048576,0,positions0.ys
265,2,4114581487616,8,64,2097152,1048576,131072,0,0,0,1048576,0,positions0.zs
265,3,4114582536192,8,64,3145728,1048576,131072,0,0,0,1048576,0,velocities0.xs
265,4,4114583584768,8,64,4194304,1048576,131072,0,0,0,1048576,0,velocities0.ys
265,5,4114584633344,8,64,5242880,1048576,131072,0,0,0,1048576,0,velocities0.zs
265,6,4114585681920,8,64,6291456,1048576,131072,0,0,0,1048576,0,positions1.xs
265,7,4114586730496,8,64,7340032,1048576,131072,0,0,0,1048576,0,positions1.ys
265,8,4114587779072,8,64,8388608,1048576,131072,0,0,0,1048576,0,positions1.zs
265,9,4114588827648,8,64,9437184,1048576,131072,0,0,0,1048576,0,velocities1.xs
265,10,4114589876224,8,64,10485760,1048576,131072,0,0,0,1048576,0,velocities1.ys
265,11,4114590924800,8,64,11534336,1048576,131072,0,0,0,1048576,0,velocities1.zs
265,12,4114591973376,8,64,12582912,1048576,131072,0,0,0,1048576,0,positions2.xs
265,13,4114593021952,8,64,13631488,1048576,131072,0,0,0,1048576,0,positions2.ys
265,14,4114594070528,8,64,14680064,1048576,131072,0,0,0,1048576,0,positions2.zs
265,15,4114595119104,8,64,15728640,1048576,131072,0,0,0,1048576,0,velocities2.xs
265,16,4114596167680,8,64,16777216,1048576,131072,0,0,0,1048576,0,velocities2.ys
265,17,4114597216256,8,64,17825792,1048576,131072,0,0,0,1048576,0,velocities2.zs
265,18,4114598264832,8,64,18874368,1048576,131072,0,0,0,1048576,0,positions3.xs
265,19,4114599313408,8,64,19922944,1048576,131072,0,0,0,1048576,0,positions3.ys
265,20,4114600361984,8,64,20971520,1048576,131072,0,0,0,1048576,0,positions3.zs
265,21,4114601410560,8,64,22020096,1048576,131072,0,0,0,1048576,0,velocities3.xs
265,22,4114602459136,8,64,23068672,1048576,131072,0,0,0,1048576,0,velocities3.ys
265,23,4114603507712,8,64,24117248,1048576,131072,0,0,0,,,velocities3.zs
266,0,2387197231104,8,64,0,800256,100032,0,0,0,800320,64,entity_handles
266,1,2387198031424,4,64,800320,400128,100032,0,1600,13888,400192,64,integral_biases
266,2,2387198431616,4,64,1200512,400128,100032,0,384,20864,400192,64,float_biases
266,3,2387198831808,1,64,1600704,100032,100032,0,3264,27840,100096,64,tasks
266,4,2387198931904,4,64,1700800,400128,100032,0,960,62400,400192,64,locations.xs
266,5,2387199332096,4,64,2100992,400128,100032,0,3840,3840,400192,64,locations.ys
266,6,2387199732288,4,64,2501184,400128,100032,0,2624,10816,400192,64,locations.zs
266,7,2387200132480,4,64,2901376,400128,100032,0,1408,17792,400192,64,desired_move_locations.xs
266,8,2387200532672,4,64,3301568,400128,100032,0,192,24768,400192,64,desired_move_locations.ys
266,9,2387200932864,4,64,3701760,400128,100032,0,3072,31744,400192,64,desired_move_locations.zs
266,10,2387201333056,4,64,4101952,400128,100032,0,1856,38720,400192,64,aim_directions.xs
266,11,2387201733248,4,64,4502144,400128,100032,0,640,45696,400192,64,aim_directions.ys
266,12,2387202133440,4,64,4902336,400128,100032,0,3520,52672,400192,64,aim_directions.zs
266,13,2387202533632,4,64,5302528,400128,100032,0,2304,59648,400192,64,desired_aiming_directions.xs
266,14,2387202933824,4,64,5702720,400128,100032,0,1088,1088,400192,64,desired_aiming_directions.ys
266,15,2387203334016,4,64,6102912,400128,100032,0,3968,8064,400192,64,desired_aiming_directions.zs
266,16,2387203734208,4,64,6503104,400128,100032,0,2752,15040,400192,64,movement_directions.xs
266,17,2387204134400,4,64,6903296,400128,100032,0,1536,22016,400192,64,movement_directions.ys
266,18,2387204534592,4,64,7303488,400128,100032,0,320,28992,400192,64,movement_directions.zs
266,19,2387204934784,4,64,7703680,400128,100032,0,3200,35968,400192,64,velocities.xs
266,20,2387205334976,4,64,8103872,400128,100032,0,1984,42944,400192,64,velocities.ys
266,21,2387205735168,4,64,8504064,400128,100032,0,768,49920,400192,64,velocities.zs
266,22,2387206135360,4,64,8904256,400128,100032,0,3648,56896,400192,64,move_distances
266,23,2387206535552,4,64,9304448,400128,100032,0,2432,63872,400192,64,speeds
266,24,2387206935744,1,64,9704640,100032,100032,0,1216,5312,100096,64,teams
266,25,2387207035840,4,64,9804736,400128,100032,0,3008,39872,400192,64,healths
266,26,2387207436032,8,64,10204928,800256,100032,0,1792,46848,800320,64,parent_handles
266,27,2387208236352,1,64,11005248,100032,100032,0,3392,60736,100096,64,awareness_scan_countdowns.counters
266,28,2387208336448,2,64,11105344,200064,100032,0,1088,29760,200128,64,navigation_update_countdowns.remaining_ticks
266,29,2387208536576,2,64,11305472,200064,100032,0,512,33280,200128,64,navigation_update_countdowns.periods
266,30,2387208736704,4,64,11505600,400128,100032,0,4032,36800,400192,64,separation_steering.xs
266,31,2387209136896,4,64,11905792,400128,100032,0,2816,43776,400192,64,separation_steering.ys
266,32,2387209537088,4,64,12305984,400128,100032,0,1600,50752,400192,64,separation_steering.zs
266,33,2387209937280,1,64,12706176,100032,100032,0,384,57728,100096,64,navigation_risk_tiers
266,34,2387210037376,1,64,12806272,100032,100032,0,2176,26752,100096,64,navigation_lower_risk_scan_counts
266,35,2387210137472,1,64,12906368,100032,100032,0,3968,61312,100096,64,avoidance_choice_indices
266,36,2387210237568,1,64,13006464,100032,100032,0,1664,30336,100096,64,avoidance_clear_scan_counts
266,37,2387210337664,2,64,13106560,200064,100032,0,3456,64896,200128,64,attack_reposition_countdowns.counters
266,38,2387210537792,2,64,13306688,200064,100032,0,2880,2880,200128,64,attack_cooldowns.counters
266,39,2387210737920,8,64,13506816,800256,100032,0,2304,6400,800320,64,target_handles
266,40,2387211538240,4,64,14307136,400128,100032,0,3904,20288,400192,64,target_locations.xs
266,41,2387211938432,4,64,14707328,400128,100032,0,2688,27264,400192,64,target_locations.ys
266,42,2387212338624,4,64,15107520,400128,100032,0,1472,34240,400192,64,target_locations.zs
266,43,2387212738816,4,64,15507712,400128,100032,0,256,41216,400192,64,target_velocities.xs
266,44,2387213139008,4,64,15907904,400128,100032,0,3136,48192,400192,64,target_velocities.ys
266,45,2387213539200,4,64,16308096,400128,100032,0,1920,55168,400192,64,target_velocities.zs
266,46,2387213939392,4,64,16708288,400128,100032,0,704,62144,400192,64,target_directions.xs
266,47,2387214339584,4,64,17108480,400128,100032,0,3584,3584,400192,64,target_directions.ys
266,48,2387214739776,4,64,17508672,400128,100032,0,2368,10560,400192,64,target_directions.zs
266,49,2387215139968,4,64,17908864,400128,100032,0,1152,17536,400192,64,intercept_times
266,50,2387215540160,4,64,18309056,400128,100032,0,4032,24512,400192,64,target_distance_sq
266,51,2387215940352,4,64,18709248,400128,100032,0,2816,31488,400192,64,target_distances
266,52,2387216340544,4,64,19109440,400128,100032,0,1600,38464,,,target_radii
267,0,3979556356096,8,64,0,524288,65536,0,0,0,524288,0,positions0.xs
267,1,3979556880384,8,64,524288,524288,65536,0,0,0,524288,0,positions0.ys
267,2,3979557404672,8,64,1048576,524288,65536,0,0,0,524288,0,positions0.zs
267,3,3979557928960,8,64,1572864,524288,65536,0,0,0,524288,0,velocities0.xs
267,4,3979558453248,8,64,2097152,524288,65536,0,0,0,524288,0,velocities0.ys
267,5,3979558977536,8,64,2621440,524288,65536,0,0,0,524288,0,velocities0.zs
267,6,3979559501824,8,64,3145728,524288,65536,0,0,0,524288,0,positions1.xs
267,7,3979560026112,8,64,3670016,524288,65536,0,0,0,524288,0,positions1.ys
267,8,3979560550400,8,64,4194304,524288,65536,0,0,0,524288,0,positions1.zs
267,9,3979561074688,8,64,4718592,524288,65536,0,0,0,524288,0,velocities1.xs
267,10,3979561598976,8,64,5242880,524288,65536,0,0,0,524288,0,velocities1.ys
267,11,3979562123264,8,64,5767168,524288,65536,0,0,0,524288,0,velocities1.zs
267,12,3979562647552,8,64,6291456,524288,65536,0,0,0,524288,0,positions2.xs
267,13,3979563171840,8,64,6815744,524288,65536,0,0,0,524288,0,positions2.ys
267,14,3979563696128,8,64,7340032,524288,65536,0,0,0,524288,0,positions2.zs
267,15,3979564220416,8,64,7864320,524288,65536,0,0,0,524288,0,velocities2.xs
267,16,3979564744704,8,64,8388608,524288,65536,0,0,0,524288,0,velocities2.ys
267,17,3979565268992,8,64,8912896,524288,65536,0,0,0,524288,0,velocities2.zs
267,18,3979565793280,8,64,9437184,524288,65536,0,0,0,524288,0,positions3.xs
267,19,3979566317568,8,64,9961472,524288,65536,0,0,0,524288,0,positions3.ys
267,20,3979566841856,8,64,10485760,524288,65536,0,0,0,524288,0,positions3.zs
267,21,3979567366144,8,64,11010048,524288,65536,0,0,0,524288,0,velocities3.xs
267,22,3979567890432,8,64,11534336,524288,65536,0,0,0,524288,0,velocities3.ys
267,23,3979568414720,8,64,12058624,524288,65536,0,0,0,,,velocities3.zs
268,0,3841580531712,1,64,0,75008,75008,0,0,0,75200,192,bundle0.flags
268,1,3841580606912,2,64,75200,150016,75008,0,1472,9664,150208,192,bundle0.counters
268,2,3841580757120,4,64,225408,300032,75008,0,128,28800,300224,192,bundle0.counts
268,3,3841581057344,8,64,525632,600064,75008,0,1344,1344,600256,192,bundle0.totals
268,4,3841581657600,3,64,1125888,225024,75008,0,3584,11776,225216,192,bundle0.payloads
268,5,3841581882816,4,64,1351104,300032,75008,0,3520,40384,300224,192,bundle0.values
268,6,3841582183040,8,64,1651328,600064,75008,0,640,12928,600256,192,bundle0.rates
268,7,3841582783296,1,64,2251584,75008,75008,0,2880,23360,75200,192,bundle1.flags
268,8,3841582858496,2,64,2326784,150016,75008,0,256,33024,150208,192,bundle1.counters
268,9,3841583008704,4,64,2476992,300032,75008,0,3008,52160,300224,192,bundle1.counts
268,10,3841583308928,8,64,2777216,600064,75008,0,128,24704,600256,192,bundle1.totals
268,11,3841583909184,3,64,3377472,225024,75008,0,2368,35136,225216,192,bundle1.payloads
268,12,3841584134400,4,64,3602688,300032,75008,0,2304,63744,300224,192,bundle1.values
268,13,3841584434624,8,64,3902912,600064,75008,0,3520,36288,600256,192,bundle1.rates
268,14,3841585034880,1,64,4503168,75008,75008,0,1664,46720,75200,192,bundle2.flags
268,15,3841585110080,2,64,4578368,150016,75008,0,3136,56384,150208,192,bundle2.counters
268,16,3841585260288,4,64,4728576,300032,75008,0,1792,9984,300224,192,bundle2.counts
268,17,3841585560512,8,64,5028800,600064,75008,0,3008,48064,600256,192,bundle2.totals
268,18,3841586160768,3,64,5629056,225024,75008,0,1152,58496,225216,192,bundle2.payloads
268,19,3841586385984,4,64,5854272,300032,75008,0,1088,21568,300224,192,bundle2.values
268,20,3841586686208,8,64,6154496,600064,75008,0,2304,59648,600256,192,bundle2.rates
268,21,3841587286464,1,64,6754752,75008,75008,0,448,4544,75200,192,bundle3.flags
268,22,3841587361664,2,64,6829952,150016,75008,0,1920,14208,150208,192,bundle3.counters
268,23,3841587511872,4,64,6980160,300032,75008,0,576,33344,300224,192,bundle3.counts
268,24,3841587812096,8,64,7280384,600064,75008,0,1792,5888,600256,192,bundle3.totals
268,25,3841588412352,3,64,7880640,225024,75008,0,4032,16320,225216,192,bundle3.payloads
268,26,3841588637568,4,64,8105856,300032,75008,0,3968,44928,300224,192,bundle3.values
268,27,3841588937792,8,64,8406080,600064,75008,0,1088,17472,600256,192,bundle3.rates
268,28,3841589538048,1,64,9006336,75008,75008,0,3328,27904,75200,192,bundle4.flags
268,29,3841589613248,2,64,9081536,150016,75008,0,704,37568,150208,192,bundle4.counters
268,30,3841589763456,4,64,9231744,300032,75008,0,3456,56704,300224,192,bundle4.counts
268,31,3841590063680,8,64,9531968,600064,75008,0,576,29248,600256,192,bundle4.totals
268,32,3841590663936,3,64,10132224,225024,75008,0,2816,39680,225216,192,bundle4.payloads
268,33,3841590889152,4,64,10357440,300032,75008,0,2752,2752,300224,192,bundle4.values
268,34,3841591189376,8,64,10657664,600064,75008,0,3968,40832,600256,192,bundle4.rates
268,35,3841591789632,1,64,11257920,75008,75008,0,2112,51264,75200,192,bundle5.flags
268,36,3841591864832,2,64,11333120,150016,75008,0,3584,60928,150208,192,bundle5.counters
268,37,3841592015040,4,64,11483328,300032,75008,0,2240,14528,300224,192,bundle5.counts
268,38,3841592315264,8,64,11783552,600064,75008,0,3456,52608,600256,192,bundle5.totals
268,39,3841592915520,3,64,12383808,225024,75008,0,1600,63040,225216,192,bundle5.payloads
268,40,3841593140736,4,64,12609024,300032,75008,0,1536,26112,300224,192,bundle5.values
268,41,3841593440960,8,64,12909248,600064,75008,0,2752,64192,,,bundle5.rates
269,0,5767336493056,8,64,0,600064,75008,0,0,0,600064,0,positions0.xs
269,1,5767337093120,8,64,600064,600064,75008,0,2048,10240,600064,0,positions0.ys
269,2,5767337693184,8,64,1200128,600064,75008,0,0,20480,600064,0,positions0.zs
269,3,5767338293248,8,64,1800192,600064,75008,0,2048,30720,600064,0,velocities0.xs
269,4,5767338893312,8,64,2400256,600064,75008,0,0,40960,600064,0,velocities0.ys
269,5,5767339493376,8,64,3000320,600064,75008,0,2048,51200,600064,0,velocities0.zs
269,6,5767340093440,8,64,3600384,600064,75008,0,0,61440,600064,0,positions1.xs
269,7,5767340693504,8,64,4200448,600064,75008,0,2048,6144,600064,0,positions1.ys
269,8,5767341293568,8,64,4800512,600064,75008,0,0,16384,600064,0,positions1.zs
269,9,5767341893632,8,64,5400576,600064,75008,0,2048,26624,600064,0,velocities1.xs
269,10,5767342493696,8,64,6000640,600064,75008,0,0,36864,600064,0,velocities1.ys
269,11,5767343093760,8,64,6600704,600064,75008,0,2048,47104,600064,0,velocities1.zs
269,12,5767343693824,8,64,7200768,600064,75008,0,0,57344,600064,0,positions2.xs
269,13,5767344293888,8,64,7800832,600064,75008,0,2048,2048,600064,0,positions2.ys
269,14,5767344893952,8,64,8400896,600064,75008,0,0,12288,600064,0,positions2.zs
269,15,5767345494016,8,64,9000960,600064,75008,0,2048,22528,600064,0,velocities2.xs
269,16,5767346094080,8,64,9601024,600064,75008,0,0,32768,600064,0,velocities2.ys
269,17,5767346694144,8,64,10201088,600064,75008,0,2048,43008,600064,0,velocities2.zs
269,18,5767347294208,8,64,10801152,600064,75008,0,0,53248,600064,0,positions3.xs
269,19,5767347894272,8,64,11401216,600064,75008,0,2048,63488,600064,0,positions3.ys
269,20,5767348494336,8,64,12001280,600064,75008,0,0,8192,600064,0,positions3.zs
269,21,5767349094400,8,64,12601344,600064,75008,0,2048,18432,600064,0,velocities3.xs
269,22,5767349694464,8,64,13201408,600064,75008,0,0,28672,600064,0,velocities3.ys
269,23,5767350294528,8,64,13801472,600064,75008,0,2048,38912,,,velocities3.zs
270,0,2544231972864,8,64,0,600064,75008,0,0,0,600064,0,entity_handles
270,1,2544232572928,4,64,600064,300032,75008,0,2048,10240,300032,0,integral_biases
270,2,2544232872960,4,64,900096,300032,75008,0,3072,48128,300032,0,float_biases
270,3,2544233172992,1,64,1200128,75008,75008,0,0,20480,75008,0,tasks
270,4,2544233248000,4,64,1275136,300032,75008,0,1280,29952,300032,0,locations.xs
270,5,2544233548032,4,64,1575168,300032,75008,0,2304,2304,300032,0,locations.ys
270,6,2544233848064,4,64,1875200,300032,75008,0,3328,40192,300032,0,locations.zs
270,7,2544234148096,4,64,2175232,300032,75008,0,256,12544,300032,0,desired_move_locations.xs
270,8,2544234448128,4,64,2475264,300032,75008,0,1280,50432,300032,0,desired_move_locations.ys
270,9,2544234748160,4,64,2775296,300032,75008,0,2304,22784,300032,0,desired_move_locations.zs
270,10,2544235048192,4,64,3075328,300032,75008,0,3328,60672,300032,0,aim_directions.xs
270,11,2544235348224,4,64,3375360,300032,75008,0,256,33024,300032,0,aim_directions.ys
270,12,2544235648256,4,64,3675392,300032,75008,0,1280,5376,300032,0,aim_directions.zs
270,13,2544235948288,4,64,3975424,300032,75008,0,2304,43264,300032,0,desired_aiming_directions.xs
270,14,2544236248320,4,64,4275456,300032,75008,0,3328,15616,300032,0,desired_aiming_directions.ys
270,15,2544236548352,4,64,4575488,300032,75008,0,256,53504,300032,0,desired_aiming_directions.zs
270,16,2544236848384,4,64,4875520,300032,75008,0,1280,25856,300032,0,movement_directions.xs
270,17,2544237148416,4,64,5175552,300032,75008,0,2304,63744,300032,0,movement_directions.ys
270,18,2544237448448,4,64,5475584,300032,75008,0,3328,36096,300032,0,movement_directions.zs
270,19,2544237748480,4,64,5775616,300032,75008,0,256,8448,300032,0,velocities.xs
270,20,2544238048512,4,64,6075648,300032,75008,0,1280,46336,300032,0,velocities.ys
270,21,2544238348544,4,64,6375680,300032,75008,0,2304,18688,300032,0,velocities.zs
270,22,2544238648576,4,64,6675712,300032,75008,0,3328,56576,300032,0,move_distances
270,23,2544238948608,4,64,6975744,300032,75008,0,256,28928,300032,0,speeds
270,24,2544239248640,1,64,7275776,75008,75008,0,1280,1280,75008,0,teams
270,25,2544239323648,4,64,7350784,300032,75008,0,2560,10752,300032,0,healths
270,26,2544239623680,8,64,7650816,600064,75008,0,3584,48640,600064,0,parent_handles
270,27,2544240223744,1,64,8250880,75008,75008,0,1536,58880,75008,0,awareness_scan_countdowns.counters
270,28,2544240298752,2,64,8325888,150016,75008,0,2816,2816,150016,0,navigation_update_countdowns.remaining_ticks
270,29,2544240448768,2,64,8475904,150016,75008,0,1280,21760,150016,0,navigation_update_countdowns.periods
270,30,2544240598784,4,64,8625920,300032,75008,0,3840,40704,300032,0,separation_steering.xs
270,31,2544240898816,4,64,8925952,300032,75008,0,768,13056,300032,0,separation_steering.ys
270,32,2544241198848,4,64,9225984,300032,75008,0,1792,50944,300032,0,separation_steering.zs
270,33,2544241498880,1,64,9526016,75008,75008,0,2816,23296,75008,0,navigation_risk_tiers
270,34,2544241573888,1,64,9601024,75008,75008,0,0,32768,75008,0,navigation_lower_risk_scan_counts
270,35,2544241648896,1,64,9676032,75008,75008,0,1280,42240,75008,0,avoidance_choice_indices
270,36,2544241723904,1,64,9751040,75008,75008,0,2560,51712,75008,0,avoidance_clear_scan_counts
270,37,2544241798912,2,64,9826048,150016,75008,0,3840,61184,150016,0,attack_reposition_countdowns.counters
270,38,2544241948928,2,64,9976064,150016,75008,0,2304,14592,150016,0,attack_cooldowns.counters
270,39,2544242098944,8,64,10126080,600064,75008,0,768,33536,600064,0,target_handles
270,40,2544242699008,4,64,10726144,300032,75008,0,2816,43776,300032,0,target_locations.xs
270,41,2544242999040,4,64,11026176,300032,75008,0,3840,16128,300032,0,target_locations.ys
270,42,2544243299072,4,64,11326208,300032,75008,0,768,54016,300032,0,target_locations.zs
270,43,2544243599104,4,64,11626240,300032,75008,0,1792,26368,300032,0,target_velocities.xs
270,44,2544243899136,4,64,11926272,300032,75008,0,2816,64256,300032,0,target_velocities.ys
270,45,2544244199168,4,64,12226304,300032,75008,0,3840,36608,300032,0,target_velocities.zs
270,46,2544244499200,4,64,12526336,300032,75008,0,768,8960,300032,0,target_directions.xs
270,47,2544244799232,4,64,12826368,300032,75008,0,1792,46848,300032,0,target_directions.ys
270,48,2544245099264,4,64,13126400,300032,75008,0,2816,19200,300032,0,target_directions.zs
270,49,2544245399296,4,64,13426432,300032,75008,0,3840,57088,300032,0,intercept_times
270,50,2544245699328,4,64,13726464,300032,75008,0,768,29440,300032,0,target_distance_sq
270,51,2544245999360,4,64,14026496,300032,75008,0,1792,1792,300032,0,target_distances
270,52,2544246299392,4,64,14326528,300032,75008,0,2816,39680,,,target_radii
271,0,3716522442752,4,64,0,262144,65536,0,0,0,262336,192,bundle0.positions
271,1,3716522705088,4,64,262336,262144,65536,0,192,192,262336,192,bundle0.velocities
271,2,3716522967424,32,64,524672,2097152,65536,0,384,384,2097344,192,bundle0.aligned32
271,3,3716525064768,64,64,2622016,4194304,65536,0,576,576,4194496,192,bundle0.aligned64
271,4,3716529259264,256,256,6816512,16777216,65536,0,768,768,16777408,192,bundle0.aligned256
271,5,3716546036672,4,64,23593920,262144,65536,0,960,960,262336,192,bundle1.positions
271,6,3716546299008,4,64,23856256,262144,65536,0,1152,1152,262336,192,bundle1.velocities
271,7,3716546561344,32,64,24118592,2097152,65536,0,1344,1344,2097344,192,bundle1.aligned32
271,8,3716548658688,64,64,26215936,4194304,65536,0,1536,1536,4194560,256,bundle1.aligned64
271,9,3716552853248,256,256,30410496,16777216,65536,0,1792,1792,16777408,192,bundle1.aligned256
271,10,3716569630656,4,64,47187904,262144,65536,0,1984,1984,262336,192,bundle2.positions
271,11,3716569892992,4,64,47450240,262144,65536,0,2176,2176,262336,192,bundle2.velocities
271,12,3716570155328,32,64,47712576,2097152,65536,0,2368,2368,2097344,192,bundle2.aligned32
271,13,3716572252672,64,64,49809920,4194304,65536,0,2560,2560,4194560,256,bundle2.aligned64
271,14,3716576447232,256,256,54004480,16777216,65536,0,2816,2816,,,bundle2.aligned256
272,0,5114769899520,8,64,0,524800,65600,0,0,0,524992,192,entity_handles
272,1,5114770424512,4,64,524992,262400,65600,0,704,704,262592,192,integral_biases
272,2,5114770687104,4,64,787584,262400,65600,0,1152,1152,262592,192,float_biases
272,3,5114770949696,1,64,1050176,65600,65600,0,1600,1600,65792,192,tasks
272,4,5114771015488,4,64,1115968,262400,65600,0,1856,1856,262592,192,locations.xs
272,5,5114771278080,4,64,1378560,262400,65600,0,2304,2304,262592,192,locations.ys
272,6,5114771540672,4,64,1641152,262400,65600,0,2752,2752,262592,192,locations.zs
272,7,5114771803264,4,64,1903744,262400,65600,0,3200,3200,262592,192,desired_move_locations.xs
272,8,5114772065856,4,64,2166336,262400,65600,0,3648,3648,262592,192,desired_move_locations.ys
272,9,5114772328448,4,64,2428928,262400,65600,0,0,4096,262592,192,desired_move_locations.zs
272,10,5114772591040,4,64,2691520,262400,65600,0,448,4544,262592,192,aim_directions.xs
272,11,5114772853632,4,64,2954112,262400,65600,0,896,4992,262592,192,aim_directions.ys
272,12,5114773116224,4,64,3216704,262400,65600,0,1344,5440,262592,192,aim_directions.zs
272,13,5114773378816,4,64,3479296,262400,65600,0,1792,5888,262592,192,desired_aiming_directions.xs
272,14,5114773641408,4,64,3741888,262400,65600,0,2240,6336,262592,192,desired_aiming_directions.ys
272,15,5114773904000,4,64,4004480,262400,65600,0,2688,6784,262592,192,desired_aiming_directions.zs
272,16,5114774166592,4,64,4267072,262400,65600,0,3136,7232,262592,192,movement_directions.xs
272,17,5114774429184,4,64,4529664,262400,65600,0,3584,7680,262592,192,movement_directions.ys
272,18,5114774691776,4,64,4792256,262400,65600,0,4032,8128,262592,192,movement_directions.zs
272,19,5114774954368,4,64,5054848,262400,65600,0,384,8576,262592,192,velocities.xs
272,20,5114775216960,4,64,5317440,262400,65600,0,832,9024,262592,192,velocities.ys
272,21,5114775479552,4,64,5580032,262400,65600,0,1280,9472,262592,192,velocities.zs
272,22,5114775742144,4,64,5842624,262400,65600,0,1728,9920,262592,192,move_distances
272,23,5114776004736,4,64,6105216,262400,65600,0,2176,10368,262592,192,speeds
272,24,5114776267328,1,64,6367808,65600,65600,0,2624,10816,65792,192,teams
272,25,5114776333120,4,64,6433600,262400,65600,0,2880,11072,262592,192,healths
272,26,5114776595712,8,64,6696192,524800,65600,0,3328,11520,524992,192,parent_handles
272,27,5114777120704,1,64,7221184,65600,65600,0,4032,12224,65792,192,awareness_scan_countdowns.counters
272,28,5114777186496,2,64,7286976,131200,65600,0,192,12480,131392,192,navigation_update_countdowns.remaining_ticks
272,29,5114777317888,2,64,7418368,131200,65600,0,512,12800,131392,192,navigation_update_countdowns.periods
272,30,5114777449280,4,64,7549760,262400,65600,0,832,13120,262592,192,separation_steering.xs
272,31,5114777711872,4,64,7812352,262400,65600,0,1280,13568,262592,192,separation_steering.ys
272,32,5114777974464,4,64,8074944,262400,65600,0,1728,14016,262592,192,separation_steering.zs
272,33,5114778237056,1,64,8337536,65600,65600,0,2176,14464,65792,192,navigation_risk_tiers
272,34,5114778302848,1,64,8403328,65600,65600,0,2432,14720,65792,192,navigation_lower_risk_scan_counts
272,35,5114778368640,1,64,8469120,65600,65600,0,2688,14976,65792,192,avoidance_choice_indices
272,36,5114778434432,1,64,8534912,65600,65600,0,2944,15232,65792,192,avoidance_clear_scan_counts
272,37,5114778500224,2,64,8600704,131200,65600,0,3200,15488,131392,192,attack_reposition_countdowns.counters
272,38,5114778631616,2,64,8732096,131200,65600,0,3520,15808,131392,192,attack_cooldowns.counters
272,39,5114778763008,8,64,8863488,524800,65600,0,3840,16128,524992,192,target_handles
272,40,5114779288000,4,64,9388480,262400,65600,0,448,16832,262592,192,target_locations.xs
272,41,5114779550592,4,64,9651072,262400,65600,0,896,17280,262592,192,target_locations.ys
272,42,5114779813184,4,64,9913664,262400,65600,0,1344,17728,262592,192,target_locations.zs
272,43,5114780075776,4,64,10176256,262400,65600,0,1792,18176,262592,192,target_velocities.xs
272,44,5114780338368,4,64,10438848,262400,65600,0,2240,18624,262592,192,target_velocities.ys
272,45,5114780600960,4,64,10701440,262400,65600,0,2688,19072,262592,192,target_velocities.zs
272,46,5114780863552,4,64,10964032,262400,65600,0,3136,19520,262592,192,target_directions.xs
272,47,5114781126144,4,64,11226624,262400,65600,0,3584,19968,262592,192,target_directions.ys
272,48,5114781388736,4,64,11489216,262400,65600,0,4032,20416,262592,192,target_directions.zs
272,49,5114781651328,4,64,11751808,262400,65600,0,384,20864,262592,192,intercept_times
272,50,5114781913920,4,64,12014400,262400,65600,0,832,21312,262592,192,target_distance_sq
272,51,5114782176512,4,64,12276992,262400,65600,0,1280,21760,262592,192,target_distances
272,52,5114782439104,4,64,12539584,262400,65600,0,1728,22208,,,target_radii
273,0,3700115046400,8,64,0,800256,100032,0,0,0,800256,0,entity_handles
273,1,3700115846656,4,64,800256,400128,100032,0,1536,13824,400128,0,integral_biases
273,2,3700116246784,4,64,1200384,400128,100032,0,256,20736,400128,0,float_biases
273,3,3700116646912,1,64,1600512,100032,100032,0,3072,27648,100032,0,tasks
273,4,3700116746944,4,64,1700544,400128,100032,0,704,62144,400128,0,locations.xs
273,5,3700117147072,4,64,2100672,400128,100032,0,3520,3520,400128,0,locations.ys
273,6,3700117547200,4,64,2500800,400128,100032,0,2240,10432,400128,0,locations.zs
273,7,3700117947328,4,64,2900928,400128,100032,0,960,17344,400128,0,desired_move_locations.xs
273,8,3700118347456,4,64,3301056,400128,100032,0,3776,24256,400128,0,desired_move_locations.ys
273,9,3700118747584,4,64,3701184,400128,100032,0,2496,31168,400128,0,desired_move_locations.zs
273,10,3700119147712,4,64,4101312,400128,100032,0,1216,38080,400128,0,aim_directions.xs
273,11,3700119547840,4,64,4501440,400128,100032,0,4032,44992,400128,0,aim_directions.ys
273,12,3700119947968,4,64,4901568,400128,100032,0,2752,51904,400128,0,aim_directions.zs
273,13,3700120348096,4,64,5301696,400128,100032,0,1472,58816,400128,0,desired_aiming_directions.xs
273,14,3700120748224,4,64,5701824,400128,100032,0,192,192,400128,0,desired_aiming_directions.ys
273,15,3700121148352,4,64,6101952,400128,100032,0,3008,7104,400128,0,desired_aiming_directions.zs
273,16,3700121548480,4,64,6502080,400128,100032,0,1728,14016,400128,0,movement_directions.xs
273,17,3700121948608,4,64,6902208,400128,100032,0,448,20928,400128,0,movement_directions.ys
273,18,3700122348736,4,64,7302336,400128,100032,0,3264,27840,400128,0,movement_directions.zs
273,19,3700122748864,4,64,7702464,400128,100032,0,1984,34752,400128,0,velocities.xs
273,20,3700123148992,4,64,8102592,400128,100032,0,704,41664,400128,0,velocities.ys
273,21,3700123549120,4,64,8502720,400128,100032,0,3520,48576,400128,0,velocities.zs
273,22,3700123949248,4,64,8902848,400128,100032,0,2240,55488,400128,0,move_distances
273,23,3700124349376,4,64,9302976,400128,100032,0,960,62400,400128,0,speeds
273,24,3700124749504,1,64,9703104,100032,100032,0,3776,3776,100032,0,teams
273,25,3700124849536,4,64,9803136,400128,100032,0,1408,38272,400128,0,healths
273,26,3700125249664,8,64,10203264,800256,100032,0,128,45184,800256,0,parent_handles
273,27,3700126049920,1,64,11003520,100032,100032,0,1664,59008,100032,0,awareness_scan_countdowns.counters
273,28,3700126149952,2,64,11103552,200064,100032,0,3392,27968,200064,0,navigation_update_countdowns.remaining_ticks
273,29,3700126350016,2,64,11303616,200064,100032,0,2752,31424,200064,0,navigation_update_countdowns.periods
273,30,3700126550080,4,64,11503680,400128,100032,0,2112,34880,400128,0,separation_steering.xs
273,31,3700126950208,4,64,11903808,400128,100032,0,832,41792,400128,0,separation_steering.ys
273,32,3700127350336,4,64,12303936,400128,100032,0,3648,48704,400128,0,separation_steering.zs
273,33,3700127750464,1,64,12704064,100032,100032,0,2368,55616,100032,0,navigation_risk_tiers
273,34,3700127850496,1,64,12804096,100032,100032,0,0,24576,100032,0,navigation_lower_risk_scan_counts
273,35,3700127950528,1,64,12904128,100032,100032,0,1728,59072,100032,0,avoidance_choice_indices
273,36,3700128050560,1,64,13004160,100032,100032,0,3456,28032,100032,0,avoidance_clear_scan_counts
273,37,3700128150592,2,64,13104192,200064,100032,0,1088,62528,200064,0,attack_reposition_countdowns.counters
273,38,3700128350656,2,64,13304256,200064,100032,0,448,448,200064,0,attack_cooldowns.counters
273,39,3700128550720,8,64,13504320,800256,100032,0,3904,3904,800256,0,target_handles
273,40,3700129350976,4,64,14304576,400128,100032,0,1344,17728,400128,0,target_locations.xs
273,41,3700129751104,4,64,14704704,400128,100032,0,64,24640,400128,0,target_locations.ys
273,42,3700130151232,4,64,15104832,400128,100032,0,2880,31552,400128,0,target_locations.zs
273,43,3700130551360,4,64,15504960,400128,100032,0,1600,38464,400128,0,target_velocities.xs
273,44,3700130951488,4,64,15905088,400128,100032,0,320,45376,400128,0,target_velocities.ys
273,45,3700131351616,4,64,16305216,400128,100032,0,3136,52288,400128,0,target_velocities.zs
273,46,3700131751744,4,64,16705344,400128,100032,0,1856,59200,400128,0,target_directions.xs
273,47,3700132151872,4,64,17105472,400128,100032,0,576,576,400128,0,target_directions.ys
273,48,3700132552000,4,64,17505600,400128,100032,0,3392,7488,400128,0,target_directions.zs
273,49,3700132952128,4,64,17905728,400128,100032,0,2112,14400,400128,0,intercept_times
273,50,3700133352256,4,64,18305856,400128,100032,0,832,21312,400128,0,target_distance_sq
273,51,3700133752384,4,64,18705984,400128,100032,0,3648,28224,400128,0,target_distances
273,52,3700134152512,4,64,19106112,400128,100032,0,2368,35136,,,target_radii
274,0,5078531112960,8,64,0,600064,75008,0,0,0,600256,192,positions0.xs
274,1,5078531713216,8,64,600256,600064,75008,0,2240,10432,600256,192,positions0.ys
274,2,5078532313472,8,64,1200512,600064,75008,0,384,20864,600256,192,positions0.zs
274,3,5078532913728,8,64,1800768,600064,75008,0,2624,31296,600256,192,velocities0.xs
274,4,5078533513984,8,64,2401024,600064,75008,0,768,41728,600256,192,velocities0.ys
274,5,5078534114240,8,64,3001280,600064,75008,0,3008,52160,600256,192,velocities0.zs
274,6,5078534714496,8,64,3601536,600064,75008,0,1152,62592,600256,192,positions1.xs
274,7,5078535314752,8,64,4201792,600064,75008,0,3392,7488,600256,192,positions1.ys
274,8,5078535915008,8,64,4802048,600064,75008,0,1536,17920,600256,192,positions1.zs
274,9,5078536515264,8,64,5402304,600064,75008,0,3776,28352,600256,192,velocities1.xs
274,10,5078537115520,8,64,6002560,600064,75008,0,1920,38784,600256,192,velocities1.ys
274,11,5078537715776,8,64,6602816,600064,75008,0,64,49216,600256,192,velocities1.zs
274,12,5078538316032,8,64,7203072,600064,75008,0,2304,59648,600256,192,positions2.xs
274,13,5078538916288,8,64,7803328,600064,75008,0,448,4544,600256,192,positions2.ys
274,14,5078539516544,8,64,8403584,600064,75008,0,2688,14976,600256,192,positions2.zs
274,15,5078540116800,8,64,9003840,600064,75008,0,832,25408,600256,192,velocities2.xs
274,16,5078540717056,8,64,9604096,600064,75008,0,3072,35840,600256,192,velocities2.ys
274,17,5078541317312,8,64,10204352,600064,75008,0,1216,46272,600256,192,velocities2.zs
274,18,5078541917568,8,64,10804608,600064,75008,0,3456,56704,600256,192,positions3.xs
274,19,5078542517824,8,64,11404864,600064,75008,0,1600,1600,600256,192,positions3.ys
274,20,5078543118080,8,64,12005120,600064,75008,0,3840,12032,600256,192,positions3.zs
274,21,5078543718336,8,64,12605376,600064,75008,0,1984,22464,600256,192,velocities3.xs
274,22,5078544318592,8,64,13205632,600064,75008,0,128,32896,600256,192,velocities3.ys
274,23,5078544918848,8,64,13805888,600064,75008,0,2368,43328,,,velocities3.zs
275,0,4100352311296,8,64,0,600064,75008,0,0,0,600064,0,entity_handles
275,1,4100352911360,4,64,600064,300032,75008,0,2048,10240,300032,0,integral_biases
275,2,4100353211392,4,64,900096,300032,75008,0,3072,48128,300032,0,float_biases
275,3,4100353511424,1,64,1200128,75008,75008,0,0,20480,75008,0,tasks
275,4,4100353586432,4,64,1275136,300032,75008,0,1280,29952,300032,0,locations.xs
275,5,4100353886464,4,64,1575168,300032,75008,0,2304,2304,300032,0,locations.ys
275,6,4100354186496,4,64,1875200,300032,75008,0,3328,40192,300032,0,locations.zs
275,7,4100354486528,4,64,2175232,300032,75008,0,256,12544,300032,0,desired_move_locations.xs
275,8,4100354786560,4,64,2475264,300032,75008,0,1280,50432,300032,0,desired_move_locations.ys
275,9,4100355086592,4,64,2775296,300032,75008,0,2304,22784,300032,0,desired_move_locations.zs
275,10,4100355386624,4,64,3075328,300032,75008,0,3328,60672,300032,0,aim_directions.xs
275,11,4100355686656,4,64,3375360,300032,75008,0,256,33024,300032,0,aim_directions.ys
275,12,4100355986688,4,64,3675392,300032,75008,0,1280,5376,300032,0,aim_directions.zs
275,13,4100356286720,4,64,3975424,300032,75008,0,2304,43264,300032,0,desired_aiming_directions.xs
275,14,4100356586752,4,64,4275456,300032,75008,0,3328,15616,300032,0,desired_aiming_directions.ys
275,15,4100356886784,4,64,4575488,300032,75008,0,256,53504,300032,0,desired_aiming_directions.zs
275,16,4100357186816,4,64,4875520,300032,75008,0,1280,25856,300032,0,movement_directions.xs
275,17,4100357486848,4,64,5175552,300032,75008,0,2304,63744,300032,0,movement_directions.ys
275,18,4100357786880,4,64,5475584,300032,75008,0,3328,36096,300032,0,movement_directions.zs
275,19,4100358086912,4,64,5775616,300032,75008,0,256,8448,300032,0,velocities.xs
275,20,4100358386944,4,64,6075648,300032,75008,0,1280,46336,300032,0,velocities.ys
275,21,4100358686976,4,64,6375680,300032,75008,0,2304,18688,300032,0,velocities.zs
275,22,4100358987008,4,64,6675712,300032,75008,0,3328,56576,300032,0,move_distances
275,23,4100359287040,4,64,6975744,300032,75008,0,256,28928,300032,0,speeds
275,24,4100359587072,1,64,7275776,75008,75008,0,1280,1280,75008,0,teams
275,25,4100359662080,4,64,7350784,300032,75008,0,2560,10752,300032,0,healths
275,26,4100359962112,8,64,7650816,600064,75008,0,3584,48640,600064,0,parent_handles
275,27,4100360562176,1,64,8250880,75008,75008,0,1536,58880,75008,0,awareness_scan_countdowns.counters
275,28,4100360637184,2,64,8325888,150016,75008,0,2816,2816,150016,0,navigation_update_countdowns.remaining_ticks
275,29,4100360787200,2,64,8475904,150016,75008,0,1280,21760,150016,0,navigation_update_countdowns.periods
275,30,4100360937216,4,64,8625920,300032,75008,0,3840,40704,300032,0,separation_steering.xs
275,31,4100361237248,4,64,8925952,300032,75008,0,768,13056,300032,0,separation_steering.ys
275,32,4100361537280,4,64,9225984,300032,75008,0,1792,50944,300032,0,separation_steering.zs
275,33,4100361837312,1,64,9526016,75008,75008,0,2816,23296,75008,0,navigation_risk_tiers
275,34,4100361912320,1,64,9601024,75008,75008,0,0,32768,75008,0,navigation_lower_risk_scan_counts
275,35,4100361987328,1,64,9676032,75008,75008,0,1280,42240,75008,0,avoidance_choice_indices
275,36,4100362062336,1,64,9751040,75008,75008,0,2560,51712,75008,0,avoidance_clear_scan_counts
275,37,4100362137344,2,64,9826048,150016,75008,0,3840,61184,150016,0,attack_reposition_countdowns.counters
275,38,4100362287360,2,64,9976064,150016,75008,0,2304,14592,150016,0,attack_cooldowns.counters
275,39,4100362437376,8,64,10126080,600064,75008,0,768,33536,600064,0,target_handles
275,40,4100363037440,4,64,10726144,300032,75008,0,2816,43776,300032,0,target_locations.xs
275,41,4100363337472,4,64,11026176,300032,75008,0,3840,16128,300032,0,target_locations.ys
275,42,4100363637504,4,64,11326208,300032,75008,0,768,54016,300032,0,target_locations.zs
275,43,4100363937536,4,64,11626240,300032,75008,0,1792,26368,300032,0,target_velocities.xs
275,44,4100364237568,4,64,11926272,300032,75008,0,2816,64256,300032,0,target_velocities.ys
275,45,4100364537600,4,64,12226304,300032,75008,0,3840,36608,300032,0,target_velocities.zs
275,46,4100364837632,4,64,12526336,300032,75008,0,768,8960,300032,0,target_directions.xs
275,47,4100365137664,4,64,12826368,300032,75008,0,1792,46848,300032,0,target_directions.ys
275,48,4100365437696,4,64,13126400,300032,75008,0,2816,19200,300032,0,target_directions.zs
275,49,4100365737728,4,64,13426432,300032,75008,0,3840,57088,300032,0,intercept_times
275,50,4100366037760,4,64,13726464,300032,75008,0,768,29440,300032,0,target_distance_sq
275,51,4100366337792,4,64,14026496,300032,75008,0,1792,1792,300032,0,target_distances
275,52,4100366637824,4,64,14326528,300032,75008,0,2816,39680,,,target_radii
276,0,4962566995968,8,64,0,600064,75008,0,0,0,600128,64,entity_handles
276,1,4962567596096,4,64,600128,300032,75008,0,2112,10304,300096,64,integral_biases
276,2,4962567896192,4,64,900224,300032,75008,0,3200,48256,300096,64,float_biases
276,3,4962568196288,1,64,1200320,75008,75008,0,192,20672,75072,64,tasks
276,4,4962568271360,4,64,1275392,300032,75008,0,1536,30208,300096,64,locations.xs
276,5,4962568571456,4,64,1575488,300032,75008,0,2624,2624,300096,64,locations.ys
276,6,4962568871552,4,64,1875584,300032,75008,0,3712,40576,300096,64,locations.zs
276,7,4962569171648,4,64,2175680,300032,75008,0,704,12992,300096,64,desired_move_locations.xs
276,8,4962569471744,4,64,2475776,300032,75008,0,1792,50944,300096,64,desired_move_locations.ys
276,9,4962569771840,4,64,2775872,300032,75008,0,2880,23360,300096,64,desired_move_locations.zs
276,10,4962570071936,4,64,3075968,300032,75008,0,3968,61312,300096,64,aim_directions.xs
276,11,4962570372032,4,64,3376064,300032,75008,0,960,33728,300096,64,aim_directions.ys
276,12,4962570672128,4,64,3676160,300032,75008,0,2048,6144,300096,64,aim_directions.zs
276,13,4962570972224,4,64,3976256,300032,75008,0,3136,44096,300096,64,desired_aiming_directions.xs
276,14,4962571272320,4,64,4276352,300032,75008,0,128,16512,300096,64,desired_aiming_directions.ys
276,15,4962571572416,4,64,4576448,300032,75008,0,1216,54464,300096,64,desired_aiming_directions.zs
276,16,4962571872512,4,64,4876544,300032,75008,0,2304,26880,300096,64,movement_directions.xs
276,17,4962572172608,4,64,5176640,300032,75008,0,3392,64832,300096,64,movement_directions.ys
276,18,4962572472704,4,64,5476736,300032,75008,0,384,37248,300096,64,movement_directions.zs
276,19,4962572772800,4,64,5776832,300032,75008,0,1472,9664,300096,64,velocities.xs
276,20,4962573072896,4,64,6076928,300032,75008,0,2560,47616,300096,64,velocities.ys
276,21,4962573372992,4,64,6377024,300032,75008,0,3648,20032,300096,64,velocities.zs
276,22,4962573673088,4,64,6677120,300032,75008,0,640,57984,300096,64,move_distances
276,23,4962573973184,4,64,6977216,300032,75008,0,1728,30400,300096,64,speeds
276,24,4962574273280,1,64,7277312,75008,75008,0,2816,2816,75072,64,teams
276,25,4962574348352,4,64,7352384,300032,75008,0,64,12352,300096,64,healths
276,26,4962574648448,8,64,7652480,600064,75008,0,1152,50304,600128,64,parent_handles
276,27,4962575248576,1,64,8252608,75008,75008,0,3264,60608,75072,64,awareness_scan_countdowns.counters
276,28,4962575323648,2,64,8327680,150016,75008,0,512,4608,150080,64,navigation_update_countdowns.remaining_ticks
276,29,4962575473728,2,64,8477760,150016,75008,0,3136,23616,150080,64,navigation_update_countdowns.periods
276,30,4962575623808,4,64,8627840,300032,75008,0,1664,42624,300096,64,separation_steering.xs
276,31,4962575923904,4,64,8927936,300032,75008,0,2752,15040,300096,64,separation_steering.ys
276,32,4962576224000,4,64,9228032,300032,75008,0,3840,52992,300096,64,separation_steering.zs
276,33,4962576524096,1,64,9528128,75008,75008,0,832,25408,75072,64,navigation_risk_tiers
276,34,4962576599168,1,64,9603200,75008,75008,0,2176,34944,75072,64,navigation_lower_risk_scan_counts
276,35,4962576674240,1,64,9678272,75008,75008,0,3520,44480,75072,64,avoidance_choice_indices
276,36,4962576749312,1,64,9753344,75008,75008,0,768,54016,75072,64,avoidance_clear_scan_counts
276,37,4962576824384,2,64,9828416,150016,75008,0,2112,63552,150080,64,attack_reposition_countdowns.counters
276,38,4962576974464,2,64,9978496,150016,75008,0,640,17024,150080,64,attack_cooldowns.counters
276,39,4962577124544,8,64,10128576,600064,75008,0,3264,36032,600128,64,target_handles
276,40,4962577724672,4,64,10728704,300032,75008,0,1280,46336,300096,64,target_locations.xs
276,41,4962578024768,4,64,11028800,300032,75008,0,2368,18752,300096,64,target_locations.ys
276,42,4962578324864,4,64,11328896,300032,75008,0,3456,56704,300096,64,target_locations.zs
276,43,4962578624960,4,64,11628992,300032,75008,0,448,29120,300096,64,target_velocities.xs
276,44,4962578925056,4,64,11929088,300032,75008,0,1536,1536,300096,64,target_velocities.ys
276,45,4962579225152,4,64,12229184,300032,75008,0,2624,39488,300096,64,target_velocities.zs
276,46,4962579525248,4,64,12529280,300032,75008,0,3712,11904,300096,64,target_directions.xs
276,47,4962579825344,4,64,12829376,300032,75008,0,704,49856,300096,64,target_directions.ys
276,48,4962580125440,4,64,13129472,300032,75008,0,1792,22272,300096,64,target_directions.zs
276,49,4962580425536,4,64,13429568,300032,75008,0,2880,60224,300096,64,intercept_times
276,50,4962580725632,4,64,13729664,300032,75008,0,3968,32640,300096,64,target_distance_sq
276,51,4962581025728,4,64,14029760,300032,75008,0,960,5056,300096,64,target_distances
276,52,4962581325824,4,64,14329856,300032,75008,0,2048,43008,,,target_radii
277,0,2566512115712,8,64,0,524288,65536,0,0,0,524288,0,entity_handles
277,1,2566512640000,4,64,524288,262144,65536,0,0,0,262144,0,integral_biases
277,2,2566512902144,4,64,786432,262144,65536,0,0,0,262144,0,float_biases
277,3,2566513164288,1,64,1048576,65536,65536,0,0,0,65536,0,tasks
277,4,2566513229824,4,64,1114112,262144,65536,0,0,0,262144,0,locations.xs
277,5,2566513491968,4,64,1376256,262144,65536,0,0,0,262144,0,locations.ys
277,6,2566513754112,4,64,1638400,262144,65536,0,0,0,262144,0,locations.zs
277,7,2566514016256,4,64,1900544,262144,65536,0,0,0,262144,0,desired_move_locations.xs
277,8,2566514278400,4,64,2162688,262144,65536,0,0,0,262144,0,desired_move_locations.ys
277,9,2566514540544,4,64,2424832,262144,65536,0,0,0,262144,0,desired_move_locations.zs
277,10,2566514802688,4,64,2686976,262144,65536,0,0,0,262144,0,aim_directions.xs
277,11,2566515064832,4,64,2949120,262144,65536,0,0,0,262144,0,aim_directions.ys
277,12,2566515326976,4,64,3211264,262144,65536,0,0,0,262144,0,aim_directions.zs
277,13,2566515589120,4,64,3473408,262144,65536,0,0,0,262144,0,desired_aiming_directions.xs
277,14,2566515851264,4,64,3735552,262144,65536,0,0,0,262144,0,desired_aiming_directions.ys
277,15,2566516113408,4,64,3997696,262144,65536,0,0,0,262144,0,desired_aiming_directions.zs
277,16,2566516375552,4,64,4259840,262144,65536,0,0,0,262144,0,movement_directions.xs
277,17,2566516637696,4,64,4521984,262144,65536,0,0,0,262144,0,movement_directions.ys
277,18,2566516899840,4,64,4784128,262144,65536,0,0,0,262144,0,movement_directions.zs
277,19,2566517161984,4,64,5046272,262144,65536,0,0,0,262144,0,velocities.xs
277,20,2566517424128,4,64,5308416,262144,65536,0,0,0,262144,0,velocities.ys
277,21,2566517686272,4,64,5570560,262144,65536,0,0,0,262144,0,velocities.zs
277,22,2566517948416,4,64,5832704,262144,65536,0,0,0,262144,0,move_distances
277,23,2566518210560,4,64,6094848,262144,65536,0,0,0,262144,0,speeds
277,24,2566518472704,1,64,6356992,65536,65536,0,0,0,65536,0,teams
277,25,2566518538240,4,64,6422528,262144,65536,0,0,0,262144,0,healths
277,26,2566518800384,8,64,6684672,524288,65536,0,0,0,524288,0,parent_handles
277,27,2566519324672,1,64,7208960,65536,65536,0,0,0,65536,0,awareness_scan_countdowns.counters
277,28,2566519390208,2,64,7274496,131072,65536,0,0,0,131072,0,navigation_update_countdowns.remaining_ticks
277,29,2566519521280,2,64,7405568,131072,65536,0,0,0,131072,0,navigation_update_countdowns.periods
277,30,2566519652352,4,64,7536640,262144,65536,0,0,0,262144,0,separation_steering.xs
277,31,2566519914496,4,64,7798784,262144,65536,0,0,0,262144,0,separation_steering.ys
277,32,2566520176640,4,64,8060928,262144,65536,0,0,0,262144,0,separation_steering.zs
277,33,2566520438784,1,64,8323072,65536,65536,0,0,0,65536,0,navigation_risk_tiers
277,34,2566520504320,1,64,8388608,65536,65536,0,0,0,65536,0,navigation_lower_risk_scan_counts
277,35,2566520569856,1,64,8454144,65536,65536,0,0,0,65536,0,avoidance_choice_indices
277,36,2566520635392,1,64,8519680,65536,65536,0,0,0,65536,0,avoidance_clear_scan_counts
277,37,2566520700928,2,64,8585216,131072,65536,0,0,0,131072,0,attack_reposition_countdowns.counters
277,38,2566520832000,2,64,8716288,131072,65536,0,0,0,131072,0,attack_cooldowns.counters
277,39,2566520963072,8,64,8847360,524288,65536,0,0,0,524288,0,target_handles
277,40,2566521487360,4,64,9371648,262144,65536,0,0,0,262144,0,target_locations.xs
277,41,2566521749504,4,64,9633792,262144,65536,0,0,0,262144,0,target_locations.ys
277,42,2566522011648,4,64,9895936,262144,65536,0,0,0,262144,0,target_locations.zs
277,43,2566522273792,4,64,10158080,262144,65536,0,0,0,262144,0,target_velocities.xs
277,44,2566522535936,4,64,10420224,262144,65536,0,0,0,262144,0,target_velocities.ys
277,45,2566522798080,4,64,10682368,262144,65536,0,0,0,262144,0,target_velocities.zs
277,46,2566523060224,4,64,10944512,262144,65536,0,0,0,262144,0,target_directions.xs
277,47,2566523322368,4,64,11206656,262144,65536,0,0,0,262144,0,target_directions.ys
277,48,2566523584512,4,64,11468800,262144,65536,0,0,0,262144,0,target_directions.zs
277,49,2566523846656,4,64,11730944,262144,65536,0,0,0,262144,0,intercept_times
277,50,2566524108800,4,64,11993088,262144,65536,0,0,0,262144,0,target_distance_sq
277,51,2566524370944,4,64,12255232,262144,65536,0,0,0,262144,0,target_distances
277,52,2566524633088,4,64,12517376,262144,65536,0,0,0,,,target_radii
278,0,4823281827840,4,64,0,262144,65536,0,0,0,262144,0,bundle0.positions
278,1,4823282089984,4,64,262144,262144,65536,0,0,0,262144,0,bundle0.velocities
278,2,4823282352128,32,64,524288,2097152,65536,0,0,0,2097152,0,bundle0.aligned32
278,3,4823284449280,64,64,2621440,4194304,65536,0,0,0,4194304,0,bundle0.aligned64
278,4,4823288643584,256,256,6815744,16777216,65536,0,0,0,16777216,0,bundle0.aligned256
278,5,4823305420800,4,64,23592960,262144,65536,0,0,0,262144,0,bundle1.positions
278,6,4823305682944,4,64,23855104,262144,65536,0,0,0,262144,0,bundle1.velocities
278,7,4823305945088,32,64,24117248,2097152,65536,0,0,0,2097152,0,bundle1.aligned32
278,8,4823308042240,64,64,26214400,4194304,65536,0,0,0,4194304,0,bundle1.aligned64
278,9,4823312236544,256,256,30408704,16777216,65536,0,0,0,16777216,0,bundle1.aligned256
278,10,4823329013760,4,64,47185920,262144,65536,0,0,0,262144,0,bundle2.positions
278,11,4823329275904,4,64,47448064,262144,65536,0,0,0,262144,0,bundle2.velocities
278,12,4823329538048,32,64,47710208,2097152,65536,0,0,0,2097152,0,bundle2.aligned32
278,13,4823331635200,64,64,49807360,4194304,65536,0,0,0,4194304,0,bundle2.aligned64
278,14,4823335829504,256,256,54001664,16777216,65536,0,0,0,,,bundle2.aligned256
279,0,5934840217600,8,64,0,1048576,131072,0,0,0,1048576,0,entity_handles
279,1,5934841266176,4,64,1048576,524288,131072,0,0,0,524288,0,integral_biases
279,2,5934841790464,4,64,1572864,524288,131072,0,0,0,524288,0,float_biases
279,3,5934842314752,1,64,2097152,131072,131072,0,0,0,131072,0,tasks
279,4,5934842445824,4,64,2228224,524288,131072,0,0,0,524288,0,locations.xs
279,5,5934842970112,4,64,2752512,524288,131072,0,0,0,524288,0,locations.ys
279,6,5934843494400,4,64,3276800,524288,131072,0,0,0,524288,0,locations.zs
279,7,5934844018688,4,64,3801088,524288,131072,0,0,0,524288,0,desired_move_locations.xs
279,8,5934844542976,4,64,4325376,524288,131072,0,0,0,524288,0,desired_move_locations.ys
279,9,5934845067264,4,64,4849664,524288,131072,0,0,0,524288,0,desired_move_locations.zs
279,10,5934845591552,4,64,5373952,524288,131072,0,0,0,524288,0,aim_directions.xs
279,11,5934846115840,4,64,5898240,524288,131072,0,0,0,524288,0,aim_directions.ys
279,12,5934846640128,4,64,6422528,524288,131072,0,0,0,524288,0,aim_directions.zs
279,13,5934847164416,4,64,6946816,524288,131072,0,0,0,524288,0,desired_aiming_directions.xs
279,14,5934847688704,4,64,7471104,524288,131072,0,0,0,524288,0,desired_aiming_directions.ys
279,15,5934848212992,4,64,7995392,524288,131072,0,0,0,524288,0,desired_aiming_directions.zs
279,16,5934848737280,4,64,8519680,524288,131072,0,0,0,524288,0,movement_directions.xs
279,17,5934849261568,4,64,9043968,524288,131072,0,0,0,524288,0,movement_directions.ys
279,18,5934849785856,4,64,9568256,524288,131072,0,0,0,524288,0,movement_directions.zs
279,19,5934850310144,4,64,10092544,524288,131072,0,0,0,524288,0,velocities.xs
279,20,5934850834432,4,64,10616832,524288,131072,0,0,0,524288,0,velocities.ys
279,21,5934851358720,4,64,11141120,524288,131072,0,0,0,524288,0,velocities.zs
279,22,5934851883008,4,64,11665408,524288,131072,0,0,0,524288,0,move_distances
279,23,5934852407296,4,64,12189696,524288,131072,0,0,0,524288,0,speeds
279,24,5934852931584,1,64,12713984,131072,131072,0,0,0,131072,0,teams
279,25,5934853062656,4,64,12845056,524288,131072,0,0,0,524288,0,healths
279,26,5934853586944,8,64,13369344,1048576,131072,0,0,0,1048576,0,parent_handles
279,27,5934854635520,1,64,14417920,131072,131072,0,0,0,131072,0,awareness_scan_countdowns.counters
279,28,5934854766592,2,64,14548992,262144,131072,0,0,0,262144,0,navigation_update_countdowns.remaining_ticks
279,29,5934855028736,2,64,14811136,262144,131072,0,0,0,262144,0,navigation_update_countdowns.periods
279,30,5934855290880,4,64,15073280,524288,131072,0,0,0,524288,0,separation_steering.xs
279,31,5934855815168,4,64,15597568,524288,131072,0,0,0,524288,0,separation_steering.ys
279,32,5934856339456,4,64,16121856,524288,131072,0,0,0,524288,0,separation_steering.zs
279,33,5934856863744,1,64,16646144,131072,131072,0,0,0,131072,0,navigation_risk_tiers
279,34,5934856994816,1,64,16777216,131072,131072,0,0,0,131072,0,navigation_lower_risk_scan_counts
279,35,5934857125888,1,64,16908288,131072,131072,0,0,0,131072,0,avoidance_choice_indices
279,36,5934857256960,1,64,17039360,131072,131072,0,0,0,131072,0,avoidance_clear_scan_counts
279,37,5934857388032,2,64,17170432,262144,131072,0,0,0,262144,0,attack_reposition_countdowns.counters
279,38,5934857650176,2,64,17432576,262144,131072,0,0,0,262144,0,attack_cooldowns.counters
279,39,5934857912320,8,64,17694720,1048576,131072,0,0,0,1048576,0,target_handles
279,40,5934858960896,4,64,18743296,524288,131072,0,0,0,524288,0,target_locations.xs
279,41,5934859485184,4,64,19267584,524288,131072,0,0,0,524288,0,target_locations.ys
279,42,5934860009472,4,64,19791872,524288,131072,0,0,0,524288,0,target_locations.zs
279,43,5934860533760,4,64,20316160,524288,131072,0,0,0,524288,0,target_velocities.xs
279,44,5934861058048,4,64,20840448,524288,131072,0,0,0,524288,0,target_velocities.ys
279,45,5934861582336,4,64,21364736,524288,131072,0,0,0,524288,0,target_velocities.zs
279,46,5934862106624,4,64,21889024,524288,131072,0,0,0,524288,0,target_directions.xs
279,47,5934862630912,4,64,22413312,524288,131072,0,0,0,524288,0,target_directions.ys
279,48,5934863155200,4,64,22937600,524288,131072,0,0,0,524288,0,target_directions.zs
279,49,5934863679488,4,64,23461888,524288,131072,0,0,0,524288,0,intercept_times
279,50,5934864203776,4,64,23986176,524288,131072,0,0,0,524288,0,target_distance_sq
279,51,5934864728064,4,64,24510464,524288,131072,0,0,0,524288,0,target_distances
279,52,5934865252352,4,64,25034752,524288,131072,0,0,0,,,target_radii
280,0,3658808819712,4,64,0,300032,75008,0,0,0,300224,192,bundle0.positions
280,1,3658809119936,4,64,300224,300032,75008,0,1216,38080,300224,192,bundle0.velocities
280,2,3658809420160,32,64,600448,2400256,75008,0,2432,10624,2400448,192,bundle0.aligned32
280,3,3658811820608,64,64,3000896,4800512,75008,0,2624,51776,4800704,192,bundle0.aligned64
280,4,3658816621312,256,256,7801600,19202048,75008,0,2816,2816,19202240,192,bundle0.aligned256
280,5,3658835823552,4,64,27003840,300032,75008,0,3008,3008,300224,192,bundle1.positions
280,6,3658836123776,4,64,27304064,300032,75008,0,128,41088,300224,192,bundle1.velocities
280,7,3658836424000,32,64,27604288,2400256,75008,0,1344,13632,2400448,192,bundle1.aligned32
280,8,3658838824448,64,64,30004736,4800512,75008,0,1536,54784,4800768,256,bundle1.aligned64
280,9,3658843625216,256,256,34805504,19202048,75008,0,1792,5888,19202240,192,bundle1.aligned256
280,10,3658862827456,4,64,54007744,300032,75008,0,1984,6080,300224,192,bundle2.positions
280,11,3658863127680,4,64,54307968,300032,75008,0,3200,44160,300224,192,bundle2.velocities
280,12,3658863427904,32,64,54608192,2400256,75008,0,320,16704,2400448,192,bundle2.aligned32
280,13,3658865828352,64,64,57008640,4800512,75008,0,512,57856,4800768,256,bundle2.aligned64
280,14,3658870629120,256,256,61809408,19202048,75008,0,768,8960,,,bundle2.aligned256
281,0,3006242226176,4,64,0,524288,131072,0,0,0,524352,64,bundle0.positions
281,1,3006242750528,4,64,524352,524288,131072,0,64,64,524352,64,bundle0.velocities
281,2,3006243274880,32,64,1048704,4194304,131072,0,128,128,4194368,64,bundle0.aligned32
281,3,3006247469248,64,64,5243072,8388608,131072,0,192,192,8388672,64,bundle0.aligned64
281,4,3006255857920,256,256,13631744,33554432,131072,0,256,256,33554496,64,bundle0.aligned256
281,5,3006289412416,4,64,47186240,524288,131072,0,320,320,524352,64,bundle1.positions
281,6,3006289936768,4,64,47710592,524288,131072,0,384,384,524352,64,bundle1.velocities
281,7,3006290461120,32,64,48234944,4194304,131072,0,448,448,4194368,64,bundle1.aligned32
281,8,3006294655488,64,64,52429312,8388608,131072,0,512,512,8388864,256,bundle1.aligned64
281,9,3006303044352,256,256,60818176,33554432,131072,0,768,768,33554496,64,bundle1.aligned256
281,10,3006336598848,4,64,94372672,524288,131072,0,832,832,524352,64,bundle2.positions
281,11,3006337123200,4,64,94897024,524288,131072,0,896,896,524352,64,bundle2.velocities
281,12,3006337647552,32,64,95421376,4194304,131072,0,960,960,4194368,64,bundle2.aligned32
281,13,3006341841920,64,64,99615744,8388608,131072,0,1024,1024,8388864,256,bundle2.aligned64
281,14,3006350230784,256,256,108004608,33554432,131072,0,1280,1280,,,bundle2.aligned256
282,0,3506573082624,8,64,0,600064,75008,0,0,0,600128,64,entity_handles
282,1,3506573682752,4,64,600128,300032,75008,0,2112,10304,300096,64,integral_biases
282,2,3506573982848,4,64,900224,300032,75008,0,3200,48256,300096,64,float_biases
282,3,3506574282944,1,64,1200320,75008,75008,0,192,20672,75072,64,tasks
282,4,3506574358016,4,64,1275392,300032,75008,0,1536,30208,300096,64,locations.xs
282,5,3506574658112,4,64,1575488,300032,75008,0,2624,2624,300096,64,locations.ys
282,6,3506574958208,4,64,1875584,300032,75008,0,3712,40576,300096,64,locations.zs
282,7,3506575258304,4,64,2175680,300032,75008,0,704,12992,300096,64,desired_move_locations.xs
282,8,3506575558400,4,64,2475776,300032,75008,0,1792,50944,300096,64,desired_move_locations.ys
282,9,3506575858496,4,64,2775872,300032,75008,0,2880,23360,300096,64,desired_move_locations.zs
282,10,3506576158592,4,64,3075968,300032,75008,0,3968,61312,300096,64,aim_directions.xs
282,11,3506576458688,4,64,3376064,300032,75008,0,960,33728,300096,64,aim_directions.ys
282,12,3506576758784,4,64,3676160,300032,75008,0,2048,6144,300096,64,aim_directions.zs
282,13,3506577058880,4,64,3976256,300032,75008,0,3136,44096,300096,64,desired_aiming_directions.xs
282,14,3506577358976,4,64,4276352,300032,75008,0,128,16512,300096,64,desired_aiming_directions.ys
282,15,3506577659072,4,64,4576448,300032,75008,0,1216,54464,300096,64,desired_aiming_directions.zs
282,16,3506577959168,4,64,4876544,300032,75008,0,2304,26880,300096,64,movement_directions.xs
282,17,3506578259264,4,64,5176640,300032,75008,0,3392,64832,300096,64,movement_directions.ys
282,18,3506578559360,4,64,5476736,300032,75008,0,384,37248,300096,64,movement_directions.zs
282,19,3506578859456,4,64,5776832,300032,75008,0,1472,9664,300096,64,velocities.xs
282,20,3506579159552,4,64,6076928,300032,75008,0,2560,47616,300096,64,velocities.ys
282,21,3506579459648,4,64,6377024,300032,75008,0,3648,20032,300096,64,velocities.zs
282,22,3506579759744,4,64,6677120,300032,75008,0,640,57984,300096,64,move_distances
282,23,3506580059840,4,64,6977216,300032,75008,0,1728,30400,300096,64,speeds
282,24,3506580359936,1,64,7277312,75008,75008,0,2816,2816,75072,64,teams
282,25,3506580435008,4,64,7352384,300032,75008,0,64,12352,300096,64,healths
282,26,3506580735104,8,64,7652480,600064,75008,0,1152,50304,600128,64,parent_handles
282,27,3506581335232,1,64,8252608,75008,75008,0,3264,60608,75072,64,awareness_scan_countdowns.counters
282,28,3506581410304,2,64,8327680,150016,75008,0,512,4608,150080,64,navigation_update_countdowns.remaining_ticks
282,29,3506581560384,2,64,8477760,150016,75008,0,3136,23616,150080,64,navigation_update_countdowns.periods
282,30,3506581710464,4,64,8627840,300032,75008,0,1664,42624,300096,64,separation_steering.xs
282,31,3506582010560,4,64,8927936,300032,75008,0,2752,15040,300096,64,separation_steering.ys
282,32,3506582310656,4,64,9228032,300032,75008,0,3840,52992,300096,64,separation_steering.zs
282,33,3506582610752,1,64,9528128,75008,75008,0,832,25408,75072,64,navigation_risk_tiers
282,34,3506582685824,1,64,9603200,75008,75008,0,2176,34944,75072,64,navigation_lower_risk_scan_counts
282,35,3506582760896,1,64,9678272,75008,75008,0,3520,44480,75072,64,avoidance_choice_indices
282,36,3506582835968,1,64,9753344,75008,75008,0,768,54016,75072,64,avoidance_clear_scan_counts
282,37,3506582911040,2,64,9828416,150016,75008,0,2112,63552,150080,64,attack_reposition_countdowns.counters
282,38,3506583061120,2,64,9978496,150016,75008,0,640,17024,150080,64,attack_cooldowns.counters
282,39,3506583211200,8,64,10128576,600064,75008,0,3264,36032,600128,64,target_handles
282,40,3506583811328,4,64,10728704,300032,75008,0,1280,46336,300096,64,target_locations.xs
282,41,3506584111424,4,64,11028800,300032,75008,0,2368,18752,300096,64,target_locations.ys
282,42,3506584411520,4,64,11328896,300032,75008,0,3456,56704,300096,64,target_locations.zs
282,43,3506584711616,4,64,11628992,300032,75008,0,448,29120,300096,64,target_velocities.xs
282,44,3506585011712,4,64,11929088,300032,75008,0,1536,1536,300096,64,target_velocities.ys
282,45,3506585311808,4,64,12229184,300032,75008,0,2624,39488,300096,64,target_velocities.zs
282,46,3506585611904,4,64,12529280,300032,75008,0,3712,11904,300096,64,target_directions.xs
282,47,3506585912000,4,64,12829376,300032,75008,0,704,49856,300096,64,target_directions.ys
282,48,3506586212096,4,64,13129472,300032,75008,0,1792,22272,300096,64,target_directions.zs
282,49,3506586512192,4,64,13429568,300032,75008,0,2880,60224,300096,64,intercept_times
282,50,3506586812288,4,64,13729664,300032,75008,0,3968,32640,300096,64,target_distance_sq
282,51,3506587112384,4,64,14029760,300032,75008,0,960,5056,300096,64,target_distances
282,52,3506587412480,4,64,14329856,300032,75008,0,2048,43008,,,target_radii
283,0,3761855201280,8,64,0,1048576,131072,0,0,0,1048576,0,entity_handles
283,1,3761856249856,4,64,1048576,524288,131072,0,0,0,524288,0,integral_biases
283,2,3761856774144,4,64,1572864,524288,131072,0,0,0,524288,0,float_biases
283,3,3761857298432,1,64,2097152,131072,131072,0,0,0,131072,0,tasks
283,4,3761857429504,4,64,2228224,524288,131072,0,0,0,524288,0,locations.xs
283,5,3761857953792,4,64,2752512,524288,131072,0,0,0,524288,0,locations.ys
283,6,3761858478080,4,64,3276800,524288,131072,0,0,0,524288,0,locations.zs
283,7,3761859002368,4,64,3801088,524288,131072,0,0,0,524288,0,desired_move_locations.xs
283,8,3761859526656,4,64,4325376,524288,131072,0,0,0,524288,0,desired_move_locations.ys
283,9,3761860050944,4,64,4849664,524288,131072,0,0,0,524288,0,desired_move_locations.zs
283,10,3761860575232,4,64,5373952,524288,131072,0,0,0,524288,0,aim_directions.xs
283,11,3761861099520,4,64,5898240,524288,131072,0,0,0,524288,0,aim_directions.ys
283,12,3761861623808,4,64,6422528,524288,131072,0,0,0,524288,0,aim_directions.zs
283,13,3761862148096,4,64,6946816,524288,131072,0,0,0,524288,0,desired_aiming_directions.xs
283,14,3761862672384,4,64,7471104,524288,131072,0,0,0,524288,0,desired_aiming_directions.ys
283,15,3761863196672,4,64,7995392,524288,131072,0,0,0,524288,0,desired_aiming_directions.zs
283,16,3761863720960,4,64,8519680,524288,131072,0,0,0,524288,0,movement_directions.xs
283,17,3761864245248,4,64,9043968,524288,131072,0,0,0,524288,0,movement_directions.ys
283,18,3761864769536,4,64,9568256,524288,131072,0,0,0,524288,0,movement_directions.zs
283,19,3761865293824,4,64,10092544,524288,131072,0,0,0,524288,0,velocities.xs
283,20,3761865818112,4,64,10616832,524288,131072,0,0,0,524288,0,velocities.ys
283,21,3761866342400,4,64,11141120,524288,131072,0,0,0,524288,0,velocities.zs
283,22,3761866866688,4,64,11665408,524288,131072,0,0,0,524288,0,move_distances
283,23,3761867390976,4,64,12189696,524288,131072,0,0,0,524288,0,speeds
283,24,3761867915264,1,64,12713984,131072,131072,0,0,0,131072,0,teams
283,25,3761868046336,4,64,12845056,524288,131072,0,0,0,524288,0,healths
283,26,3761868570624,8,64,13369344,1048576,131072,0,0,0,1048576,0,parent_handles
283,27,3761869619200,1,64,14417920,131072,131072,0,0,0,131072,0,awareness_scan_countdowns.counters
283,28,3761869750272,2,64,14548992,262144,131072,0,0,0,262144,0,navigation_update_countdowns.remaining_ticks
283,29,3761870012416,2,64,14811136,262144,131072,0,0,0,262144,0,navigation_update_countdowns.periods
283,30,3761870274560,4,64,15073280,524288,131072,0,0,0,524288,0,separation_steering.xs
283,31,3761870798848,4,64,15597568,524288,131072,0,0,0,524288,0,separation_steering.ys
283,32,3761871323136,4,64,16121856,524288,131072,0,0,0,524288,0,separation_steering.zs
283,33,3761871847424,1,64,16646144,131072,131072,0,0,0,131072,0,navigation_risk_tiers
283,34,3761871978496,1,64,16777216,131072,131072,0,0,0,131072,0,navigation_lower_risk_scan_counts
283,35,3761872109568,1,64,16908288,131072,131072,0,0,0,131072,0,avoidance_choice_indices
283,36,3761872240640,1,64,17039360,131072,131072,0,0,0,131072,0,avoidance_clear_scan_counts
283,37,3761872371712,2,64,17170432,262144,131072,0,0,0,262144,0,attack_reposition_countdowns.counters
283,38,3761872633856,2,64,17432576,262144,131072,0,0,0,262144,0,attack_cooldowns.counters
283,39,3761872896000,8,64,17694720,1048576,131072,0,0,0,1048576,0,target_handles
283,40,3761873944576,4,64,18743296,524288,131072,0,0,0,524288,0,target_locations.xs
283,41,3761874468864,4,64,19267584,524288,131072,0,0,0,524288,0,target_locations.ys
283,42,3761874993152,4,64,19791872,524288,131072,0,0,0,524288,0,target_locations.zs
283,43,3761875517440,4,64,20316160,524288,131072,0,0,0,524288,0,target_velocities.xs
283,44,3761876041728,4,64,20840448,524288,131072,0,0,0,524288,0,target_velocities.ys
283,45,3761876566016,4,64,21364736,524288,131072,0,0,0,524288,0,target_velocities.zs
283,46,3761877090304,4,64,21889024,524288,131072,0,0,0,524288,0,target_directions.xs
283,47,3761877614592,4,64,22413312,524288,131072,0,0,0,524288,0,target_directions.ys
283,48,3761878138880,4,64,22937600,524288,131072,0,0,0,524288,0,target_directions.zs
283,49,3761878663168,4,64,23461888,524288,131072,0,0,0,524288,0,intercept_times
283,50,3761879187456,4,64,23986176,524288,131072,0,0,0,524288,0,target_distance_sq
283,51,3761879711744,4,64,24510464,524288,131072,0,0,0,524288,0,target_distances
283,52,3761880236032,4,64,25034752,524288,131072,0,0,0,,,target_radii
284,0,5312875266048,8,64,0,1048576,131072,0,0,0,1048576,0,entity_handles
284,1,5312876314624,4,64,1048576,524288,131072,0,0,0,524288,0,integral_biases
284,2,5312876838912,4,64,1572864,524288,131072,0,0,0,524288,0,float_biases
284,3,5312877363200,1,64,2097152,131072,131072,0,0,0,131072,0,tasks
284,4,5312877494272,4,64,2228224,524288,131072,0,0,0,524288,0,locations.xs
284,5,5312878018560,4,64,2752512,524288,131072,0,0,0,524288,0,locations.ys
284,6,5312878542848,4,64,3276800,524288,131072,0,0,0,524288,0,locations.zs
284,7,5312879067136,4,64,3801088,524288,131072,0,0,0,524288,0,desired_move_locations.xs
284,8,5312879591424,4,64,4325376,524288,131072,0,0,0,524288,0,desired_move_locations.ys
284,9,5312880115712,4,64,4849664,524288,131072,0,0,0,524288,0,desired_move_locations.zs
284,10,5312880640000,4,64,5373952,524288,131072,0,0,0,524288,0,aim_directions.xs
284,11,5312881164288,4,64,5898240,524288,131072,0,0,0,524288,0,aim_directions.ys
284,12,5312881688576,4,64,6422528,524288,131072,0,0,0,524288,0,aim_directions.zs
284,13,5312882212864,4,64,6946816,524288,131072,0,0,0,524288,0,desired_aiming_directions.xs
284,14,5312882737152,4,64,7471104,524288,131072,0,0,0,524288,0,desired_aiming_directions.ys
284,15,5312883261440,4,64,7995392,524288,131072,0,0,0,524288,0,desired_aiming_directions.zs
284,16,5312883785728,4,64,8519680,524288,131072,0,0,0,524288,0,movement_directions.xs
284,17,5312884310016,4,64,9043968,524288,131072,0,0,0,524288,0,movement_directions.ys
284,18,5312884834304,4,64,9568256,524288,131072,0,0,0,524288,0,movement_directions.zs
284,19,5312885358592,4,64,10092544,524288,131072,0,0,0,524288,0,velocities.xs
284,20,5312885882880,4,64,10616832,524288,131072,0,0,0,524288,0,velocities.ys
284,21,5312886407168,4,64,11141120,524288,131072,0,0,0,524288,0,velocities.zs
284,22,5312886931456,4,64,11665408,524288,131072,0,0,0,524288,0,move_distances
284,23,5312887455744,4,64,12189696,524288,131072,0,0,0,524288,0,speeds
284,24,5312887980032,1,64,12713984,131072,131072,0,0,0,131072,0,teams
284,25,5312888111104,4,64,12845056,524288,131072,0,0,0,524288,0,healths
284,26,5312888635392,8,64,13369344,1048576,131072,0,0,0,1048576,0,parent_handles
284,27,5312889683968,1,64,14417920,131072,131072,0,0,0,131072,0,awareness_scan_countdowns.counters
284,28,5312889815040,2,64,14548992,262144,131072,0,0,0,262144,0,navigation_update_countdowns.remaining_ticks
284,29,5312890077184,2,64,14811136,262144,131072,0,0,0,262144,0,navigation_update_countdowns.periods
284,30,5312890339328,4,64,15073280,524288,131072,0,0,0,524288,0,separation_steering.xs
284,31,5312890863616,4,64,15597568,524288,131072,0,0,0,524288,0,separation_steering.ys
284,32,5312891387904,4,64,16121856,524288,131072,0,0,0,524288,0,separation_steering.zs
284,33,5312891912192,1,64,16646144,131072,131072,0,0,0,131072,0,navigation_risk_tiers
284,34,5312892043264,1,64,16777216,131072,131072,0,0,0,131072,0,navigation_lower_risk_scan_counts
284,35,5312892174336,1,64,16908288,131072,131072,0,0,0,131072,0,avoidance_choice_indices
284,36,5312892305408,1,64,17039360,131072,131072,0,0,0,131072,0,avoidance_clear_scan_counts
284,37,5312892436480,2,64,17170432,262144,131072,0,0,0,262144,0,attack_reposition_countdowns.counters
284,38,5312892698624,2,64,17432576,262144,131072,0,0,0,262144,0,attack_cooldowns.counters
284,39,5312892960768,8,64,17694720,1048576,131072,0,0,0,1048576,0,target_handles
284,40,5312894009344,4,64,18743296,524288,131072,0,0,0,524288,0,target_locations.xs
284,41,5312894533632,4,64,19267584,524288,131072,0,0,0,524288,0,target_locations.ys
284,42,5312895057920,4,64,19791872,524288,131072,0,0,0,524288,0,target_locations.zs
284,43,5312895582208,4,64,20316160,524288,131072,0,0,0,524288,0,target_velocities.xs
284,44,5312896106496,4,64,20840448,524288,131072,0,0,0,524288,0,target_velocities.ys
284,45,5312896630784,4,64,21364736,524288,131072,0,0,0,524288,0,target_velocities.zs
284,46,5312897155072,4,64,21889024,524288,131072,0,0,0,524288,0,target_directions.xs
284,47,5312897679360,4,64,22413312,524288,131072,0,0,0,524288,0,target_directions.ys
284,48,5312898203648,4,64,22937600,524288,131072,0,0,0,524288,0,target_directions.zs
284,49,5312898727936,4,64,23461888,524288,131072,0,0,0,524288,0,intercept_times
284,50,5312899252224,4,64,23986176,524288,131072,0,0,0,524288,0,target_distance_sq
284,51,5312899776512,4,64,24510464,524288,131072,0,0,0,524288,0,target_distances
284,52,5312900300800,4,64,25034752,524288,131072,0,0,0,,,target_radii
285,0,4654435926016,4,64,0,524288,131072,0,0,0,524288,0,bundle0.positions
285,1,4654436450304,4,64,524288,524288,131072,0,0,0,524288,0,bundle0.velocities
285,2,4654436974592,32,64,1048576,4194304,131072,0,0,0,4194304,0,bundle0.aligned32
285,3,4654441168896,64,64,5242880,8388608,131072,0,0,0,8388608,0,bundle0.aligned64
285,4,4654449557504,256,256,13631488,33554432,131072,0,0,0,33554432,0,bundle0.aligned256
285,5,4654483111936,4,64,47185920,524288,131072,0,0,0,524288,0,bundle1.positions
285,6,4654483636224,4,64,47710208,524288,131072,0,0,0,524288,0,bundle1.velocities
285,7,4654484160512,32,64,48234496,4194304,131072,0,0,0,4194304,0,bundle1.aligned32
285,8,4654488354816,64,64,52428800,8388608,131072,0,0,0,8388608,0,bundle1.aligned64
285,9,4654496743424,256,256,60817408,33554432,131072,0,0,0,33554432,0,bundle1.aligned256
285,10,4654530297856,4,64,94371840,524288,131072,0,0,0,524288,0,bundle2.positions
285,11,4654530822144,4,64,94896128,524288,131072,0,0,0,524288,0,bundle2.velocities
285,12,4654531346432,32,64,95420416,4194304,131072,0,0,0,4194304,0,bundle2.aligned32
285,13,4654535540736,64,64,99614720,8388608,131072,0,0,0,8388608,0,bundle2.aligned64
285,14,4654543929344,256,256,108003328,33554432,131072,0,0,0,,,bundle2.aligned256
286,0,5179999715328,1,64,0,75008,75008,0,0,0,75008,0,bundle0.flags
286,1,5179999790336,2,64,75008,150016,75008,0,1280,9472,150016,0,bundle0.counters
286,2,5179999940352,4,64,225024,300032,75008,0,3840,28416,300032,0,bundle0.counts
286,3,5180000240384,8,64,525056,600064,75008,0,768,768,600064,0,bundle0.totals
286,4,5180000840448,3,64,1125120,225024,75008,0,2816,11008,225024,0,bundle0.payloads
286,5,5180001065472,4,64,1350144,300032,75008,0,2560,39424,300032,0,bundle0.values
286,6,5180001365504,8,64,1650176,600064,75008,0,3584,11776,600064,0,bundle0.rates
286,7,5180001965568,1,64,2250240,75008,75008,0,1536,22016,75008,0,bundle1.flags
286,8,5180002040576,2,64,2325248,150016,75008,0,2816,31488,150016,0,bundle1.counters
286,9,5180002190592,4,64,2475264,300032,75008,0,1280,50432,300032,0,bundle1.counts
286,10,5180002490624,8,64,2775296,600064,75008,0,2304,22784,600064,0,bundle1.totals
286,11,5180003090688,3,64,3375360,225024,75008,0,256,33024,225024,0,bundle1.payloads
286,12,5180003315712,4,64,3600384,300032,75008,0,0,61440,300032,0,bundle1.values
286,13,5180003615744,8,64,3900416,600064,75008,0,1024,33792,600064,0,bundle1.rates
286,14,5180004215808,1,64,4500480,75008,75008,0,3072,44032,75008,0,bundle2.flags
286,15,5180004290816,2,64,4575488,150016,75008,0,256,53504,150016,0,bundle2.counters
286,16,5180004440832,4,64,4725504,300032,75008,0,2816,6912,300032,0,bundle2.counts
286,17,5180004740864,8,64,5025536,600064,75008,0,3840,44800,600064,0,bundle2.totals
286,18,5180005340928,3,64,5625600,225024,75008,0,1792,55040,225024,0,bundle2.payloads
286,19,5180005565952,4,64,5850624,300032,75008,0,1536,17920,300032,0,bundle2.values
286,20,5180005865984,8,64,6150656,600064,75008,0,2560,55808,600064,0,bundle2.rates
286,21,5180006466048,1,64,6750720,75008,75008,0,512,512,75008,0,bundle3.flags
286,22,5180006541056,2,64,6825728,150016,75008,0,1792,9984,150016,0,bundle3.counters
286,23,5180006691072,4,64,6975744,300032,75008,0,256,28928,300032,0,bundle3.counts
286,24,5180006991104,8,64,7275776,600064,75008,0,1280,1280,600064,0,bundle3.totals
286,25,5180007591168,3,64,7875840,225024,75008,0,3328,11520,225024,0,bundle3.payloads
286,26,5180007816192,4,64,8100864,300032,75008,0,3072,39936,300032,0,bundle3.values
286,27,5180008116224,8,64,8400896,600064,75008,0,0,12288,600064,0,bundle3.rates
286,28,5180008716288,1,64,9000960,75008,75008,0,2048,22528,75008,0,bundle4.flags
286,29,5180008791296,2,64,9075968,150016,75008,0,3328,32000,150016,0,bundle4.counters
286,30,5180008941312,4,64,9225984,300032,75008,0,1792,50944,300032,0,bundle4.counts
286,31,5180009241344,8,64,9526016,600064,75008,0,2816,23296,600064,0,bundle4.totals
286,32,5180009841408,3,64,10126080,225024,75008,0,768,33536,225024,0,bundle4.payloads
286,33,5180010066432,4,64,10351104,300032,75008,0,512,61952,300032,0,bundle4.values
286,34,5180010366464,8,64,10651136,600064,75008,0,1536,34304,600064,0,bundle4.rates
286,35,5180010966528,1,64,11251200,75008,75008,0,3584,44544,75008,0,bundle5.flags
286,36,5180011041536,2,64,11326208,150016,75008,0,768,54016,150016,0,bundle5.counters
286,37,5180011191552,4,64,11476224,300032,75008,0,3328,7424,300032,0,bundle5.counts
286,38,5180011491584,8,64,11776256,600064,75008,0,256,45312,600064,0,bundle5.totals
286,39,5180012091648,3,64,12376320,225024,75008,0,2304,55552,225024,0,bundle5.payloads
286,40,5180012316672,4,64,12601344,300032,75008,0,2048,18432,300032,0,bundle5.values
286,41,5180012616704,8,64,12901376,600064,75008,0,3072,56320,,,bundle5.rates
287,0,2575370485760,8,64,0,1048576,131072,0,0,0,1048576,0,positions0.xs
287,1,2575371534336,8,64,1048576,1048576,131072,0,0,0,1048576,0,positions0.ys
287,2,2575372582912,8,64,2097152,1048576,131072,0,0,0,1048576,0,positions0.zs
287,3,2575373631488,8,64,3145728,1048576,131072,0,0,0,1048576,0,velocities0.xs
287,4,2575374680064,8,64,4194304,1048576,131072,0,0,0,1048576,0,velocities0.ys
287,5,2575375728640,8,64,5242880,1048576,131072,0,0,0,1048576,0,velocities0.zs
287,6,2575376777216,8,64,6291456,1048576,131072,0,0,0,1048576,0,positions1.xs
287,7,2575377825792,8,64,7340032,1048576,131072,0,0,0,1048576,0,positions1.ys
287,8,2575378874368,8,64,8388608,1048576,131072,0,0,0,1048576,0,positions1.zs
287,9,2575379922944,8,64,9437184,1048576,131072,0,0,0,1048576,0,velocities1.xs
287,10,2575380971520,8,64,10485760,1048576,131072,0,0,0,1048576,0,velocities1.ys
287,11,2575382020096,8,64,11534336,1048576,131072,0,0,0,1048576,0,velocities1.zs
287,12,2575383068672,8,64,12582912,1048576,131072,0,0,0,1048576,0,positions2.xs
287,13,2575384117248,8,64,13631488,1048576,131072,0,0,0,1048576,0,positions2.ys
287,14,2575385165824,8,64,14680064,1048576,131072,0,0,0,1048576,0,positions2.zs
287,15,2575386214400,8,64,15728640,1048576,131072,0,0,0,1048576,0,velocities2.xs
287,16,2575387262976,8,64,16777216,1048576,131072,0,0,0,1048576,0,velocities2.ys
287,17,2575388311552,8,64,17825792,1048576,131072,0,0,0,1048576,0,velocities2.zs
287,18,2575389360128,8,64,18874368,1048576,131072,0,0,0,1048576,0,positions3.xs
287,19,2575390408704,8,64,19922944,1048576,131072,0,0,0,1048576,0,positions3.ys
287,20,2575391457280,8,64,20971520,1048576,131072,0,0,0,1048576,0,positions3.zs
287,21,2575392505856,8,64,22020096,1048576,131072,0,0,0,1048576,0,velocities3.xs
287,22,2575393554432,8,64,23068672,1048576,131072,0,0,0,1048576,0,velocities3.ys
287,23,2575394603008,8,64,24117248,1048576,131072,0,0,0,,,velocities3.zs
288,0,3770445135872,8,64,0,600064,75008,0,0,0,600256,192,entity_handles
288,1,3770445736128,4,64,600256,300032,75008,0,2240,10432,300224,192,integral_biases
288,2,3770446036352,4,64,900480,300032,75008,0,3456,48512,300224,192,float_biases
288,3,3770446336576,1,64,1200704,75008,75008,0,576,21056,75200,192,tasks
288,4,3770446411776,4,64,1275904,300032,75008,0,2048,30720,300224,192,locations.xs
288,5,3770446712000,4,64,1576128,300032,75008,0,3264,3264,300224,192,locations.ys
288,6,3770447012224,4,64,1876352,300032,75008,0,384,41344,300224,192,locations.zs
288,7,3770447312448,4,64,2176576,300032,75008,0,1600,13888,300224,192,desired_move_locations.xs
288,8,3770447612672,4,64,2476800,300032,75008,0,2816,51968,300224,192,desired_move_locations.ys
288,9,3770447912896,4,64,2777024,300032,75008,0,4032,24512,300224,192,desired_move_locations.zs
288,10,3770448213120,4,64,3077248,300032,75008,0,1152,62592,300224,192,aim_directions.xs
288,11,3770448513344,4,64,3377472,300032,75008,0,2368,35136,300224,192,aim_directions.ys
288,12,3770448813568,4,64,3677696,300032,75008,0,3584,7680,300224,192,aim_directions.zs
288,13,3770449113792,4,64,3977920,300032,75008,0,704,45760,300224,192,desired_aiming_directions.xs
288,14,3770449414016,4,64,4278144,300032,75008,0,1920,18304,300224,192,desired_aiming_directions.ys
288,15,3770449714240,4,64,4578368,300032,75008,0,3136,56384,300224,192,desired_aiming_directions.zs
288,16,3770450014464,4,64,4878592,300032,75008,0,256,28928,300224,192,movement_directions.xs
288,17,3770450314688,4,64,5178816,300032,75008,0,1472,1472,300224,192,movement_directions.ys
288,18,3770450614912,4,64,5479040,300032,75008,0,2688,39552,300224,192,movement_directions.zs
288,19,3770450915136,4,64,5779264,300032,75008,0,3904,12096,300224,192,velocities.xs
288,20,3770451215360,4,64,6079488,300032,75008,0,1024,50176,300224,192,velocities.ys
288,21,3770451515584,4,64,6379712,300032,75008,0,2240,22720,300224,192,velocities.zs
288,22,3770451815808,4,64,6679936,300032,75008,0,3456,60800,300224,192,move_distances
288,23,3770452116032,4,64,6980160,300032,75008,0,576,33344,300224,192,speeds
288,24,3770452416256,1,64,7280384,75008,75008,0,1792,5888,75200,192,teams
288,25,3770452491456,4,64,7355584,300032,75008,0,3264,15552,300224,192,healths
288,26,3770452791680,8,64,7655808,600064,75008,0,384,53632,600256,192,parent_handles
288,27,3770453391936,1,64,8256064,75008,75008,0,2624,64064,75200,192,awareness_scan_countdowns.counters
288,28,3770453467136,2,64,8331264,150016,75008,0,0,8192,150208,192,navigation_update_countdowns.remaining_ticks
288,29,3770453617344,2,64,8481472,150016,75008,0,2752,27328,150208,192,navigation_update_countdowns.periods
288,30,3770453767552,4,64,8631680,300032,75008,0,1408,46464,300224,192,separation_steering.xs
288,31,3770454067776,4,64,8931904,300032,75008,0,2624,19008,300224,192,separation_steering.ys
288,32,3770454368000,4,64,9232128,300032,75008,0,3840,57088,300224,192,separation_steering.zs
288,33,3770454668224,1,64,9532352,75008,75008,0,960,29632,75200,192,navigation_risk_tiers
288,34,3770454743424,1,64,9607552,75008,75008,0,2432,39296,75200,192,navigation_lower_risk_scan_counts
288,35,3770454818624,1,64,9682752,75008,75008,0,3904,48960,75200,192,avoidance_choice_indices
288,36,3770454893824,1,64,9757952,75008,75008,0,1280,58624,75200,192,avoidance_clear_scan_counts
288,37,3770454969024,2,64,9833152,150016,75008,0,2752,2752,150208,192,attack_reposition_countdowns.counters
288,38,3770455119232,2,64,9983360,150016,75008,0,1408,21888,150208,192,attack_cooldowns.counters
288,39,3770455269440,8,64,10133568,600064,75008,0,64,41024,600256,192,target_handles
288,40,3770455869696,4,64,10733824,300032,75008,0,2304,51456,300224,192,target_locations.xs
288,41,3770456169920,4,64,11034048,300032,75008,0,3520,24000,300224,192,target_locations.ys
288,42,3770456470144,4,64,11334272,300032,75008,0,640,62080,300224,192,target_locations.zs
288,43,3770456770368,4,64,11634496,300032,75008,0,1856,34624,300224,192,target_velocities.xs
288,44,3770457070592,4,64,11934720,300032,75008,0,3072,7168,300224,192,target_velocities.ys
288,45,3770457370816,4,64,12234944,300032,75008,0,192,45248,300224,192,target_velocities.zs
288,46,3770457671040,4,64,12535168,300032,75008,0,1408,17792,300224,192,target_directions.xs
288,47,3770457971264,4,64,12835392,300032,75008,0,2624,55872,300224,192,target_directions.ys
288,48,3770458271488,4,64,13135616,300032,75008,0,3840,28416,300224,192,target_directions.zs
288,49,3770458571712,4,64,13435840,300032,75008,0,960,960,300224,192,intercept_times
288,50,3770458871936,4,64,13736064,300032,75008,0,2176,39040,300224,192,target_distance_sq
288,51,3770459172160,4,64,14036288,300032,75008,0,3392,11584,300224,192,target_distances
288,52,3770459472384,4,64,14336512,300032,75008,0,512,49664,,,target_radii
